Workbook

Sheet Absolute counts
E1: 0 | F1: 0 | G1: 0 | H1: 0 | I1: 0 | J1: 0 | K1: 0 | L1: 1 | M1: 1 | N1: 1 | O1: 1 | P1: 1
A2: id | B2: name | C2: structure_order | D2: parent_id | E2: 67898 | F2: 190211 | G2: 191735 | H2: 212741 | I2: 277750 | J2: 340773 | K2: 340805 | L2: 190196 | M2: 190198 | N2: 340770 | O2: 340771 | P2: 343011 | Q2: Filter | R2: Cluster | S2: T-test | T2: Gem 0 | U2: Gem 1
A3: 0 | B3: background | C3: 0 | E3: 46349 | F3: 79639 | G3: 110831 | H3: 68308 | I3: 175627 | J3: 33015 | K3: 75427 | L3: 65514 | M3: 39420 | N3: 94696 | O3: 142784 | P3: 100623 | Q3: =IF(AND(T3=0,U3=0),0,1) -> 1 | R3: =SUMIFS(Tabel132[Cluster],Tabel132[ID],A3) -> 0 | S3: =IFERROR(_xlfn.T.TEST(E3:K3,L3:P3,2,2),"") -> 0.86732438 | T3: =AVERAGE(E3:K3) -> 84170.857 | U3: =AVERAGE(L3:P3) -> 88607.4
A4: 1 | B4: Tuberomammillary nucleus, ventral part | C4: 75500 | D4: 557 | E4: 1 | F4: 9 | G4: 0 | H4: 9 | I4: 0 | J4: 0 | K4: 51 | L4: 0 | M4: 4 | N4: 0 | O4: 37 | P4: 0 | Q4: =IF(AND(T4=0,U4=0),0,1) -> 1 | R4: =SUMIFS(Tabel132[Cluster],Tabel132[ID],A4) -> 84 | S4: =IFERROR(_xlfn.T.TEST(E4:K4,L4:P4,2,2),"") -> 0.86515611 | T4: =AVERAGE(E4:K4) -> 10 | U4: =AVERAGE(L4:P4) -> 8.2
A5: 2 | B5: Primary somatosensory area, mouth, layer 6b | C5: 6200 | D5: 345 | E5: 868 | F5: 566 | G5: 350 | H5: 1286 | I5: 749 | J5: 449 | K5: 908 | L5: 375 | M5: 460 | N5: 1112 | O5: 1790 | P5: 1218 | Q5: =IF(AND(T5=0,U5=0),0,1) -> 1 | R5: =SUMIFS(Tabel132[Cluster],Tabel132[ID],A5) -> 8 | S5: =IFERROR(_xlfn.T.TEST(E5:K5,L5:P5,2,2),"") -> 0.3565587 | T5: =AVERAGE(E5:K5) -> 739.42857 | U5: =AVERAGE(L5:P5) -> 991
A6: 3 | B6: secondary fissure | C6: 118200 | D6: 1040 | E6: 0 | F6: 0 | G6: 0 | H6: 0 | I6: 0 | J6: 0 | K6: 0 | L6: 0 | M6: 0 | N6: 0 | O6: 0 | P6: 0 | Q6: =IF(AND(T6=0,U6=0),0,1) -> 0 | R6: =SUMIFS(Tabel132[Cluster],Tabel132[ID],A6) -> 0 | S6: =IFERROR(_xlfn.T.TEST(E6:K6,L6:P6,2,2),"") | T6: =AVERAGE(E6:K6) -> 0 | U6: =AVERAGE(L6:P6) -> 0
A7: 4 | B7: Inferior colliculus | C7: 79100 | D7: 339 | E7: 4693 | F7: 2312 | G7: 2765 | H7: 7998 | I7: 71 | J7: 1448 | K7: 11220 | L7: 1154 | M7: 1074 | N7: 1035 | O7: 3654 | P7: 14627 | Q7: =IF(AND(T7=0,U7=0),0,1) -> 1 | R7: =SUMIFS(Tabel132[Cluster],Tabel132[ID],A7) -> 86 | S7: =IFERROR(_xlfn.T.TEST(E7:K7,L7:P7,2,2),"") -> 0.98638695 | T7: =AVERAGE(E7:K7) -> 4358.1429 | U7: =AVERAGE(L7:P7) -> 4308.8
A8: 6 | B8: internal capsule | C8: 107000 | D8: 784 | E8: 19720 | F8: 25407 | G8: 6901 | H8: 34310 | I8: 18622 | J8: 11954 | K8: 10693 | L8: 13587 | M8: 9854 | N8: 9324 | O8: 25262 | P8: 12287 | Q8: =IF(AND(T8=0,U8=0),0,1) -> 1 | R8: =SUMIFS(Tabel132[Cluster],Tabel132[ID],A8) -> 0 | S8: =IFERROR(_xlfn.T.TEST(E8:K8,L8:P8,2,2),"") -> 0.41683725 | T8: =AVERAGE(E8:K8) -> 18229.571 | U8: =AVERAGE(L8:P8) -> 14062.8
A9: 7 | B9: Principal sensory nucleus of the trigeminal | C9: 85300 | D9: 1132 | E9: 30 | F9: 155 | G9: 102 | H9: 622 | I9: 0 | J9: 238 | K9: 1821 | L9: 105 | M9: 990 | N9: 19 | O9: 19 | P9: 1645 | Q9: =IF(AND(T9=0,U9=0),0,1) -> 1 | R9: =SUMIFS(Tabel132[Cluster],Tabel132[ID],A9) -> 93 | S9: =IFERROR(_xlfn.T.TEST(E9:K9,L9:P9,2,2),"") -> 0.74956599 | T9: =AVERAGE(E9:K9) -> 424 | U9: =AVERAGE(L9:P9) -> 555.6
A10: 8 | B10: Basic cell groups and regions | C10: 100 | D10: 997 | E10: 0 | F10: 0 | G10: 0 | H10: 0 | I10: 0 | J10: 0 | K10: 0 | L10: 0 | M10: 0 | N10: 0 | O10: 0 | P10: 0 | Q10: =IF(AND(T10=0,U10=0),0,1) -> 0 | R10: =SUMIFS(Tabel132[Cluster],Tabel132[ID],A10) -> 0 | S10: =IFERROR(_xlfn.T.TEST(E10:K10,L10:P10,2,2),"") | T10: =AVERAGE(E10:K10) -> 0 | U10: =AVERAGE(L10:P10) -> 0
A11: 9 | B11: Primary somatosensory area, trunk, layer 6a | C11: 7500 | D11: 361 | E11: 922 | F11: 188 | G11: 151 | H11: 438 | I11: 241 | J11: 755 | K11: 520 | L11: 154 | M11: 554 | N11: 1115 | O11: 572 | P11: 711 | Q11: =IF(AND(T11=0,U11=0),0,1) -> 1 | R11: =SUMIFS(Tabel132[Cluster],Tabel132[ID],A11) -> 10 | S11: =IFERROR(_xlfn.T.TEST(E11:K11,L11:P11,2,2),"") -> 0.40218635 | T11: =AVERAGE(E11:K11) -> 459.28571 | U11: =AVERAGE(L11:P11) -> 621.2
A12: 10 | B12: Superior colliculus, motor related, intermediate gray layer | C12: 81100 | D12: 294 | E12: 2774 | F12: 921 | G12: 731 | H12: 4566 | I12: 1976 | J12: 742 | K12: 1408 | L12: 1032 | M12: 207 | N12: 4709 | O12: 1672 | P12: 7465 | Q12: =IF(AND(T12=0,U12=0),0,1) -> 1 | R12: =SUMIFS(Tabel132[Cluster],Tabel132[ID],A12) -> 89 | S12: =IFERROR(_xlfn.T.TEST(E12:K12,L12:P12,2,2),"") -> 0.39421882 | T12: =AVERAGE(E12:K12) -> 1874 | U12: =AVERAGE(L12:P12) -> 3017
A13: 11 | B13: posterolateral fissure | C13: 118300 | D13: 1040 | E13: 0 | F13: 0 | G13: 0 | H13: 0 | I13: 0 | J13: 0 | K13: 0 | L13: 0 | M13: 0 | N13: 0 | O13: 0 | P13: 0 | Q13: =IF(AND(T13=0,U13=0),0,1) -> 0 | R13: =SUMIFS(Tabel132[Cluster],Tabel132[ID],A13) -> 0 | S13: =IFERROR(_xlfn.T.TEST(E13:K13,L13:P13,2,2),"") | T13: =AVERAGE(E13:K13) -> 0 | U13: =AVERAGE(L13:P13) -> 0
A14: 12 | B14: Interfascicular nucleus raphÈ | C14: 84100 | D14: 165 | E14: 0 | F14: 0 | G14: 0 | H14: 0 | I14: 0 | J14: 0 | K14: 0 | L14: 0 | M14: 0 | N14: 0 | O14: 0 | P14: 0 | Q14: =IF(AND(T14=0,U14=0),0,1) -> 0 | R14: =SUMIFS(Tabel132[Cluster],Tabel132[ID],A14) -> 92 | S14: =IFERROR(_xlfn.T.TEST(E14:K14,L14:P14,2,2),"") | T14: =AVERAGE(E14:K14) -> 0 | U14: =AVERAGE(L14:P14) -> 0
A15: 14 | B15: internal medullary lamina of the thalamus | C15: 108200 | D15: 896 | E15: 4 | F15: 0 | G15: 0 | H15: 1 | I15: 5 | J15: 0 | K15: 3 | L15: 0 | M15: 0 | N15: 5 | O15: 0 | P15: 0 | Q15: =IF(AND(T15=0,U15=0),0,1) -> 1 | R15: =SUMIFS(Tabel132[Cluster],Tabel132[ID],A15) -> 0 | S15: =IFERROR(_xlfn.T.TEST(E15:K15,L15:P15,2,2),"") -> 0.51421637 | T15: =AVERAGE(E15:K15) -> 1.8571429 | U15: =AVERAGE(L15:P15) -> 1
... A988: 996 | B988: Agranular insular area, dorsal part, layer 1 | C988: 23500 | D988: 104 | E988: 1117 | F988: 3518 | G988: 1474 | H988: 957 | I988: 271 | J988: 965 | K988: 476 | L988: 1214 | M988: 1809 | N988: 2037 | O988: 2339 | P988: 794 | Q988: =IF(AND(T988=0,U988=0),0,1) -> 1 | R988: =SUMIFS(Tabel132[Cluster],Tabel132[ID],A988) -> 30 | S988: =IFERROR(_xlfn.T.TEST(E988:K988,L988:P988,2,2),"") -> 0.49268675 | T988: =AVERAGE(E988:K988) -> 1254 | U988: =AVERAGE(L988:P988) -> 1638.6
A989: 997 | B989: root | C989: 0 | E989: 1 | F989: 0 | G989: 3 | H989: 2 | I989: 0 | J989: 3 | K989: 0 | L989: 0 | M989: 0 | N989: 0 | O989: 7 | P989: 0 | Q989: =IF(AND(T989=0,U989=0),0,1) -> 1 | R989: =SUMIFS(Tabel132[Cluster],Tabel132[ID],A989) -> 0 | S989: =IFERROR(_xlfn.T.TEST(E989:K989,L989:P989,2,2),"") -> 0.93258765 | T989: =AVERAGE(E989:K989) -> 1.2857143 | U989: =AVERAGE(L989:P989) -> 1.4
A990: 998 | B990: Fundus of striatum | C990: 48500 | D990: 493 | E990: 439 | F990: 353 | G990: 254 | H990: 847 | I990: 369 | J990: 194 | K990: 599 | L990: 89 | M990: 49 | N990: 960 | O990: 304 | P990: 1302 | Q990: =IF(AND(T990=0,U990=0),0,1) -> 1 | R990: =SUMIFS(Tabel132[Cluster],Tabel132[ID],A990) -> 64 | S990: =IFERROR(_xlfn.T.TEST(E990:K990,L990:P990,2,2),"") -> 0.66097852 | T990: =AVERAGE(E990:K990) -> 436.42857 | U990: =AVERAGE(L990:P990) -> 540.8
A991: 999 | B991: Entorhinal area, lateral part, layer 2/3 | C991: 41600 | D991: 918 | E991: 0 | F991: 0 | G991: 0 | H991: 0 | I991: 0 | J991: 0 | K991: 0 | L991: 0 | M991: 0 | N991: 0 | O991: 0 | P991: 0 | Q991: =IF(AND(T991=0,U991=0),0,1) -> 0 | R991: =SUMIFS(Tabel132[Cluster],Tabel132[ID],A991) -> 54 | S991: =IFERROR(_xlfn.T.TEST(E991:K991,L991:P991,2,2),"") | T991: =AVERAGE(E991:K991) -> 0 | U991: =AVERAGE(L991:P991) -> 0
A992: 1000 | B992: extrapyramidal fiber systems | C992: 108500 | D992: 1009 | E992: 0 | F992: 0 | G992: 0 | H992: 0 | I992: 0 | J992: 0 | K992: 0 | L992: 0 | M992: 0 | N992: 0 | O992: 0 | P992: 0 | Q992: =IF(AND(T992=0,U992=0),0,1) -> 0 | R992: =SUMIFS(Tabel132[Cluster],Tabel132[ID],A992) -> 0 | S992: =IFERROR(_xlfn.T.TEST(E992:K992,L992:P992,2,2),"") | T992: =AVERAGE(E992:K992) -> 0 | U992: =AVERAGE(L992:P992) -> 0
A993: 1001 | B993: Lobule V | C993: 56800 | D993: 928 | E993: 0 | F993: 0 | G993: 0 | H993: 0 | I993: 0 | J993: 0 | K993: 0 | L993: 0 | M993: 0 | N993: 0 | O993: 0 | P993: 0 | Q993: =IF(AND(T993=0,U993=0),0,1) -> 0 | R993: =SUMIFS(Tabel132[Cluster],Tabel132[ID],A993) -> 0 | S993: =IFERROR(_xlfn.T.TEST(E993:K993,L993:P993,2,2),"") | T993: =AVERAGE(E993:K993) -> 0 | U993: =AVERAGE(L993:P993) -> 0
A994: 1002 | B994: Primary auditory area | C994: 11300 | D994: 247 | E994: 0 | F994: 0 | G994: 0 | H994: 0 | I994: 0 | J994: 0 | K994: 0 | L994: 0 | M994: 0 | N994: 0 | O994: 0 | P994: 0 | Q994: =IF(AND(T994=0,U994=0),0,1) -> 0 | R994: =SUMIFS(Tabel132[Cluster],Tabel132[ID],A994) -> 15 | S994: =IFERROR(_xlfn.T.TEST(E994:K994,L994:P994,2,2),"") | T994: =AVERAGE(E994:K994) -> 0 | U994: =AVERAGE(L994:P994) -> 0
A995: 1003 | B995: corticopontine tract | C995: 107400 | D995: 784 | E995: 0 | F995: 0 | G995: 0 | H995: 0 | I995: 0 | J995: 0 | K995: 0 | L995: 0 | M995: 0 | N995: 0 | O995: 0 | P995: 0 | Q995: =IF(AND(T995=0,U995=0),0,1) -> 0 | R995: =SUMIFS(Tabel132[Cluster],Tabel132[ID],A995) -> 0 | S995: =IFERROR(_xlfn.T.TEST(E995:K995,L995:P995,2,2),"") | T995: =AVERAGE(E995:K995) -> 0 | U995: =AVERAGE(L995:P995) -> 0
A996: 1004 | B996: Ventral premammillary nucleus | C996: 76100 | D996: 467 | E996: 0 | F996: 0 | G996: 0 | H996: 0 | I996: 0 | J996: 0 | K996: 10 | L996: 0 | M996: 1 | N996: 14 | O996: 31 | P996: 4 | Q996: =IF(AND(T996=0,U996=0),0,1) -> 1 | R996: =SUMIFS(Tabel132[Cluster],Tabel132[ID],A996) -> 84 | S996: =IFERROR(_xlfn.T.TEST(E996:K996,L996:P996,2,2),"") -> 0.12398386 | T996: =AVERAGE(E996:K996) -> 1.4285714 | U996: =AVERAGE(L996:P996) -> 10
A997: 1005 | B997: Primary auditory area, layer 6b | C997: 11900 | D997: 1002 | E997: 142 | F997: 147 | G997: 106 | H997: 375 | I997: 259 | J997: 141 | K997: 220 | L997: 175 | M997: 167 | N997: 370 | O997: 172 | P997: 190 | Q997: =IF(AND(T997=0,U997=0),0,1) -> 1 | R997: =SUMIFS(Tabel132[Cluster],Tabel132[ID],A997) -> 15 | S997: =IFERROR(_xlfn.T.TEST(E997:K997,L997:P997,2,2),"") -> 0.76771778 | T997: =AVERAGE(E997:K997) -> 198.57143 | U997: =AVERAGE(L997:P997) -> 214.8
A998: 1006 | B998: Primary somatosensory area, trunk, layer 1 | C998: 7100 | D998: 361 | E998: 217 | F998: 306 | G998: 280 | H998: 298 | I998: 558 | J998: 358 | K998: 1 | L998: 318 | M998: 175 | N998: 724 | O998: 530 | P998: 27 | Q998: =IF(AND(T998=0,U998=0),0,1) -> 1 | R998: =SUMIFS(Tabel132[Cluster],Tabel132[ID],A998) -> 10 | S998: =IFERROR(_xlfn.T.TEST(E998:K998,L998:P998,2,2),"") -> 0.61313801 | T998: =AVERAGE(E998:K998) -> 288.28571 | U998: =AVERAGE(L998:P998) -> 354.8
A999: 1007 | B999: Simple lobule | C999: 59700 | D999: 1073 | E999: 9 | F999: 98 | G999: 3135 | H999: 668 | I999: 2 | J999: 29 | K999: 155 | L999: 77 | M999: 15 | N999: 517 | O999: 537 | P999: 145 | Q999: =IF(AND(T999=0,U999=0),0,1) -> 1 | R999: =SUMIFS(Tabel132[Cluster],Tabel132[ID],A999) -> 0 | S999: =IFERROR(_xlfn.T.TEST(E999:K999,L999:P999,2,2),"") -> 0.5503585 | T999: =AVERAGE(E999:K999) -> 585.14286 | U999: =AVERAGE(L999:P999) -> 258.2
A1000: 1008 | B1000: Geniculate group, dorsal thalamus | C1000: 65000 | D1000: 864 | E1000: 0 | F1000: 0 | G1000: 0 | H1000: 0 | I1000: 0 | J1000: 0 | K1000: 0 | L1000: 0 | M1000: 0 | N1000: 0 | O1000: 0 | P1000: 0 | Q1000: =IF(AND(T1000=0,U1000=0),0,1) -> 0 | R1000: =SUMIFS(Tabel132[Cluster],Tabel132[ID],A1000) -> 77 | S1000: =IFERROR(_xlfn.T.TEST(E1000:K1000,L1000:P1000,2,2),"") | T1000: =AVERAGE(E1000:K1000) -> 0 | U1000: =AVERAGE(L1000:P1000) -> 0
A1001: 1009 | B1001: fiber tracts | C1001: 97200 | D1001: 997 | E1001: 17820 | F1001: 12658 | G1001: 2912 | H1001: 19111 | I1001: 9646 | J1001: 5937 | K1001: 5881 | L1001: 6995 | M1001: 5180 | N1001: 8993 | O1001: 16680 | P1001: 8199 | Q1001: =IF(AND(T1001=0,U1001=0),0,1) -> 1 | R1001: =SUMIFS(Tabel132[Cluster],Tabel132[ID],A1001) -> 0 | S1001: =IFERROR(_xlfn.T.TEST(E1001:K1001,L1001:P1001,2,2),"") -> 0.68641936 | T1001: =AVERAGE(E1001:K1001) -> 10566.429 | U1001: =AVERAGE(L1001:P1001) -> 9209.4
... A1244: 312782656 | B1244: Unlabeled | C1244: 300 | D1244: 688 | E1244: 586 | F1244: 605 | G1244: 877 | H1244: 236 | I1244: 549 | J1244: 310 | K1244: 481 | L1244: 443 | M1244: 403 | N1244: 395 | O1244: 455 | P1244: 339 | Q1244: =IF(AND(T1244=0,U1244=0),0,1) -> 1 | R1244: =SUMIFS(Tabel132[Cluster],Tabel132[ID],A1244) -> 0 | S1244: =IFERROR(_xlfn.T.TEST(E1244:K1244,L1244:P1244,2,2),"") -> 0.26888984 | T1244: =AVERAGE(E1244:K1244) -> 520.57143 | U1244: =AVERAGE(L1244:P1244) -> 407
E1246: =SUM(E3:E1244) -> 860554 | F1246: =SUM(F3:F1244) -> 716789 | G1246: =SUM(G3:G1244) -> 559995 | H1246: =SUM(H3:H1244) -> 1310637 | I1246: =SUM(I3:I1244) -> 811163 | J1246: =SUM(J3:J1244) -> 460308 | K1246: =SUM(K3:K1244) -> 707921 | L1246: =SUM(L3:L1244) -> 496145 | ... P1246: =SUM(P3:P1244) -> 1097198

Sheet Total-corrected counts
E1: 0 | F1: 0 | G1: 0 | H1: 0 | I1: 0 | J1: 0 | K1: 0 | L1: 1 | M1: 1 | N1: 1 | O1: 1 | P1: 1
A2: id | B2: name | C2: structure_order | D2: parent_id | E2: 67898 | F2: 190211 | G2: 191735 | H2: 212741 | I2: 277750 | J2: 340773 | K2: 340805 | L2: 190196 | M2: 190198 | N2: 340770 | O2: 340771 | P2: 343011 | Q2: Filter | R2: T-test | S2: Gem 0 | T2: Gem 1
A3: 0 | B3: background | C3: 0 | E3: ='Absolute counts'!E3/'Absolute counts'!E$1246*10000 -> 538.59491 | F3: ='Absolute counts'!F3/'Absolute counts'!F$1246*10000 -> 1111.0522 | G3: ='Absolute counts'!G3/'Absolute counts'!G$1246*10000 -> 1979.1427 | H3: ='Absolute counts'!H3/'Absolute counts'!H$1246*10000 -> 521.18168 | I3: ='Absolute counts'!I3/'Absolute counts'!I$1246*10000 -> 2165.1259 | J3: ='Absolute counts'!J3/'Absolute counts'!J$1246*10000 -> 717.23715 | K3: ='Absolute counts'!K3/'Absolute counts'!K$1246*10000 -> 1065.472 | L3: ='Absolute counts'!L3/'Absolute counts'!L$1246*10000 -> 1320.4608 | ... P3: ='Absolute counts'!P3/'Absolute counts'!P$1246*10000 -> 917.09063 | Q3: =IF(AND(S3=0,T3=0),0,1) -> 1 | R3: =IFERROR(_xlfn.T.TEST(E3:K3,L3:P3,2,2),"") -> 0.7181014 | S3: =AVERAGE(E3:K3) -> 1156.8295 | T3: =AVERAGE(L3:P3) -> 1038.2301
A4: 1 | B4: Tuberomammillary nucleus, ventral part | C4: 75500 | D4: 557 | E4: ='Absolute counts'!E4/'Absolute counts'!E$1246*10000 -> 0.011620421 | F4: ='Absolute counts'!F4/'Absolute counts'!F$1246*10000 -> 0.12555996 | G4: ='Absolute counts'!G4/'Absolute counts'!G$1246*10000 -> 0 | H4: ='Absolute counts'!H4/'Absolute counts'!H$1246*10000 -> 0.068668899 | I4: ='Absolute counts'!I4/'Absolute counts'!I$1246*10000 -> 0 | J4: ='Absolute counts'!J4/'Absolute counts'!J$1246*10000 -> 0 | K4: ='Absolute counts'!K4/'Absolute counts'!K$1246*10000 -> 0.72041937 | L4: ='Absolute counts'!L4/'Absolute counts'!L$1246*10000 -> 0 | ... P4: ='Absolute counts'!P4/'Absolute counts'!P$1246*10000 -> 0 | Q4: =IF(AND(S4=0,T4=0),0,1) -> 1 | R4: =IFERROR(_xlfn.T.TEST(E4:K4,L4:P4,2,2),"") -> 0.73140141 | S4: =AVERAGE(E4:K4) -> 0.13232409 | T4: =AVERAGE(L4:P4) -> 0.085762261
A5: 2 | B5: Primary somatosensory area, mouth, layer 6b | C5: 6200 | D5: 345 | E5: ='Absolute counts'!E5/'Absolute counts'!E$1246*10000 -> 10.086526 | F5: ='Absolute counts'!F5/'Absolute counts'!F$1246*10000 -> 7.8963265 | G5: ='Absolute counts'!G5/'Absolute counts'!G$1246*10000 -> 6.2500558 | H5: ='Absolute counts'!H5/'Absolute counts'!H$1246*10000 -> 9.8120227 | I5: ='Absolute counts'!I5/'Absolute counts'!I$1246*10000 -> 9.2336559 | J5: ='Absolute counts'!J5/'Absolute counts'!J$1246*10000 -> 9.7543384 | K5: ='Absolute counts'!K5/'Absolute counts'!K$1246*10000 -> 12.82629 | L5: ='Absolute counts'!L5/'Absolute counts'!L$1246*10000 -> 7.5582743 | ... P5: ='Absolute counts'!P5/'Absolute counts'!P$1246*10000 -> 11.101005 | Q5: =IF(AND(S5=0,T5=0),0,1) -> 1 | R5: =IFERROR(_xlfn.T.TEST(E5:K5,L5:P5,2,2),"") -> 0.38317402 | S5: =AVERAGE(E5:K5) -> 9.4084593 | T5: =AVERAGE(L5:P5) -> 10.869271
A6: 3 | B6: secondary fissure | C6: 118200 | D6: 1040 | E6: ='Absolute counts'!E6/'Absolute counts'!E$1246*10000 -> 0 | F6: ='Absolute counts'!F6/'Absolute counts'!F$1246*10000 -> 0 | G6: ='Absolute counts'!G6/'Absolute counts'!G$1246*10000 -> 0 | H6: ='Absolute counts'!H6/'Absolute counts'!H$1246*10000 -> 0 | I6: ='Absolute counts'!I6/'Absolute counts'!I$1246*10000 -> 0 | J6: ='Absolute counts'!J6/'Absolute counts'!J$1246*10000 -> 0 | K6: ='Absolute counts'!K6/'Absolute counts'!K$1246*10000 -> 0 | L6: ='Absolute counts'!L6/'Absolute counts'!L$1246*10000 -> 0 | ... P6: ='Absolute counts'!P6/'Absolute counts'!P$1246*10000 -> 0 | Q6: =IF(AND(S6=0,T6=0),0,1) -> 0 | R6: =IFERROR(_xlfn.T.TEST(E6:K6,L6:P6,2,2),"") | S6: =AVERAGE(E6:K6) -> 0 | T6: =AVERAGE(L6:P6) -> 0
A7: 4 | B7: Inferior colliculus | C7: 79100 | D7: 339 | E7: ='Absolute counts'!E7/'Absolute counts'!E$1246*10000 -> 54.534637 | F7: ='Absolute counts'!F7/'Absolute counts'!F$1246*10000 -> 32.254959 | G7: ='Absolute counts'!G7/'Absolute counts'!G$1246*10000 -> 49.375441 | H7: ='Absolute counts'!H7/'Absolute counts'!H$1246*10000 -> 61.023762 | I7: ='Absolute counts'!I7/'Absolute counts'!I$1246*10000 -> 0.87528647 | J7: ='Absolute counts'!J7/'Absolute counts'!J$1246*10000 -> 31.457198 | K7: ='Absolute counts'!K7/'Absolute counts'!K$1246*10000 -> 158.49226 | L7: ='Absolute counts'!L7/'Absolute counts'!L$1246*10000 -> 23.259329 | ... P7: ='Absolute counts'!P7/'Absolute counts'!P$1246*10000 -> 133.31231 | Q7: =IF(AND(S7=0,T7=0),0,1) -> 1 | R7: =IFERROR(_xlfn.T.TEST(E7:K7,L7:P7,2,2),"") -> 0.71244647 | S7: =AVERAGE(E7:K7) -> 55.430506 | T7: =AVERAGE(L7:P7) -> 44.327409
A8: 6 | B8: internal capsule | C8: 107000 | D8: 784 | E8: ='Absolute counts'!E8/'Absolute counts'!E$1246*10000 -> 229.15471 | F8: ='Absolute counts'!F8/'Absolute counts'!F$1246*10000 -> 354.45577 | G8: ='Absolute counts'!G8/'Absolute counts'!G$1246*10000 -> 123.23324 | H8: ='Absolute counts'!H8/'Absolute counts'!H$1246*10000 -> 261.7811 | I8: ='Absolute counts'!I8/'Absolute counts'!I$1246*10000 -> 229.57162 | J8: ='Absolute counts'!J8/'Absolute counts'!J$1246*10000 -> 259.69568 | K8: ='Absolute counts'!K8/'Absolute counts'!K$1246*10000 -> 151.04793 | L8: ='Absolute counts'!L8/'Absolute counts'!L$1246*10000 -> 273.85139 | ... P8: ='Absolute counts'!P8/'Absolute counts'!P$1246*10000 -> 111.98526 | Q8: =IF(AND(S8=0,T8=0),0,1) -> 1 | R8: =IFERROR(_xlfn.T.TEST(E8:K8,L8:P8,2,2),"") -> 0.31295418 | S8: =AVERAGE(E8:K8) -> 229.84858 | T8: =AVERAGE(L8:P8) -> 180.76754
A9: 7 | B9: Principal sensory nucleus of the trigeminal | C9: 85300 | D9: 1132 | E9: ='Absolute counts'!E9/'Absolute counts'!E$1246*10000 -> 0.34861264 | F9: ='Absolute counts'!F9/'Absolute counts'!F$1246*10000 -> 2.1624216 | G9: ='Absolute counts'!G9/'Absolute counts'!G$1246*10000 -> 1.8214448 | H9: ='Absolute counts'!H9/'Absolute counts'!H$1246*10000 -> 4.7457839 | I9: ='Absolute counts'!I9/'Absolute counts'!I$1246*10000 -> 0 | J9: ='Absolute counts'!J9/'Absolute counts'!J$1246*10000 -> 5.1704511 | K9: ='Absolute counts'!K9/'Absolute counts'!K$1246*10000 -> 25.723209 | L9: ='Absolute counts'!L9/'Absolute counts'!L$1246*10000 -> 2.1163168 | ... P9: ='Absolute counts'!P9/'Absolute counts'!P$1246*10000 -> 14.992736 | Q9: =IF(AND(S9=0,T9=0),0,1) -> 1 | R9: =IFERROR(_xlfn.T.TEST(E9:K9,L9:P9,2,2),"") -> 0.7413287 | S9: =AVERAGE(E9:K9) -> 5.7102748 | T9: =AVERAGE(L9:P9) -> 7.537824
A10: 8 | B10: Basic cell groups and regions | C10: 100 | D10: 997 | E10: ='Absolute counts'!E10/'Absolute counts'!E$1246*10000 -> 0 | F10: ='Absolute counts'!F10/'Absolute counts'!F$1246*10000 -> 0 | G10: ='Absolute counts'!G10/'Absolute counts'!G$1246*10000 -> 0 | H10: ='Absolute counts'!H10/'Absolute counts'!H$1246*10000 -> 0 | I10: ='Absolute counts'!I10/'Absolute counts'!I$1246*10000 -> 0 | J10: ='Absolute counts'!J10/'Absolute counts'!J$1246*10000 -> 0 | K10: ='Absolute counts'!K10/'Absolute counts'!K$1246*10000 -> 0 | L10: ='Absolute counts'!L10/'Absolute counts'!L$1246*10000 -> 0 | ... P10: ='Absolute counts'!P10/'Absolute counts'!P$1246*10000 -> 0 | Q10: =IF(AND(S10=0,T10=0),0,1) -> 0 | R10: =IFERROR(_xlfn.T.TEST(E10:K10,L10:P10,2,2),"") | S10: =AVERAGE(E10:K10) -> 0 | T10: =AVERAGE(L10:P10) -> 0
A11: 9 | B11: Primary somatosensory area, trunk, layer 6a | C11: 7500 | D11: 361 | E11: ='Absolute counts'!E11/'Absolute counts'!E$1246*10000 -> 10.714028 | F11: ='Absolute counts'!F11/'Absolute counts'!F$1246*10000 -> 2.6228081 | G11: ='Absolute counts'!G11/'Absolute counts'!G$1246*10000 -> 2.6964526 | H11: ='Absolute counts'!H11/'Absolute counts'!H$1246*10000 -> 3.3418864 | I11: ='Absolute counts'!I11/'Absolute counts'!I$1246*10000 -> 2.9710428 | J11: ='Absolute counts'!J11/'Absolute counts'!J$1246*10000 -> 16.402061 | K11: ='Absolute counts'!K11/'Absolute counts'!K$1246*10000 -> 7.3454524 | L11: ='Absolute counts'!L11/'Absolute counts'!L$1246*10000 -> 3.1039313 | ... P11: ='Absolute counts'!P11/'Absolute counts'!P$1246*10000 -> 6.4801431 | Q11: =IF(AND(S11=0,T11=0),0,1) -> 1 | R11: =IFERROR(_xlfn.T.TEST(E11:K11,L11:P11,2,2),"") -> 0.835449 | S11: =AVERAGE(E11:K11) -> 6.5848189 | T11: =AVERAGE(L11:P11) -> 7.158898
A12: 10 | B12: Superior colliculus, motor related, intermediate gray layer | C12: 81100 | D12: 294 | E12: ='Absolute counts'!E12/'Absolute counts'!E$1246*10000 -> 32.235049 | F12: ='Absolute counts'!F12/'Absolute counts'!F$1246*10000 -> 12.84897 | G12: ='Absolute counts'!G12/'Absolute counts'!G$1246*10000 -> 13.053688 | H12: ='Absolute counts'!H12/'Absolute counts'!H$1246*10000 -> 34.838022 | I12: ='Absolute counts'!I12/'Absolute counts'!I$1246*10000 -> 24.360085 | J12: ='Absolute counts'!J12/'Absolute counts'!J$1246*10000 -> 16.119642 | K12: ='Absolute counts'!K12/'Absolute counts'!K$1246*10000 -> 19.889225 | L12: ='Absolute counts'!L12/'Absolute counts'!L$1246*10000 -> 20.800371 | ... P12: ='Absolute counts'!P12/'Absolute counts'!P$1246*10000 -> 68.036945 | Q12: =IF(AND(S12=0,T12=0),0,1) -> 1 | R12: =IFERROR(_xlfn.T.TEST(E12:K12,L12:P12,2,2),"") -> 0.45359851 | S12: =AVERAGE(E12:K12) -> 21.906383 | T12: =AVERAGE(L12:P12) -> 29.791001
A13: 11 | B13: posterolateral fissure | C13: 118300 | D13: 1040 | E13: ='Absolute counts'!E13/'Absolute counts'!E$1246*10000 -> 0 | F13: ='Absolute counts'!F13/'Absolute counts'!F$1246*10000 -> 0 | G13: ='Absolute counts'!G13/'Absolute counts'!G$1246*10000 -> 0 | H13: ='Absolute counts'!H13/'Absolute counts'!H$1246*10000 -> 0 | I13: ='Absolute counts'!I13/'Absolute counts'!I$1246*10000 -> 0 | J13: ='Absolute counts'!J13/'Absolute counts'!J$1246*10000 -> 0 | K13: ='Absolute counts'!K13/'Absolute counts'!K$1246*10000 -> 0 | L13: ='Absolute counts'!L13/'Absolute counts'!L$1246*10000 -> 0 | ... P13: ='Absolute counts'!P13/'Absolute counts'!P$1246*10000 -> 0 | Q13: =IF(AND(S13=0,T13=0),0,1) -> 0 | R13: =IFERROR(_xlfn.T.TEST(E13:K13,L13:P13,2,2),"") | S13: =AVERAGE(E13:K13) -> 0 | T13: =AVERAGE(L13:P13) -> 0
A14: 12 | B14: Interfascicular nucleus raphÈ | C14: 84100 | D14: 165 | E14: ='Absolute counts'!E14/'Absolute counts'!E$1246*10000 -> 0 | F14: ='Absolute counts'!F14/'Absolute counts'!F$1246*10000 -> 0 | G14: ='Absolute counts'!G14/'Absolute counts'!G$1246*10000 -> 0 | H14: ='Absolute counts'!H14/'Absolute counts'!H$1246*10000 -> 0 | I14: ='Absolute counts'!I14/'Absolute counts'!I$1246*10000 -> 0 | J14: ='Absolute counts'!J14/'Absolute counts'!J$1246*10000 -> 0 | K14: ='Absolute counts'!K14/'Absolute counts'!K$1246*10000 -> 0 | L14: ='Absolute counts'!L14/'Absolute counts'!L$1246*10000 -> 0 | ... P14: ='Absolute counts'!P14/'Absolute counts'!P$1246*10000 -> 0 | Q14: =IF(AND(S14=0,T14=0),0,1) -> 0 | R14: =IFERROR(_xlfn.T.TEST(E14:K14,L14:P14,2,2),"") | S14: =AVERAGE(E14:K14) -> 0 | T14: =AVERAGE(L14:P14) -> 0
A15: 14 | B15: internal medullary lamina of the thalamus | C15: 108200 | D15: 896 | E15: ='Absolute counts'!E15/'Absolute counts'!E$1246*10000 -> 0.046481685 | F15: ='Absolute counts'!F15/'Absolute counts'!F$1246*10000 -> 0 | G15: ='Absolute counts'!G15/'Absolute counts'!G$1246*10000 -> 0 | H15: ='Absolute counts'!H15/'Absolute counts'!H$1246*10000 -> 0.0076298777 | I15: ='Absolute counts'!I15/'Absolute counts'!I$1246*10000 -> 0.061639892 | J15: ='Absolute counts'!J15/'Absolute counts'!J$1246*10000 -> 0 | K15: ='Absolute counts'!K15/'Absolute counts'!K$1246*10000 -> 0.04237761 | L15: ='Absolute counts'!L15/'Absolute counts'!L$1246*10000 -> 0 | ... P15: ='Absolute counts'!P15/'Absolute counts'!P$1246*10000 -> 0 | Q15: =IF(AND(S15=0,T15=0),0,1) -> 1 | R15: =IFERROR(_xlfn.T.TEST(E15:K15,L15:P15,2,2),"") -> 0.33849536 | S15: =AVERAGE(E15:K15) -> 0.022589866 | T15: =AVERAGE(L15:P15) -> 0.0085375953
... A988: 996 | B988: Agranular insular area, dorsal part, layer 1 | C988: 23500 | D988: 104 | E988: ='Absolute counts'!E988/'Absolute counts'!E$1246*10000 -> 12.980011 | F988: ='Absolute counts'!F988/'Absolute counts'!F$1246*10000 -> 49.079994 | G988: ='Absolute counts'!G988/'Absolute counts'!G$1246*10000 -> 26.321664 | H988: ='Absolute counts'!H988/'Absolute counts'!H$1246*10000 -> 7.3017929 | I988: ='Absolute counts'!I988/'Absolute counts'!I$1246*10000 -> 3.3408822 | J988: ='Absolute counts'!J988/'Absolute counts'!J$1246*10000 -> 20.964224 | K988: ='Absolute counts'!K988/'Absolute counts'!K$1246*10000 -> 6.7239141 | L988: ='Absolute counts'!L988/'Absolute counts'!L$1246*10000 -> 24.468653 | ... P988: ='Absolute counts'!P988/'Absolute counts'!P$1246*10000 -> 7.2366155 | Q988: =IF(AND(S988=0,T988=0),0,1) -> 1 | R988: =IFERROR(_xlfn.T.TEST(E988:K988,L988:P988,2,2),"") -> 0.68092906 | S988: =AVERAGE(E988:K988) -> 18.101783 | T988: =AVERAGE(L988:P988) -> 21.603588
A989: 997 | B989: root | C989: 0 | E989: ='Absolute counts'!E989/'Absolute counts'!E$1246*10000 -> 0.011620421 | F989: ='Absolute counts'!F989/'Absolute counts'!F$1246*10000 -> 0 | G989: ='Absolute counts'!G989/'Absolute counts'!G$1246*10000 -> 0.053571907 | H989: ='Absolute counts'!H989/'Absolute counts'!H$1246*10000 -> 0.015259755 | I989: ='Absolute counts'!I989/'Absolute counts'!I$1246*10000 -> 0 | J989: ='Absolute counts'!J989/'Absolute counts'!J$1246*10000 -> 0.065173753 | K989: ='Absolute counts'!K989/'Absolute counts'!K$1246*10000 -> 0 | L989: ='Absolute counts'!L989/'Absolute counts'!L$1246*10000 -> 0 | ... P989: ='Absolute counts'!P989/'Absolute counts'!P$1246*10000 -> 0 | Q989: =IF(AND(S989=0,T989=0),0,1) -> 1 | R989: =IFERROR(_xlfn.T.TEST(E989:K989,L989:P989,2,2),"") -> 0.65114993 | S989: =AVERAGE(E989:K989) -> 0.020803691 | T989: =AVERAGE(L989:P989) -> 0.013131053
A990: 998 | B990: Fundus of striatum | C990: 48500 | D990: 493 | E990: ='Absolute counts'!E990/'Absolute counts'!E$1246*10000 -> 5.1013649 | F990: ='Absolute counts'!F990/'Absolute counts'!F$1246*10000 -> 4.9247408 | G990: ='Absolute counts'!G990/'Absolute counts'!G$1246*10000 -> 4.5357548 | H990: ='Absolute counts'!H990/'Absolute counts'!H$1246*10000 -> 6.4625064 | I990: ='Absolute counts'!I990/'Absolute counts'!I$1246*10000 -> 4.5490241 | J990: ='Absolute counts'!J990/'Absolute counts'!J$1246*10000 -> 4.2145694 | K990: ='Absolute counts'!K990/'Absolute counts'!K$1246*10000 -> 8.4613961 | L990: ='Absolute counts'!L990/'Absolute counts'!L$1246*10000 -> 1.7938304 | ... P990: ='Absolute counts'!P990/'Absolute counts'!P$1246*10000 -> 11.866591 | Q990: =IF(AND(S990=0,T990=0),0,1) -> 1 | R990: =IFERROR(_xlfn.T.TEST(E990:K990,L990:P990,2,2),"") -> 0.86648972 | S990: =AVERAGE(E990:K990) -> 5.4641938 | T990: =AVERAGE(L990:P990) -> 5.1419175
A991: 999 | B991: Entorhinal area, lateral part, layer 2/3 | C991: 41600 | D991: 918 | E991: ='Absolute counts'!E991/'Absolute counts'!E$1246*10000 -> 0 | F991: ='Absolute counts'!F991/'Absolute counts'!F$1246*10000 -> 0 | G991: ='Absolute counts'!G991/'Absolute counts'!G$1246*10000 -> 0 | H991: ='Absolute counts'!H991/'Absolute counts'!H$1246*10000 -> 0 | I991: ='Absolute counts'!I991/'Absolute counts'!I$1246*10000 -> 0 | J991: ='Absolute counts'!J991/'Absolute counts'!J$1246*10000 -> 0 | K991: ='Absolute counts'!K991/'Absolute counts'!K$1246*10000 -> 0 | L991: ='Absolute counts'!L991/'Absolute counts'!L$1246*10000 -> 0 | ... P991: ='Absolute counts'!P991/'Absolute counts'!P$1246*10000 -> 0 | Q991: =IF(AND(S991=0,T991=0),0,1) -> 0 | R991: =IFERROR(_xlfn.T.TEST(E991:K991,L991:P991,2,2),"") | S991: =AVERAGE(E991:K991) -> 0 | T991: =AVERAGE(L991:P991) -> 0
A992: 1000 | B992: extrapyramidal fiber systems | C992: 108500 | D992: 1009 | E992: ='Absolute counts'!E992/'Absolute counts'!E$1246*10000 -> 0 | F992: ='Absolute counts'!F992/'Absolute counts'!F$1246*10000 -> 0 | G992: ='Absolute counts'!G992/'Absolute counts'!G$1246*10000 -> 0 | H992: ='Absolute counts'!H992/'Absolute counts'!H$1246*10000 -> 0 | I992: ='Absolute counts'!I992/'Absolute counts'!I$1246*10000 -> 0 | J992: ='Absolute counts'!J992/'Absolute counts'!J$1246*10000 -> 0 | K992: ='Absolute counts'!K992/'Absolute counts'!K$1246*10000 -> 0 | L992: ='Absolute counts'!L992/'Absolute counts'!L$1246*10000 -> 0 | ... P992: ='Absolute counts'!P992/'Absolute counts'!P$1246*10000 -> 0 | Q992: =IF(AND(S992=0,T992=0),0,1) -> 0 | R992: =IFERROR(_xlfn.T.TEST(E992:K992,L992:P992,2,2),"") | S992: =AVERAGE(E992:K992) -> 0 | T992: =AVERAGE(L992:P992) -> 0
A993: 1001 | B993: Lobule V | C993: 56800 | D993: 928 | E993: ='Absolute counts'!E993/'Absolute counts'!E$1246*10000 -> 0 | F993: ='Absolute counts'!F993/'Absolute counts'!F$1246*10000 -> 0 | G993: ='Absolute counts'!G993/'Absolute counts'!G$1246*10000 -> 0 | H993: ='Absolute counts'!H993/'Absolute counts'!H$1246*10000 -> 0 | I993: ='Absolute counts'!I993/'Absolute counts'!I$1246*10000 -> 0 | J993: ='Absolute counts'!J993/'Absolute counts'!J$1246*10000 -> 0 | K993: ='Absolute counts'!K993/'Absolute counts'!K$1246*10000 -> 0 | L993: ='Absolute counts'!L993/'Absolute counts'!L$1246*10000 -> 0 | ... P993: ='Absolute counts'!P993/'Absolute counts'!P$1246*10000 -> 0 | Q993: =IF(AND(S993=0,T993=0),0,1) -> 0 | R993: =IFERROR(_xlfn.T.TEST(E993:K993,L993:P993,2,2),"") | S993: =AVERAGE(E993:K993) -> 0 | T993: =AVERAGE(L993:P993) -> 0
A994: 1002 | B994: Primary auditory area | C994: 11300 | D994: 247 | E994: ='Absolute counts'!E994/'Absolute counts'!E$1246*10000 -> 0 | F994: ='Absolute counts'!F994/'Absolute counts'!F$1246*10000 -> 0 | G994: ='Absolute counts'!G994/'Absolute counts'!G$1246*10000 -> 0 | H994: ='Absolute counts'!H994/'Absolute counts'!H$1246*10000 -> 0 | I994: ='Absolute counts'!I994/'Absolute counts'!I$1246*10000 -> 0 | J994: ='Absolute counts'!J994/'Absolute counts'!J$1246*10000 -> 0 | K994: ='Absolute counts'!K994/'Absolute counts'!K$1246*10000 -> 0 | L994: ='Absolute counts'!L994/'Absolute counts'!L$1246*10000 -> 0 | ... P994: ='Absolute counts'!P994/'Absolute counts'!P$1246*10000 -> 0 | Q994: =IF(AND(S994=0,T994=0),0,1) -> 0 | R994: =IFERROR(_xlfn.T.TEST(E994:K994,L994:P994,2,2),"") | S994: =AVERAGE(E994:K994) -> 0 | T994: =AVERAGE(L994:P994) -> 0
A995: 1003 | B995: corticopontine tract | C995: 107400 | D995: 784 | E995: ='Absolute counts'!E995/'Absolute counts'!E$1246*10000 -> 0 | F995: ='Absolute counts'!F995/'Absolute counts'!F$1246*10000 -> 0 | G995: ='Absolute counts'!G995/'Absolute counts'!G$1246*10000 -> 0 | H995: ='Absolute counts'!H995/'Absolute counts'!H$1246*10000 -> 0 | I995: ='Absolute counts'!I995/'Absolute counts'!I$1246*10000 -> 0 | J995: ='Absolute counts'!J995/'Absolute counts'!J$1246*10000 -> 0 | K995: ='Absolute counts'!K995/'Absolute counts'!K$1246*10000 -> 0 | L995: ='Absolute counts'!L995/'Absolute counts'!L$1246*10000 -> 0 | ... P995: ='Absolute counts'!P995/'Absolute counts'!P$1246*10000 -> 0 | Q995: =IF(AND(S995=0,T995=0),0,1) -> 0 | R995: =IFERROR(_xlfn.T.TEST(E995:K995,L995:P995,2,2),"") | S995: =AVERAGE(E995:K995) -> 0 | T995: =AVERAGE(L995:P995) -> 0
A996: 1004 | B996: Ventral premammillary nucleus | C996: 76100 | D996: 467 | E996: ='Absolute counts'!E996/'Absolute counts'!E$1246*10000 -> 0 | F996: ='Absolute counts'!F996/'Absolute counts'!F$1246*10000 -> 0 | G996: ='Absolute counts'!G996/'Absolute counts'!G$1246*10000 -> 0 | H996: ='Absolute counts'!H996/'Absolute counts'!H$1246*10000 -> 0 | I996: ='Absolute counts'!I996/'Absolute counts'!I$1246*10000 -> 0 | J996: ='Absolute counts'!J996/'Absolute counts'!J$1246*10000 -> 0 | K996: ='Absolute counts'!K996/'Absolute counts'!K$1246*10000 -> 0.1412587 | L996: ='Absolute counts'!L996/'Absolute counts'!L$1246*10000 -> 0 | ... P996: ='Absolute counts'!P996/'Absolute counts'!P$1246*10000 -> 0.036456501 | Q996: =IF(AND(S996=0,T996=0),0,1) -> 1 | R996: =IFERROR(_xlfn.T.TEST(E996:K996,L996:P996,2,2),"") -> 0.17656408 | S996: =AVERAGE(E996:K996) -> 0.020179814 | T996: =AVERAGE(L996:P996) -> 0.093437189
A997: 1005 | B997: Primary auditory area, layer 6b | C997: 11900 | D997: 1002 | E997: ='Absolute counts'!E997/'Absolute counts'!E$1246*10000 -> 1.6500998 | F997: ='Absolute counts'!F997/'Absolute counts'!F$1246*10000 -> 2.0508127 | G997: ='Absolute counts'!G997/'Absolute counts'!G$1246*10000 -> 1.892874 | H997: ='Absolute counts'!H997/'Absolute counts'!H$1246*10000 -> 2.8612041 | I997: ='Absolute counts'!I997/'Absolute counts'!I$1246*10000 -> 3.1929464 | J997: ='Absolute counts'!J997/'Absolute counts'!J$1246*10000 -> 3.0631664 | K997: ='Absolute counts'!K997/'Absolute counts'!K$1246*10000 -> 3.1076914 | L997: ='Absolute counts'!L997/'Absolute counts'!L$1246*10000 -> 3.5271947 | ... P997: ='Absolute counts'!P997/'Absolute counts'!P$1246*10000 -> 1.7316838 | Q997: =IF(AND(S997=0,T997=0),0,1) -> 1 | R997: =IFERROR(_xlfn.T.TEST(E997:K997,L997:P997,2,2),"") -> 0.76010444 | S997: =AVERAGE(E997:K997) -> 2.5455421 | T997: =AVERAGE(L997:P997) -> 2.689039
A998: 1006 | B998: Primary somatosensory area, trunk, layer 1 | C998: 7100 | D998: 361 | E998: ='Absolute counts'!E998/'Absolute counts'!E$1246*10000 -> 2.5216314 | F998: ='Absolute counts'!F998/'Absolute counts'!F$1246*10000 -> 4.2690387 | G998: ='Absolute counts'!G998/'Absolute counts'!G$1246*10000 -> 5.0000446 | H998: ='Absolute counts'!H998/'Absolute counts'!H$1246*10000 -> 2.2737036 | I998: ='Absolute counts'!I998/'Absolute counts'!I$1246*10000 -> 6.879012 | J998: ='Absolute counts'!J998/'Absolute counts'!J$1246*10000 -> 7.7774012 | K998: ='Absolute counts'!K998/'Absolute counts'!K$1246*10000 -> 0.01412587 | L998: ='Absolute counts'!L998/'Absolute counts'!L$1246*10000 -> 6.4094166 | ... P998: ='Absolute counts'!P998/'Absolute counts'!P$1246*10000 -> 0.24608138 | Q998: =IF(AND(S998=0,T998=0),0,1) -> 1 | R998: =IFERROR(_xlfn.T.TEST(E998:K998,L998:P998,2,2),"") -> 0.91374129 | S998: =AVERAGE(E998:K998) -> 4.1049939 | T998: =AVERAGE(L998:P998) -> 4.2770947
A999: 1007 | B999: Simple lobule | C999: 59700 | D999: 1073 | E999: ='Absolute counts'!E999/'Absolute counts'!E$1246*10000 -> 0.10458379 | F999: ='Absolute counts'!F999/'Absolute counts'!F$1246*10000 -> 1.3672085 | G999: ='Absolute counts'!G999/'Absolute counts'!G$1246*10000 -> 55.982643 | H999: ='Absolute counts'!H999/'Absolute counts'!H$1246*10000 -> 5.0967583 | I999: ='Absolute counts'!I999/'Absolute counts'!I$1246*10000 -> 0.024655957 | J999: ='Absolute counts'!J999/'Absolute counts'!J$1246*10000 -> 0.63001295 | K999: ='Absolute counts'!K999/'Absolute counts'!K$1246*10000 -> 2.1895098 | L999: ='Absolute counts'!L999/'Absolute counts'!L$1246*10000 -> 1.5519657 | ... P999: ='Absolute counts'!P999/'Absolute counts'!P$1246*10000 -> 1.3215482 | Q999: =IF(AND(S999=0,T999=0),0,1) -> 1 | R999: =IFERROR(_xlfn.T.TEST(E999:K999,L999:P999,2,2),"") -> 0.48469161 | S999: =AVERAGE(E999:K999) -> 9.342196 | T999: =AVERAGE(L999:P999) -> 2.5261617
A1000: 1008 | B1000: Geniculate group, dorsal thalamus | C1000: 65000 | D1000: 864 | E1000: ='Absolute counts'!E1000/'Absolute counts'!E$1246*10000 -> 0 | F1000: ='Absolute counts'!F1000/'Absolute counts'!F$1246*10000 -> 0 | G1000: ='Absolute counts'!G1000/'Absolute counts'!G$1246*10000 -> 0 | H1000: ='Absolute counts'!H1000/'Absolute counts'!H$1246*10000 -> 0 | I1000: ='Absolute counts'!I1000/'Absolute counts'!I$1246*10000 -> 0 | J1000: ='Absolute counts'!J1000/'Absolute counts'!J$1246*10000 -> 0 | K1000: ='Absolute counts'!K1000/'Absolute counts'!K$1246*10000 -> 0 | L1000: ='Absolute counts'!L1000/'Absolute counts'!L$1246*10000 -> 0 | ... P1000: ='Absolute counts'!P1000/'Absolute counts'!P$1246*10000 -> 0 | Q1000: =IF(AND(S1000=0,T1000=0),0,1) -> 0 | R1000: =IFERROR(_xlfn.T.TEST(E1000:K1000,L1000:P1000,2,2),"") | S1000: =AVERAGE(E1000:K1000) -> 0 | T1000: =AVERAGE(L1000:P1000) -> 0
A1001: 1009 | B1001: fiber tracts | C1001: 97200 | D1001: 997 | E1001: ='Absolute counts'!E1001/'Absolute counts'!E$1246*10000 -> 207.07591 | F1001: ='Absolute counts'!F1001/'Absolute counts'!F$1246*10000 -> 176.59311 | G1001: ='Absolute counts'!G1001/'Absolute counts'!G$1246*10000 -> 52.000464 | H1001: ='Absolute counts'!H1001/'Absolute counts'!H$1246*10000 -> 145.81459 | I1001: ='Absolute counts'!I1001/'Absolute counts'!I$1246*10000 -> 118.91568 | J1001: ='Absolute counts'!J1001/'Absolute counts'!J$1246*10000 -> 128.97886 | K1001: ='Absolute counts'!K1001/'Absolute counts'!K$1246*10000 -> 83.074241 | L1001: ='Absolute counts'!L1001/'Absolute counts'!L$1246*10000 -> 140.98701 | ... P1001: ='Absolute counts'!P1001/'Absolute counts'!P$1246*10000 -> 74.726713 | Q1001: =IF(AND(S1001=0,T1001=0),0,1) -> 1 | R1001: =IFERROR(_xlfn.T.TEST(E1001:K1001,L1001:P1001,2,2),"") -> 0.49882032 | S1001: =AVERAGE(E1001:K1001) -> 130.35041 | T1001: =AVERAGE(L1001:P1001) -> 110.96796
... A1244: 312782656 | B1244: Unlabeled | C1244: 300 | D1244: 688 | E1244: ='Absolute counts'!E1244/'Absolute counts'!E$1246*10000 -> 6.8095669 | F1244: ='Absolute counts'!F1244/'Absolute counts'!F$1246*10000 -> 8.4404197 | G1244: ='Absolute counts'!G1244/'Absolute counts'!G$1246*10000 -> 15.660854 | H1244: ='Absolute counts'!H1244/'Absolute counts'!H$1246*10000 -> 1.8006511 | I1244: ='Absolute counts'!I1244/'Absolute counts'!I$1246*10000 -> 6.7680602 | J1244: ='Absolute counts'!J1244/'Absolute counts'!J$1246*10000 -> 6.7346212 | K1244: ='Absolute counts'!K1244/'Absolute counts'!K$1246*10000 -> 6.7945435 | L1244: ='Absolute counts'!L1244/'Absolute counts'!L$1246*10000 -> 8.9288414 | ... P1244: ='Absolute counts'!P1244/'Absolute counts'!P$1246*10000 -> 3.0896885 | Q1244: =IF(AND(S1244=0,T1244=0),0,1) -> 1 | R1244: =IFERROR(_xlfn.T.TEST(E1244:K1244,L1244:P1244,2,2),"") -> 0.37279135 | S1244: =AVERAGE(E1244:K1244) -> 7.5726738 | T1244: =AVERAGE(L1244:P1244) -> 5.5794878
E1246: =SUM(E3:E1244) -> 10000 | F1246: =SUM(F3:F1244) -> 10000 | G1246: =SUM(G3:G1244) -> 10000 | H1246: =SUM(H3:H1244) -> 10000 | I1246: =SUM(I3:I1244) -> 10000 | J1246: =SUM(J3:J1244) -> 10000 | K1246: =SUM(K3:K1244) -> 10000 | L1246: =SUM(L3:L1244) -> 10000 | ... P1246: =SUM(P3:P1244) -> 10000

Sheet Total-corrected counts Z<3
E1: 0 | F1: 0 | G1: 0 | H1: 0 | I1: 0 | J1: 0 | K1: 0 | L1: 1 | M1: 1 | N1: 1 | O1: 1 | P1: 1
A2: id | B2: name | C2: structure_order | D2: parent_id | E2: 67898 | F2: 190211 | G2: 191735 | H2: 212741 | I2: 277750 | J2: 340773 | K2: 340805 | L2: 190196 | M2: 190198 | N2: 340770 | O2: 340771 | P2: 343011 | Q2: Filter | R2: Cluster | S2: T-test | T2: Gem 0 | U2: Gem 1
A3: 0 | B3: background | C3: 0 | E3: =IFERROR(IF(OR(HLOOKUP($A3,'Z-scores'!$C$2:$RO$15,3,FALSE)>3,HLOOKUP($A3,'Z-scores'!$C$2:$RO$15,3,FALSE)<-3),"",'Total-corrected counts'!E3),"") | F3: =IFERROR(IF(OR(HLOOKUP($A3,'Z-scores'!$C$2:$RO$15,4,FALSE)>3,HLOOKUP($A3,'Z-scores'!$C$2:$RO$15,4,FALSE)<-3),"",'Total-corrected counts'!F3),"") | G3: =IFERROR(IF(OR(HLOOKUP($A3,'Z-scores'!$C$2:$RO$15,5,FALSE)>3,HLOOKUP($A3,'Z-scores'!$C$2:$RO$15,5,FALSE)<-3),"",'Total-corrected counts'!G3),"") | H3: =IFERROR(IF(OR(HLOOKUP($A3,'Z-scores'!$C$2:$RO$15,6,FALSE)>3,HLOOKUP($A3,'Z-scores'!$C$2:$RO$15,6,FALSE)<-3),"",'Total-corrected counts'!H3),"") | I3: =IFERROR(IF(OR(HLOOKUP($A3,'Z-scores'!$C$2:$RO$15,7,FALSE)>3,HLOOKUP($A3,'Z-scores'!$C$2:$RO$15,7,FALSE)<-3),"",'Total-corrected counts'!I3),"") | J3: =IFERROR(IF(OR(HLOOKUP($A3,'Z-scores'!$C$2:$RO$15,8,FALSE)>3,HLOOKUP($A3,'Z-scores'!$C$2:$RO$15,8,FALSE)<-3),"",'Total-corrected counts'!J3),"") | K3: =IFERROR(IF(OR(HLOOKUP($A3,'Z-scores'!$C$2:$RO$15,9,FALSE)>3,HLOOKUP($A3,'Z-scores'!$C$2:$RO$15,9,FALSE)<-3),"",'Total-corrected counts'!K3),"") | L3: =IFERROR(IF(OR(HLOOKUP($A3,'Z-scores'!$C$2:$RO$15,10,FALSE)>3,HLOOKUP($A3,'Z-scores'!$C$2:$RO$15,10,FALSE)<-3),"",'Total-corrected counts'!L3),"") | M3: =IFERROR(IF(OR(HLOOKUP($A3,'Z-scores'!$C$2:$RO$15,11,FALSE)>3,HLOOKUP($A3,'Z-scores'!$C$2:$RO$15,11,FALSE)<-3),"",'Total-corrected counts'!M3),"") | N3: =IFERROR(IF(OR(HLOOKUP($A3,'Z-scores'!$C$2:$RO$15,12,FALSE)>3,HLOOKUP($A3,'Z-scores'!$C$2:$RO$15,12,FALSE)<-3),"",'Total-corrected counts'!N3),"") | O3: =IFERROR(IF(OR(HLOOKUP($A3,'Z-scores'!$C$2:$RO$15,13,FALSE)>3,HLOOKUP($A3,'Z-scores'!$C$2:$RO$15,13,FALSE)<-3),"",'Total-corrected counts'!O3),"") | P3: =IFERROR(IF(OR(HLOOKUP($A3,'Z-scores'!$C$2:$RO$15,14,FALSE)>3,HLOOKUP($A3,'Z-scores'!$C$2:$RO$15,14,FALSE)<-3),"",'Total-corrected counts'!P3),"") | Q3: =IF(AND(T3=0,U3=0),0,1) -> 1 | R3: =SUMIFS(Tabel132[Cluster],Tabel132[ID],'Total-corrected counts Z<3'!A3) -> 0 | S3: =IFERROR(_xlfn.T.TEST(E3:K3,L3:P3,2,2),"") | T3: =IFERROR(AVERAGE(E3:K3),"") | U3: =IFERROR(AVERAGE(L3:P3),"")
A4: 1 | B4: Tuberomammillary nucleus, ventral part | C4: 75500 | D4: 557 | E4: =IFERROR(IF(OR(HLOOKUP($A4,'Z-scores'!$C$2:$RO$15,3,FALSE)>3,HLOOKUP($A4,'Z-scores'!$C$2:$RO$15,3,FALSE)<-3),"",'Total-corrected counts'!E4),"") -> 0.011620421 | F4: =IFERROR(IF(OR(HLOOKUP($A4,'Z-scores'!$C$2:$RO$15,4,FALSE)>3,HLOOKUP($A4,'Z-scores'!$C$2:$RO$15,4,FALSE)<-3),"",'Total-corrected counts'!F4),"") -> 0.12555996 | G4: =IFERROR(IF(OR(HLOOKUP($A4,'Z-scores'!$C$2:$RO$15,5,FALSE)>3,HLOOKUP($A4,'Z-scores'!$C$2:$RO$15,5,FALSE)<-3),"",'Total-corrected counts'!G4),"") -> 0 | H4: =IFERROR(IF(OR(HLOOKUP($A4,'Z-scores'!$C$2:$RO$15,6,FALSE)>3,HLOOKUP($A4,'Z-scores'!$C$2:$RO$15,6,FALSE)<-3),"",'Total-corrected counts'!H4),"") -> 0.068668899 | I4: =IFERROR(IF(OR(HLOOKUP($A4,'Z-scores'!$C$2:$RO$15,7,FALSE)>3,HLOOKUP($A4,'Z-scores'!$C$2:$RO$15,7,FALSE)<-3),"",'Total-corrected counts'!I4),"") -> 0 | J4: =IFERROR(IF(OR(HLOOKUP($A4,'Z-scores'!$C$2:$RO$15,8,FALSE)>3,HLOOKUP($A4,'Z-scores'!$C$2:$RO$15,8,FALSE)<-3),"",'Total-corrected counts'!J4),"") -> 0 | K4: =IFERROR(IF(OR(HLOOKUP($A4,'Z-scores'!$C$2:$RO$15,9,FALSE)>3,HLOOKUP($A4,'Z-scores'!$C$2:$RO$15,9,FALSE)<-3),"",'Total-corrected counts'!K4),"") -> 0.72041937 | L4: =IFERROR(IF(OR(HLOOKUP($A4,'Z-scores'!$C$2:$RO$15,10,FALSE)>3,HLOOKUP($A4,'Z-scores'!$C$2:$RO$15,10,FALSE)<-3),"",'Total-corrected counts'!L4),"") -> 0 | M4: =IFERROR(IF(OR(HLOOKUP($A4,'Z-scores'!$C$2:$RO$15,11,FALSE)>3,HLOOKUP($A4,'Z-scores'!$C$2:$RO$15,11,FALSE)<-3),"",'Total-corrected counts'!M4),"") -> 0.081776346 | N4: =IFERROR(IF(OR(HLOOKUP($A4,'Z-scores'!$C$2:$RO$15,12,FALSE)>3,HLOOKUP($A4,'Z-scores'!$C$2:$RO$15,12,FALSE)<-3),"",'Total-corrected counts'!N4),"") -> 0 | O4: =IFERROR(IF(OR(HLOOKUP($A4,'Z-scores'!$C$2:$RO$15,13,FALSE)>3,HLOOKUP($A4,'Z-scores'!$C$2:$RO$15,13,FALSE)<-3),"",'Total-corrected counts'!O4),"") -> 0.34703496 | P4: =IFERROR(IF(OR(HLOOKUP($A4,'Z-scores'!$C$2:$RO$15,14,FALSE)>3,HLOOKUP($A4,'Z-scores'!$C$2:$RO$15,14,FALSE)<-3),"",'Total-corrected counts'!P4),"") -> 0 | Q4: =IF(AND(T4=0,U4=0),0,1) -> 1 | R4: =SUMIFS(Tabel132[Cluster],Tabel132[ID],'Total-corrected counts Z<3'!A4) -> 84 | S4: =IFERROR(_xlfn.T.TEST(E4:K4,L4:P4,2,2),"") -> 0.73140141 | T4: =IFERROR(AVERAGE(E4:K4),"") -> 0.13232409 | U4: =IFERROR(AVERAGE(L4:P4),"") -> 0.085762261
A5: 2 | B5: Primary somatosensory area, mouth, layer 6b | C5: 6200 | D5: 345 | E5: =IFERROR(IF(OR(HLOOKUP($A5,'Z-scores'!$C$2:$RO$15,3,FALSE)>3,HLOOKUP($A5,'Z-scores'!$C$2:$RO$15,3,FALSE)<-3),"",'Total-corrected counts'!E5),"") -> 10.086526 | F5: =IFERROR(IF(OR(HLOOKUP($A5,'Z-scores'!$C$2:$RO$15,4,FALSE)>3,HLOOKUP($A5,'Z-scores'!$C$2:$RO$15,4,FALSE)<-3),"",'Total-corrected counts'!F5),"") -> 7.8963265 | G5: =IFERROR(IF(OR(HLOOKUP($A5,'Z-scores'!$C$2:$RO$15,5,FALSE)>3,HLOOKUP($A5,'Z-scores'!$C$2:$RO$15,5,FALSE)<-3),"",'Total-corrected counts'!G5),"") -> 6.2500558 | H5: =IFERROR(IF(OR(HLOOKUP($A5,'Z-scores'!$C$2:$RO$15,6,FALSE)>3,HLOOKUP($A5,'Z-scores'!$C$2:$RO$15,6,FALSE)<-3),"",'Total-corrected counts'!H5),"") -> 9.8120227 | I5: =IFERROR(IF(OR(HLOOKUP($A5,'Z-scores'!$C$2:$RO$15,7,FALSE)>3,HLOOKUP($A5,'Z-scores'!$C$2:$RO$15,7,FALSE)<-3),"",'Total-corrected counts'!I5),"") -> 9.2336559 | J5: =IFERROR(IF(OR(HLOOKUP($A5,'Z-scores'!$C$2:$RO$15,8,FALSE)>3,HLOOKUP($A5,'Z-scores'!$C$2:$RO$15,8,FALSE)<-3),"",'Total-corrected counts'!J5),"") -> 9.7543384 | K5: =IFERROR(IF(OR(HLOOKUP($A5,'Z-scores'!$C$2:$RO$15,9,FALSE)>3,HLOOKUP($A5,'Z-scores'!$C$2:$RO$15,9,FALSE)<-3),"",'Total-corrected counts'!K5),"") -> 12.82629 | L5: =IFERROR(IF(OR(HLOOKUP($A5,'Z-scores'!$C$2:$RO$15,10,FALSE)>3,HLOOKUP($A5,'Z-scores'!$C$2:$RO$15,10,FALSE)<-3),"",'Total-corrected counts'!L5),"") -> 7.5582743 | M5: =IFERROR(IF(OR(HLOOKUP($A5,'Z-scores'!$C$2:$RO$15,11,FALSE)>3,HLOOKUP($A5,'Z-scores'!$C$2:$RO$15,11,FALSE)<-3),"",'Total-corrected counts'!M5),"") -> 9.4042798 | N5: =IFERROR(IF(OR(HLOOKUP($A5,'Z-scores'!$C$2:$RO$15,12,FALSE)>3,HLOOKUP($A5,'Z-scores'!$C$2:$RO$15,12,FALSE)<-3),"",'Total-corrected counts'!N5),"") -> 9.493806 | O5: =IFERROR(IF(OR(HLOOKUP($A5,'Z-scores'!$C$2:$RO$15,13,FALSE)>3,HLOOKUP($A5,'Z-scores'!$C$2:$RO$15,13,FALSE)<-3),"",'Total-corrected counts'!O5),"") -> 16.788989 | P5: =IFERROR(IF(OR(HLOOKUP($A5,'Z-scores'!$C$2:$RO$15,14,FALSE)>3,HLOOKUP($A5,'Z-scores'!$C$2:$RO$15,14,FALSE)<-3),"",'Total-corrected counts'!P5),"") -> 11.101005 | Q5: =IF(AND(T5=0,U5=0),0,1) -> 1 | R5: =SUMIFS(Tabel132[Cluster],Tabel132[ID],'Total-corrected counts Z<3'!A5) -> 8 | S5: =IFERROR(_xlfn.T.TEST(E5:K5,L5:P5,2,2),"") -> 0.38317402 | T5: =IFERROR(AVERAGE(E5:K5),"") -> 9.4084593 | U5: =IFERROR(AVERAGE(L5:P5),"") -> 10.869271
A6: 3 | B6: secondary fissure | C6: 118200 | D6: 1040 | E6: =IFERROR(IF(OR(HLOOKUP($A6,'Z-scores'!$C$2:$RO$15,3,FALSE)>3,HLOOKUP($A6,'Z-scores'!$C$2:$RO$15,3,FALSE)<-3),"",'Total-corrected counts'!E6),"") | F6: =IFERROR(IF(OR(HLOOKUP($A6,'Z-scores'!$C$2:$RO$15,4,FALSE)>3,HLOOKUP($A6,'Z-scores'!$C$2:$RO$15,4,FALSE)<-3),"",'Total-corrected counts'!F6),"") | G6: =IFERROR(IF(OR(HLOOKUP($A6,'Z-scores'!$C$2:$RO$15,5,FALSE)>3,HLOOKUP($A6,'Z-scores'!$C$2:$RO$15,5,FALSE)<-3),"",'Total-corrected counts'!G6),"") | H6: =IFERROR(IF(OR(HLOOKUP($A6,'Z-scores'!$C$2:$RO$15,6,FALSE)>3,HLOOKUP($A6,'Z-scores'!$C$2:$RO$15,6,FALSE)<-3),"",'Total-corrected counts'!H6),"") | I6: =IFERROR(IF(OR(HLOOKUP($A6,'Z-scores'!$C$2:$RO$15,7,FALSE)>3,HLOOKUP($A6,'Z-scores'!$C$2:$RO$15,7,FALSE)<-3),"",'Total-corrected counts'!I6),"") | J6: =IFERROR(IF(OR(HLOOKUP($A6,'Z-scores'!$C$2:$RO$15,8,FALSE)>3,HLOOKUP($A6,'Z-scores'!$C$2:$RO$15,8,FALSE)<-3),"",'Total-corrected counts'!J6),"") | K6: =IFERROR(IF(OR(HLOOKUP($A6,'Z-scores'!$C$2:$RO$15,9,FALSE)>3,HLOOKUP($A6,'Z-scores'!$C$2:$RO$15,9,FALSE)<-3),"",'Total-corrected counts'!K6),"") | L6: =IFERROR(IF(OR(HLOOKUP($A6,'Z-scores'!$C$2:$RO$15,10,FALSE)>3,HLOOKUP($A6,'Z-scores'!$C$2:$RO$15,10,FALSE)<-3),"",'Total-corrected counts'!L6),"") | M6: =IFERROR(IF(OR(HLOOKUP($A6,'Z-scores'!$C$2:$RO$15,11,FALSE)>3,HLOOKUP($A6,'Z-scores'!$C$2:$RO$15,11,FALSE)<-3),"",'Total-corrected counts'!M6),"") | N6: =IFERROR(IF(OR(HLOOKUP($A6,'Z-scores'!$C$2:$RO$15,12,FALSE)>3,HLOOKUP($A6,'Z-scores'!$C$2:$RO$15,12,FALSE)<-3),"",'Total-corrected counts'!N6),"") | O6: =IFERROR(IF(OR(HLOOKUP($A6,'Z-scores'!$C$2:$RO$15,13,FALSE)>3,HLOOKUP($A6,'Z-scores'!$C$2:$RO$15,13,FALSE)<-3),"",'Total-corrected counts'!O6),"") | P6: =IFERROR(IF(OR(HLOOKUP($A6,'Z-scores'!$C$2:$RO$15,14,FALSE)>3,HLOOKUP($A6,'Z-scores'!$C$2:$RO$15,14,FALSE)<-3),"",'Total-corrected counts'!P6),"") | Q6: =IF(AND(T6=0,U6=0),0,1) -> 1 | R6: =SUMIFS(Tabel132[Cluster],Tabel132[ID],'Total-corrected counts Z<3'!A6) -> 0 | S6: =IFERROR(_xlfn.T.TEST(E6:K6,L6:P6,2,2),"") | T6: =IFERROR(AVERAGE(E6:K6),"") | U6: =IFERROR(AVERAGE(L6:P6),"")
A7: 4 | B7: Inferior colliculus | C7: 79100 | D7: 339 | E7: =IFERROR(IF(OR(HLOOKUP($A7,'Z-scores'!$C$2:$RO$15,3,FALSE)>3,HLOOKUP($A7,'Z-scores'!$C$2:$RO$15,3,FALSE)<-3),"",'Total-corrected counts'!E7),"") -> 54.534637 | F7: =IFERROR(IF(OR(HLOOKUP($A7,'Z-scores'!$C$2:$RO$15,4,FALSE)>3,HLOOKUP($A7,'Z-scores'!$C$2:$RO$15,4,FALSE)<-3),"",'Total-corrected counts'!F7),"") -> 32.254959 | G7: =IFERROR(IF(OR(HLOOKUP($A7,'Z-scores'!$C$2:$RO$15,5,FALSE)>3,HLOOKUP($A7,'Z-scores'!$C$2:$RO$15,5,FALSE)<-3),"",'Total-corrected counts'!G7),"") -> 49.375441 | H7: =IFERROR(IF(OR(HLOOKUP($A7,'Z-scores'!$C$2:$RO$15,6,FALSE)>3,HLOOKUP($A7,'Z-scores'!$C$2:$RO$15,6,FALSE)<-3),"",'Total-corrected counts'!H7),"") -> 61.023762 | I7: =IFERROR(IF(OR(HLOOKUP($A7,'Z-scores'!$C$2:$RO$15,7,FALSE)>3,HLOOKUP($A7,'Z-scores'!$C$2:$RO$15,7,FALSE)<-3),"",'Total-corrected counts'!I7),"") -> 0.87528647 | J7: =IFERROR(IF(OR(HLOOKUP($A7,'Z-scores'!$C$2:$RO$15,8,FALSE)>3,HLOOKUP($A7,'Z-scores'!$C$2:$RO$15,8,FALSE)<-3),"",'Total-corrected counts'!J7),"") -> 31.457198 | K7: =IFERROR(IF(OR(HLOOKUP($A7,'Z-scores'!$C$2:$RO$15,9,FALSE)>3,HLOOKUP($A7,'Z-scores'!$C$2:$RO$15,9,FALSE)<-3),"",'Total-corrected counts'!K7),"") -> 158.49226 | L7: =IFERROR(IF(OR(HLOOKUP($A7,'Z-scores'!$C$2:$RO$15,10,FALSE)>3,HLOOKUP($A7,'Z-scores'!$C$2:$RO$15,10,FALSE)<-3),"",'Total-corrected counts'!L7),"") -> 23.259329 | M7: =IFERROR(IF(OR(HLOOKUP($A7,'Z-scores'!$C$2:$RO$15,11,FALSE)>3,HLOOKUP($A7,'Z-scores'!$C$2:$RO$15,11,FALSE)<-3),"",'Total-corrected counts'!M7),"") -> 21.956949 | N7: =IFERROR(IF(OR(HLOOKUP($A7,'Z-scores'!$C$2:$RO$15,12,FALSE)>3,HLOOKUP($A7,'Z-scores'!$C$2:$RO$15,12,FALSE)<-3),"",'Total-corrected counts'!N7),"") -> 8.8364111 | O7: =IFERROR(IF(OR(HLOOKUP($A7,'Z-scores'!$C$2:$RO$15,13,FALSE)>3,HLOOKUP($A7,'Z-scores'!$C$2:$RO$15,13,FALSE)<-3),"",'Total-corrected counts'!O7),"") -> 34.272047 | P7: =IFERROR(IF(OR(HLOOKUP($A7,'Z-scores'!$C$2:$RO$15,14,FALSE)>3,HLOOKUP($A7,'Z-scores'!$C$2:$RO$15,14,FALSE)<-3),"",'Total-corrected counts'!P7),"") -> 133.31231 | Q7: =IF(AND(T7=0,U7=0),0,1) -> 1 | R7: =SUMIFS(Tabel132[Cluster],Tabel132[ID],'Total-corrected counts Z<3'!A7) -> 86 | S7: =IFERROR(_xlfn.T.TEST(E7:K7,L7:P7,2,2),"") -> 0.71244647 | T7: =IFERROR(AVERAGE(E7:K7),"") -> 55.430506 | U7: =IFERROR(AVERAGE(L7:P7),"") -> 44.327409
A8: 6 | B8: internal capsule | C8: 107000 | D8: 784 | E8: =IFERROR(IF(OR(HLOOKUP($A8,'Z-scores'!$C$2:$RO$15,3,FALSE)>3,HLOOKUP($A8,'Z-scores'!$C$2:$RO$15,3,FALSE)<-3),"",'Total-corrected counts'!E8),"") -> 229.15471 | F8: =IFERROR(IF(OR(HLOOKUP($A8,'Z-scores'!$C$2:$RO$15,4,FALSE)>3,HLOOKUP($A8,'Z-scores'!$C$2:$RO$15,4,FALSE)<-3),"",'Total-corrected counts'!F8),"") -> 354.45577 | G8: =IFERROR(IF(OR(HLOOKUP($A8,'Z-scores'!$C$2:$RO$15,5,FALSE)>3,HLOOKUP($A8,'Z-scores'!$C$2:$RO$15,5,FALSE)<-3),"",'Total-corrected counts'!G8),"") -> 123.23324 | H8: =IFERROR(IF(OR(HLOOKUP($A8,'Z-scores'!$C$2:$RO$15,6,FALSE)>3,HLOOKUP($A8,'Z-scores'!$C$2:$RO$15,6,FALSE)<-3),"",'Total-corrected counts'!H8),"") -> 261.7811 | I8: =IFERROR(IF(OR(HLOOKUP($A8,'Z-scores'!$C$2:$RO$15,7,FALSE)>3,HLOOKUP($A8,'Z-scores'!$C$2:$RO$15,7,FALSE)<-3),"",'Total-corrected counts'!I8),"") -> 229.57162 | J8: =IFERROR(IF(OR(HLOOKUP($A8,'Z-scores'!$C$2:$RO$15,8,FALSE)>3,HLOOKUP($A8,'Z-scores'!$C$2:$RO$15,8,FALSE)<-3),"",'Total-corrected counts'!J8),"") -> 259.69568 | K8: =IFERROR(IF(OR(HLOOKUP($A8,'Z-scores'!$C$2:$RO$15,9,FALSE)>3,HLOOKUP($A8,'Z-scores'!$C$2:$RO$15,9,FALSE)<-3),"",'Total-corrected counts'!K8),"") -> 151.04793 | L8: =IFERROR(IF(OR(HLOOKUP($A8,'Z-scores'!$C$2:$RO$15,10,FALSE)>3,HLOOKUP($A8,'Z-scores'!$C$2:$RO$15,10,FALSE)<-3),"",'Total-corrected counts'!L8),"") -> 273.85139 | M8: =IFERROR(IF(OR(HLOOKUP($A8,'Z-scores'!$C$2:$RO$15,11,FALSE)>3,HLOOKUP($A8,'Z-scores'!$C$2:$RO$15,11,FALSE)<-3),"",'Total-corrected counts'!M8),"") -> 201.45603 | N8: =IFERROR(IF(OR(HLOOKUP($A8,'Z-scores'!$C$2:$RO$15,12,FALSE)>3,HLOOKUP($A8,'Z-scores'!$C$2:$RO$15,12,FALSE)<-3),"",'Total-corrected counts'!N8),"") -> 79.604539 | O8: =IFERROR(IF(OR(HLOOKUP($A8,'Z-scores'!$C$2:$RO$15,13,FALSE)>3,HLOOKUP($A8,'Z-scores'!$C$2:$RO$15,13,FALSE)<-3),"",'Total-corrected counts'!O8),"") -> 236.94046 | P8: =IFERROR(IF(OR(HLOOKUP($A8,'Z-scores'!$C$2:$RO$15,14,FALSE)>3,HLOOKUP($A8,'Z-scores'!$C$2:$RO$15,14,FALSE)<-3),"",'Total-corrected counts'!P8),"") -> 111.98526 | Q8: =IF(AND(T8=0,U8=0),0,1) -> 1 | R8: =SUMIFS(Tabel132[Cluster],Tabel132[ID],'Total-corrected counts Z<3'!A8) -> 0 | S8: =IFERROR(_xlfn.T.TEST(E8:K8,L8:P8,2,2),"") -> 0.31295418 | T8: =IFERROR(AVERAGE(E8:K8),"") -> 229.84858 | U8: =IFERROR(AVERAGE(L8:P8),"") -> 180.76754
A9: 7 | B9: Principal sensory nucleus of the trigeminal | C9: 85300 | D9: 1132 | E9: =IFERROR(IF(OR(HLOOKUP($A9,'Z-scores'!$C$2:$RO$15,3,FALSE)>3,HLOOKUP($A9,'Z-scores'!$C$2:$RO$15,3,FALSE)<-3),"",'Total-corrected counts'!E9),"") -> 0.34861264 | F9: =IFERROR(IF(OR(HLOOKUP($A9,'Z-scores'!$C$2:$RO$15,4,FALSE)>3,HLOOKUP($A9,'Z-scores'!$C$2:$RO$15,4,FALSE)<-3),"",'Total-corrected counts'!F9),"") -> 2.1624216 | G9: =IFERROR(IF(OR(HLOOKUP($A9,'Z-scores'!$C$2:$RO$15,5,FALSE)>3,HLOOKUP($A9,'Z-scores'!$C$2:$RO$15,5,FALSE)<-3),"",'Total-corrected counts'!G9),"") -> 1.8214448 | H9: =IFERROR(IF(OR(HLOOKUP($A9,'Z-scores'!$C$2:$RO$15,6,FALSE)>3,HLOOKUP($A9,'Z-scores'!$C$2:$RO$15,6,FALSE)<-3),"",'Total-corrected counts'!H9),"") -> 4.7457839 | I9: =IFERROR(IF(OR(HLOOKUP($A9,'Z-scores'!$C$2:$RO$15,7,FALSE)>3,HLOOKUP($A9,'Z-scores'!$C$2:$RO$15,7,FALSE)<-3),"",'Total-corrected counts'!I9),"") -> 0 | J9: =IFERROR(IF(OR(HLOOKUP($A9,'Z-scores'!$C$2:$RO$15,8,FALSE)>3,HLOOKUP($A9,'Z-scores'!$C$2:$RO$15,8,FALSE)<-3),"",'Total-corrected counts'!J9),"") -> 5.1704511 | K9: =IFERROR(IF(OR(HLOOKUP($A9,'Z-scores'!$C$2:$RO$15,9,FALSE)>3,HLOOKUP($A9,'Z-scores'!$C$2:$RO$15,9,FALSE)<-3),"",'Total-corrected counts'!K9),"") -> 25.723209 | L9: =IFERROR(IF(OR(HLOOKUP($A9,'Z-scores'!$C$2:$RO$15,10,FALSE)>3,HLOOKUP($A9,'Z-scores'!$C$2:$RO$15,10,FALSE)<-3),"",'Total-corrected counts'!L9),"") -> 2.1163168 | M9: =IFERROR(IF(OR(HLOOKUP($A9,'Z-scores'!$C$2:$RO$15,11,FALSE)>3,HLOOKUP($A9,'Z-scores'!$C$2:$RO$15,11,FALSE)<-3),"",'Total-corrected counts'!M9),"") -> 20.239646 | N9: =IFERROR(IF(OR(HLOOKUP($A9,'Z-scores'!$C$2:$RO$15,12,FALSE)>3,HLOOKUP($A9,'Z-scores'!$C$2:$RO$15,12,FALSE)<-3),"",'Total-corrected counts'!N9),"") -> 0.16221431 | O9: =IFERROR(IF(OR(HLOOKUP($A9,'Z-scores'!$C$2:$RO$15,13,FALSE)>3,HLOOKUP($A9,'Z-scores'!$C$2:$RO$15,13,FALSE)<-3),"",'Total-corrected counts'!O9),"") -> 0.17820714 | P9: =IFERROR(IF(OR(HLOOKUP($A9,'Z-scores'!$C$2:$RO$15,14,FALSE)>3,HLOOKUP($A9,'Z-scores'!$C$2:$RO$15,14,FALSE)<-3),"",'Total-corrected counts'!P9),"") -> 14.992736 | Q9: =IF(AND(T9=0,U9=0),0,1) -> 1 | R9: =SUMIFS(Tabel132[Cluster],Tabel132[ID],'Total-corrected counts Z<3'!A9) -> 93 | S9: =IFERROR(_xlfn.T.TEST(E9:K9,L9:P9,2,2),"") -> 0.7413287 | T9: =IFERROR(AVERAGE(E9:K9),"") -> 5.7102748 | U9: =IFERROR(AVERAGE(L9:P9),"") -> 7.537824
A10: 8 | B10: Basic cell groups and regions | C10: 100 | D10: 997 | E10: =IFERROR(IF(OR(HLOOKUP($A10,'Z-scores'!$C$2:$RO$15,3,FALSE)>3,HLOOKUP($A10,'Z-scores'!$C$2:$RO$15,3,FALSE)<-3),"",'Total-corrected counts'!E10),"") | F10: =IFERROR(IF(OR(HLOOKUP($A10,'Z-scores'!$C$2:$RO$15,4,FALSE)>3,HLOOKUP($A10,'Z-scores'!$C$2:$RO$15,4,FALSE)<-3),"",'Total-corrected counts'!F10),"") | G10: =IFERROR(IF(OR(HLOOKUP($A10,'Z-scores'!$C$2:$RO$15,5,FALSE)>3,HLOOKUP($A10,'Z-scores'!$C$2:$RO$15,5,FALSE)<-3),"",'Total-corrected counts'!G10),"") | H10: =IFERROR(IF(OR(HLOOKUP($A10,'Z-scores'!$C$2:$RO$15,6,FALSE)>3,HLOOKUP($A10,'Z-scores'!$C$2:$RO$15,6,FALSE)<-3),"",'Total-corrected counts'!H10),"") | I10: =IFERROR(IF(OR(HLOOKUP($A10,'Z-scores'!$C$2:$RO$15,7,FALSE)>3,HLOOKUP($A10,'Z-scores'!$C$2:$RO$15,7,FALSE)<-3),"",'Total-corrected counts'!I10),"") | J10: =IFERROR(IF(OR(HLOOKUP($A10,'Z-scores'!$C$2:$RO$15,8,FALSE)>3,HLOOKUP($A10,'Z-scores'!$C$2:$RO$15,8,FALSE)<-3),"",'Total-corrected counts'!J10),"") | K10: =IFERROR(IF(OR(HLOOKUP($A10,'Z-scores'!$C$2:$RO$15,9,FALSE)>3,HLOOKUP($A10,'Z-scores'!$C$2:$RO$15,9,FALSE)<-3),"",'Total-corrected counts'!K10),"") | L10: =IFERROR(IF(OR(HLOOKUP($A10,'Z-scores'!$C$2:$RO$15,10,FALSE)>3,HLOOKUP($A10,'Z-scores'!$C$2:$RO$15,10,FALSE)<-3),"",'Total-corrected counts'!L10),"") | M10: =IFERROR(IF(OR(HLOOKUP($A10,'Z-scores'!$C$2:$RO$15,11,FALSE)>3,HLOOKUP($A10,'Z-scores'!$C$2:$RO$15,11,FALSE)<-3),"",'Total-corrected counts'!M10),"") | N10: =IFERROR(IF(OR(HLOOKUP($A10,'Z-scores'!$C$2:$RO$15,12,FALSE)>3,HLOOKUP($A10,'Z-scores'!$C$2:$RO$15,12,FALSE)<-3),"",'Total-corrected counts'!N10),"") | O10: =IFERROR(IF(OR(HLOOKUP($A10,'Z-scores'!$C$2:$RO$15,13,FALSE)>3,HLOOKUP($A10,'Z-scores'!$C$2:$RO$15,13,FALSE)<-3),"",'Total-corrected counts'!O10),"") | P10: =IFERROR(IF(OR(HLOOKUP($A10,'Z-scores'!$C$2:$RO$15,14,FALSE)>3,HLOOKUP($A10,'Z-scores'!$C$2:$RO$15,14,FALSE)<-3),"",'Total-corrected counts'!P10),"") | Q10: =IF(AND(T10=0,U10=0),0,1) -> 1 | R10: =SUMIFS(Tabel132[Cluster],Tabel132[ID],'Total-corrected counts Z<3'!A10) -> 0 | S10: =IFERROR(_xlfn.T.TEST(E10:K10,L10:P10,2,2),"") | T10: =IFERROR(AVERAGE(E10:K10),"") | U10: =IFERROR(AVERAGE(L10:P10),"")
A11: 9 | B11: Primary somatosensory area, trunk, layer 6a | C11: 7500 | D11: 361 | E11: =IFERROR(IF(OR(HLOOKUP($A11,'Z-scores'!$C$2:$RO$15,3,FALSE)>3,HLOOKUP($A11,'Z-scores'!$C$2:$RO$15,3,FALSE)<-3),"",'Total-corrected counts'!E11),"") -> 10.714028 | F11: =IFERROR(IF(OR(HLOOKUP($A11,'Z-scores'!$C$2:$RO$15,4,FALSE)>3,HLOOKUP($A11,'Z-scores'!$C$2:$RO$15,4,FALSE)<-3),"",'Total-corrected counts'!F11),"") -> 2.6228081 | G11: =IFERROR(IF(OR(HLOOKUP($A11,'Z-scores'!$C$2:$RO$15,5,FALSE)>3,HLOOKUP($A11,'Z-scores'!$C$2:$RO$15,5,FALSE)<-3),"",'Total-corrected counts'!G11),"") -> 2.6964526 | H11: =IFERROR(IF(OR(HLOOKUP($A11,'Z-scores'!$C$2:$RO$15,6,FALSE)>3,HLOOKUP($A11,'Z-scores'!$C$2:$RO$15,6,FALSE)<-3),"",'Total-corrected counts'!H11),"") -> 3.3418864 | I11: =IFERROR(IF(OR(HLOOKUP($A11,'Z-scores'!$C$2:$RO$15,7,FALSE)>3,HLOOKUP($A11,'Z-scores'!$C$2:$RO$15,7,FALSE)<-3),"",'Total-corrected counts'!I11),"") -> 2.9710428 | J11: =IFERROR(IF(OR(HLOOKUP($A11,'Z-scores'!$C$2:$RO$15,8,FALSE)>3,HLOOKUP($A11,'Z-scores'!$C$2:$RO$15,8,FALSE)<-3),"",'Total-corrected counts'!J11),"") -> 16.402061 | K11: =IFERROR(IF(OR(HLOOKUP($A11,'Z-scores'!$C$2:$RO$15,9,FALSE)>3,HLOOKUP($A11,'Z-scores'!$C$2:$RO$15,9,FALSE)<-3),"",'Total-corrected counts'!K11),"") -> 7.3454524 | L11: =IFERROR(IF(OR(HLOOKUP($A11,'Z-scores'!$C$2:$RO$15,10,FALSE)>3,HLOOKUP($A11,'Z-scores'!$C$2:$RO$15,10,FALSE)<-3),"",'Total-corrected counts'!L11),"") -> 3.1039313 | M11: =IFERROR(IF(OR(HLOOKUP($A11,'Z-scores'!$C$2:$RO$15,11,FALSE)>3,HLOOKUP($A11,'Z-scores'!$C$2:$RO$15,11,FALSE)<-3),"",'Total-corrected counts'!M11),"") -> 11.326024 | N11: =IFERROR(IF(OR(HLOOKUP($A11,'Z-scores'!$C$2:$RO$15,12,FALSE)>3,HLOOKUP($A11,'Z-scores'!$C$2:$RO$15,12,FALSE)<-3),"",'Total-corrected counts'!N11),"") -> 9.5194188 | O11: =IFERROR(IF(OR(HLOOKUP($A11,'Z-scores'!$C$2:$RO$15,13,FALSE)>3,HLOOKUP($A11,'Z-scores'!$C$2:$RO$15,13,FALSE)<-3),"",'Total-corrected counts'!O11),"") -> 5.3649729 | P11: =IFERROR(IF(OR(HLOOKUP($A11,'Z-scores'!$C$2:$RO$15,14,FALSE)>3,HLOOKUP($A11,'Z-scores'!$C$2:$RO$15,14,FALSE)<-3),"",'Total-corrected counts'!P11),"") -> 6.4801431 | Q11: =IF(AND(T11=0,U11=0),0,1) -> 1 | R11: =SUMIFS(Tabel132[Cluster],Tabel132[ID],'Total-corrected counts Z<3'!A11) -> 10 | S11: =IFERROR(_xlfn.T.TEST(E11:K11,L11:P11,2,2),"") -> 0.835449 | T11: =IFERROR(AVERAGE(E11:K11),"") -> 6.5848189 | U11: =IFERROR(AVERAGE(L11:P11),"") -> 7.158898
A12: 10 | B12: Superior colliculus, motor related, intermediate gray layer | C12: 81100 | D12: 294 | E12: =IFERROR(IF(OR(HLOOKUP($A12,'Z-scores'!$C$2:$RO$15,3,FALSE)>3,HLOOKUP($A12,'Z-scores'!$C$2:$RO$15,3,FALSE)<-3),"",'Total-corrected counts'!E12),"") -> 32.235049 | F12: =IFERROR(IF(OR(HLOOKUP($A12,'Z-scores'!$C$2:$RO$15,4,FALSE)>3,HLOOKUP($A12,'Z-scores'!$C$2:$RO$15,4,FALSE)<-3),"",'Total-corrected counts'!F12),"") -> 12.84897 | G12: =IFERROR(IF(OR(HLOOKUP($A12,'Z-scores'!$C$2:$RO$15,5,FALSE)>3,HLOOKUP($A12,'Z-scores'!$C$2:$RO$15,5,FALSE)<-3),"",'Total-corrected counts'!G12),"") -> 13.053688 | H12: =IFERROR(IF(OR(HLOOKUP($A12,'Z-scores'!$C$2:$RO$15,6,FALSE)>3,HLOOKUP($A12,'Z-scores'!$C$2:$RO$15,6,FALSE)<-3),"",'Total-corrected counts'!H12),"") -> 34.838022 | I12: =IFERROR(IF(OR(HLOOKUP($A12,'Z-scores'!$C$2:$RO$15,7,FALSE)>3,HLOOKUP($A12,'Z-scores'!$C$2:$RO$15,7,FALSE)<-3),"",'Total-corrected counts'!I12),"") -> 24.360085 | J12: =IFERROR(IF(OR(HLOOKUP($A12,'Z-scores'!$C$2:$RO$15,8,FALSE)>3,HLOOKUP($A12,'Z-scores'!$C$2:$RO$15,8,FALSE)<-3),"",'Total-corrected counts'!J12),"") -> 16.119642 | K12: =IFERROR(IF(OR(HLOOKUP($A12,'Z-scores'!$C$2:$RO$15,9,FALSE)>3,HLOOKUP($A12,'Z-scores'!$C$2:$RO$15,9,FALSE)<-3),"",'Total-corrected counts'!K12),"") -> 19.889225 | L12: =IFERROR(IF(OR(HLOOKUP($A12,'Z-scores'!$C$2:$RO$15,10,FALSE)>3,HLOOKUP($A12,'Z-scores'!$C$2:$RO$15,10,FALSE)<-3),"",'Total-corrected counts'!L12),"") -> 20.800371 | M12: =IFERROR(IF(OR(HLOOKUP($A12,'Z-scores'!$C$2:$RO$15,11,FALSE)>3,HLOOKUP($A12,'Z-scores'!$C$2:$RO$15,11,FALSE)<-3),"",'Total-corrected counts'!M12),"") -> 4.2319259 | N12: =IFERROR(IF(OR(HLOOKUP($A12,'Z-scores'!$C$2:$RO$15,12,FALSE)>3,HLOOKUP($A12,'Z-scores'!$C$2:$RO$15,12,FALSE)<-3),"",'Total-corrected counts'!N12),"") -> 40.203536 | O12: =IFERROR(IF(OR(HLOOKUP($A12,'Z-scores'!$C$2:$RO$15,13,FALSE)>3,HLOOKUP($A12,'Z-scores'!$C$2:$RO$15,13,FALSE)<-3),"",'Total-corrected counts'!O12),"") -> 15.682229 | P12: =IFERROR(IF(OR(HLOOKUP($A12,'Z-scores'!$C$2:$RO$15,14,FALSE)>3,HLOOKUP($A12,'Z-scores'!$C$2:$RO$15,14,FALSE)<-3),"",'Total-corrected counts'!P12),"") -> 68.036945 | Q12: =IF(AND(T12=0,U12=0),0,1) -> 1 | R12: =SUMIFS(Tabel132[Cluster],Tabel132[ID],'Total-corrected counts Z<3'!A12) -> 89 | S12: =IFERROR(_xlfn.T.TEST(E12:K12,L12:P12,2,2),"") -> 0.45359851 | T12: =IFERROR(AVERAGE(E12:K12),"") -> 21.906383 | U12: =IFERROR(AVERAGE(L12:P12),"") -> 29.791001
A13: 11 | B13: posterolateral fissure | C13: 118300 | D13: 1040 | E13: =IFERROR(IF(OR(HLOOKUP($A13,'Z-scores'!$C$2:$RO$15,3,FALSE)>3,HLOOKUP($A13,'Z-scores'!$C$2:$RO$15,3,FALSE)<-3),"",'Total-corrected counts'!E13),"") | F13: =IFERROR(IF(OR(HLOOKUP($A13,'Z-scores'!$C$2:$RO$15,4,FALSE)>3,HLOOKUP($A13,'Z-scores'!$C$2:$RO$15,4,FALSE)<-3),"",'Total-corrected counts'!F13),"") | G13: =IFERROR(IF(OR(HLOOKUP($A13,'Z-scores'!$C$2:$RO$15,5,FALSE)>3,HLOOKUP($A13,'Z-scores'!$C$2:$RO$15,5,FALSE)<-3),"",'Total-corrected counts'!G13),"") | H13: =IFERROR(IF(OR(HLOOKUP($A13,'Z-scores'!$C$2:$RO$15,6,FALSE)>3,HLOOKUP($A13,'Z-scores'!$C$2:$RO$15,6,FALSE)<-3),"",'Total-corrected counts'!H13),"") | I13: =IFERROR(IF(OR(HLOOKUP($A13,'Z-scores'!$C$2:$RO$15,7,FALSE)>3,HLOOKUP($A13,'Z-scores'!$C$2:$RO$15,7,FALSE)<-3),"",'Total-corrected counts'!I13),"") | J13: =IFERROR(IF(OR(HLOOKUP($A13,'Z-scores'!$C$2:$RO$15,8,FALSE)>3,HLOOKUP($A13,'Z-scores'!$C$2:$RO$15,8,FALSE)<-3),"",'Total-corrected counts'!J13),"") | K13: =IFERROR(IF(OR(HLOOKUP($A13,'Z-scores'!$C$2:$RO$15,9,FALSE)>3,HLOOKUP($A13,'Z-scores'!$C$2:$RO$15,9,FALSE)<-3),"",'Total-corrected counts'!K13),"") | L13: =IFERROR(IF(OR(HLOOKUP($A13,'Z-scores'!$C$2:$RO$15,10,FALSE)>3,HLOOKUP($A13,'Z-scores'!$C$2:$RO$15,10,FALSE)<-3),"",'Total-corrected counts'!L13),"") | M13: =IFERROR(IF(OR(HLOOKUP($A13,'Z-scores'!$C$2:$RO$15,11,FALSE)>3,HLOOKUP($A13,'Z-scores'!$C$2:$RO$15,11,FALSE)<-3),"",'Total-corrected counts'!M13),"") | N13: =IFERROR(IF(OR(HLOOKUP($A13,'Z-scores'!$C$2:$RO$15,12,FALSE)>3,HLOOKUP($A13,'Z-scores'!$C$2:$RO$15,12,FALSE)<-3),"",'Total-corrected counts'!N13),"") | O13: =IFERROR(IF(OR(HLOOKUP($A13,'Z-scores'!$C$2:$RO$15,13,FALSE)>3,HLOOKUP($A13,'Z-scores'!$C$2:$RO$15,13,FALSE)<-3),"",'Total-corrected counts'!O13),"") | P13: =IFERROR(IF(OR(HLOOKUP($A13,'Z-scores'!$C$2:$RO$15,14,FALSE)>3,HLOOKUP($A13,'Z-scores'!$C$2:$RO$15,14,FALSE)<-3),"",'Total-corrected counts'!P13),"") | Q13: =IF(AND(T13=0,U13=0),0,1) -> 1 | R13: =SUMIFS(Tabel132[Cluster],Tabel132[ID],'Total-corrected counts Z<3'!A13) -> 0 | S13: =IFERROR(_xlfn.T.TEST(E13:K13,L13:P13,2,2),"") | T13: =IFERROR(AVERAGE(E13:K13),"") | U13: =IFERROR(AVERAGE(L13:P13),"")
A14: 12 | B14: Interfascicular nucleus raphÈ | C14: 84100 | D14: 165 | E14: =IFERROR(IF(OR(HLOOKUP($A14,'Z-scores'!$C$2:$RO$15,3,FALSE)>3,HLOOKUP($A14,'Z-scores'!$C$2:$RO$15,3,FALSE)<-3),"",'Total-corrected counts'!E14),"") | F14: =IFERROR(IF(OR(HLOOKUP($A14,'Z-scores'!$C$2:$RO$15,4,FALSE)>3,HLOOKUP($A14,'Z-scores'!$C$2:$RO$15,4,FALSE)<-3),"",'Total-corrected counts'!F14),"") | G14: =IFERROR(IF(OR(HLOOKUP($A14,'Z-scores'!$C$2:$RO$15,5,FALSE)>3,HLOOKUP($A14,'Z-scores'!$C$2:$RO$15,5,FALSE)<-3),"",'Total-corrected counts'!G14),"") | H14: =IFERROR(IF(OR(HLOOKUP($A14,'Z-scores'!$C$2:$RO$15,6,FALSE)>3,HLOOKUP($A14,'Z-scores'!$C$2:$RO$15,6,FALSE)<-3),"",'Total-corrected counts'!H14),"") | I14: =IFERROR(IF(OR(HLOOKUP($A14,'Z-scores'!$C$2:$RO$15,7,FALSE)>3,HLOOKUP($A14,'Z-scores'!$C$2:$RO$15,7,FALSE)<-3),"",'Total-corrected counts'!I14),"") | J14: =IFERROR(IF(OR(HLOOKUP($A14,'Z-scores'!$C$2:$RO$15,8,FALSE)>3,HLOOKUP($A14,'Z-scores'!$C$2:$RO$15,8,FALSE)<-3),"",'Total-corrected counts'!J14),"") | K14: =IFERROR(IF(OR(HLOOKUP($A14,'Z-scores'!$C$2:$RO$15,9,FALSE)>3,HLOOKUP($A14,'Z-scores'!$C$2:$RO$15,9,FALSE)<-3),"",'Total-corrected counts'!K14),"") | L14: =IFERROR(IF(OR(HLOOKUP($A14,'Z-scores'!$C$2:$RO$15,10,FALSE)>3,HLOOKUP($A14,'Z-scores'!$C$2:$RO$15,10,FALSE)<-3),"",'Total-corrected counts'!L14),"") | M14: =IFERROR(IF(OR(HLOOKUP($A14,'Z-scores'!$C$2:$RO$15,11,FALSE)>3,HLOOKUP($A14,'Z-scores'!$C$2:$RO$15,11,FALSE)<-3),"",'Total-corrected counts'!M14),"") | N14: =IFERROR(IF(OR(HLOOKUP($A14,'Z-scores'!$C$2:$RO$15,12,FALSE)>3,HLOOKUP($A14,'Z-scores'!$C$2:$RO$15,12,FALSE)<-3),"",'Total-corrected counts'!N14),"") | O14: =IFERROR(IF(OR(HLOOKUP($A14,'Z-scores'!$C$2:$RO$15,13,FALSE)>3,HLOOKUP($A14,'Z-scores'!$C$2:$RO$15,13,FALSE)<-3),"",'Total-corrected counts'!O14),"") | P14: =IFERROR(IF(OR(HLOOKUP($A14,'Z-scores'!$C$2:$RO$15,14,FALSE)>3,HLOOKUP($A14,'Z-scores'!$C$2:$RO$15,14,FALSE)<-3),"",'Total-corrected counts'!P14),"") | Q14: =IF(AND(T14=0,U14=0),0,1) -> 1 | R14: =SUMIFS(Tabel132[Cluster],Tabel132[ID],'Total-corrected counts Z<3'!A14) -> 92 | S14: =IFERROR(_xlfn.T.TEST(E14:K14,L14:P14,2,2),"") | T14: =IFERROR(AVERAGE(E14:K14),"") | U14: =IFERROR(AVERAGE(L14:P14),"")
A15: 14 | B15: internal medullary lamina of the thalamus | C15: 108200 | D15: 896 | E15: =IFERROR(IF(OR(HLOOKUP($A15,'Z-scores'!$C$2:$RO$15,3,FALSE)>3,HLOOKUP($A15,'Z-scores'!$C$2:$RO$15,3,FALSE)<-3),"",'Total-corrected counts'!E15),"") | F15: =IFERROR(IF(OR(HLOOKUP($A15,'Z-scores'!$C$2:$RO$15,4,FALSE)>3,HLOOKUP($A15,'Z-scores'!$C$2:$RO$15,4,FALSE)<-3),"",'Total-corrected counts'!F15),"") | G15: =IFERROR(IF(OR(HLOOKUP($A15,'Z-scores'!$C$2:$RO$15,5,FALSE)>3,HLOOKUP($A15,'Z-scores'!$C$2:$RO$15,5,FALSE)<-3),"",'Total-corrected counts'!G15),"") | H15: =IFERROR(IF(OR(HLOOKUP($A15,'Z-scores'!$C$2:$RO$15,6,FALSE)>3,HLOOKUP($A15,'Z-scores'!$C$2:$RO$15,6,FALSE)<-3),"",'Total-corrected counts'!H15),"") | I15: =IFERROR(IF(OR(HLOOKUP($A15,'Z-scores'!$C$2:$RO$15,7,FALSE)>3,HLOOKUP($A15,'Z-scores'!$C$2:$RO$15,7,FALSE)<-3),"",'Total-corrected counts'!I15),"") | J15: =IFERROR(IF(OR(HLOOKUP($A15,'Z-scores'!$C$2:$RO$15,8,FALSE)>3,HLOOKUP($A15,'Z-scores'!$C$2:$RO$15,8,FALSE)<-3),"",'Total-corrected counts'!J15),"") | K15: =IFERROR(IF(OR(HLOOKUP($A15,'Z-scores'!$C$2:$RO$15,9,FALSE)>3,HLOOKUP($A15,'Z-scores'!$C$2:$RO$15,9,FALSE)<-3),"",'Total-corrected counts'!K15),"") | L15: =IFERROR(IF(OR(HLOOKUP($A15,'Z-scores'!$C$2:$RO$15,10,FALSE)>3,HLOOKUP($A15,'Z-scores'!$C$2:$RO$15,10,FALSE)<-3),"",'Total-corrected counts'!L15),"") | M15: =IFERROR(IF(OR(HLOOKUP($A15,'Z-scores'!$C$2:$RO$15,11,FALSE)>3,HLOOKUP($A15,'Z-scores'!$C$2:$RO$15,11,FALSE)<-3),"",'Total-corrected counts'!M15),"") | N15: =IFERROR(IF(OR(HLOOKUP($A15,'Z-scores'!$C$2:$RO$15,12,FALSE)>3,HLOOKUP($A15,'Z-scores'!$C$2:$RO$15,12,FALSE)<-3),"",'Total-corrected counts'!N15),"") | O15: =IFERROR(IF(OR(HLOOKUP($A15,'Z-scores'!$C$2:$RO$15,13,FALSE)>3,HLOOKUP($A15,'Z-scores'!$C$2:$RO$15,13,FALSE)<-3),"",'Total-corrected counts'!O15),"") | P15: =IFERROR(IF(OR(HLOOKUP($A15,'Z-scores'!$C$2:$RO$15,14,FALSE)>3,HLOOKUP($A15,'Z-scores'!$C$2:$RO$15,14,FALSE)<-3),"",'Total-corrected counts'!P15),"") | Q15: =IF(AND(T15=0,U15=0),0,1) -> 1 | R15: =SUMIFS(Tabel132[Cluster],Tabel132[ID],'Total-corrected counts Z<3'!A15) -> 0 | S15: =IFERROR(_xlfn.T.TEST(E15:K15,L15:P15,2,2),"") | T15: =IFERROR(AVERAGE(E15:K15),"") | U15: =IFERROR(AVERAGE(L15:P15),"")
... A988: 996 | B988: Agranular insular area, dorsal part, layer 1 | C988: 23500 | D988: 104 | E988: =IFERROR(IF(OR(HLOOKUP($A988,'Z-scores'!$C$2:$RO$15,3,FALSE)>3,HLOOKUP($A988,'Z-scores'!$C$2:$RO$15,3,FALSE)<-3),"",'Total-corrected counts'!E988),"") -> 12.980011 | F988: =IFERROR(IF(OR(HLOOKUP($A988,'Z-scores'!$C$2:$RO$15,4,FALSE)>3,HLOOKUP($A988,'Z-scores'!$C$2:$RO$15,4,FALSE)<-3),"",'Total-corrected counts'!F988),"") -> 49.079994 | G988: =IFERROR(IF(OR(HLOOKUP($A988,'Z-scores'!$C$2:$RO$15,5,FALSE)>3,HLOOKUP($A988,'Z-scores'!$C$2:$RO$15,5,FALSE)<-3),"",'Total-corrected counts'!G988),"") -> 26.321664 | H988: =IFERROR(IF(OR(HLOOKUP($A988,'Z-scores'!$C$2:$RO$15,6,FALSE)>3,HLOOKUP($A988,'Z-scores'!$C$2:$RO$15,6,FALSE)<-3),"",'Total-corrected counts'!H988),"") -> 7.3017929 | I988: =IFERROR(IF(OR(HLOOKUP($A988,'Z-scores'!$C$2:$RO$15,7,FALSE)>3,HLOOKUP($A988,'Z-scores'!$C$2:$RO$15,7,FALSE)<-3),"",'Total-corrected counts'!I988),"") -> 3.3408822 | J988: =IFERROR(IF(OR(HLOOKUP($A988,'Z-scores'!$C$2:$RO$15,8,FALSE)>3,HLOOKUP($A988,'Z-scores'!$C$2:$RO$15,8,FALSE)<-3),"",'Total-corrected counts'!J988),"") -> 20.964224 | K988: =IFERROR(IF(OR(HLOOKUP($A988,'Z-scores'!$C$2:$RO$15,9,FALSE)>3,HLOOKUP($A988,'Z-scores'!$C$2:$RO$15,9,FALSE)<-3),"",'Total-corrected counts'!K988),"") -> 6.7239141 | L988: =IFERROR(IF(OR(HLOOKUP($A988,'Z-scores'!$C$2:$RO$15,10,FALSE)>3,HLOOKUP($A988,'Z-scores'!$C$2:$RO$15,10,FALSE)<-3),"",'Total-corrected counts'!L988),"") -> 24.468653 | M988: =IFERROR(IF(OR(HLOOKUP($A988,'Z-scores'!$C$2:$RO$15,11,FALSE)>3,HLOOKUP($A988,'Z-scores'!$C$2:$RO$15,11,FALSE)<-3),"",'Total-corrected counts'!M988),"") -> 36.983352 | N988: =IFERROR(IF(OR(HLOOKUP($A988,'Z-scores'!$C$2:$RO$15,12,FALSE)>3,HLOOKUP($A988,'Z-scores'!$C$2:$RO$15,12,FALSE)<-3),"",'Total-corrected counts'!N988),"") -> 17.391082 | O988: =IFERROR(IF(OR(HLOOKUP($A988,'Z-scores'!$C$2:$RO$15,13,FALSE)>3,HLOOKUP($A988,'Z-scores'!$C$2:$RO$15,13,FALSE)<-3),"",'Total-corrected counts'!O988),"") -> 21.938237 | P988: =IFERROR(IF(OR(HLOOKUP($A988,'Z-scores'!$C$2:$RO$15,14,FALSE)>3,HLOOKUP($A988,'Z-scores'!$C$2:$RO$15,14,FALSE)<-3),"",'Total-corrected counts'!P988),"") -> 7.2366155 | Q988: =IF(AND(T988=0,U988=0),0,1) -> 1 | R988: =SUMIFS(Tabel132[Cluster],Tabel132[ID],'Total-corrected counts Z<3'!A988) -> 30 | S988: =IFERROR(_xlfn.T.TEST(E988:K988,L988:P988,2,2),"") -> 0.68092906 | T988: =IFERROR(AVERAGE(E988:K988),"") -> 18.101783 | U988: =IFERROR(AVERAGE(L988:P988),"") -> 21.603588
A989: 997 | B989: root | C989: 0 | E989: =IFERROR(IF(OR(HLOOKUP($A989,'Z-scores'!$C$2:$RO$15,3,FALSE)>3,HLOOKUP($A989,'Z-scores'!$C$2:$RO$15,3,FALSE)<-3),"",'Total-corrected counts'!E989),"") -> 0.011620421 | F989: =IFERROR(IF(OR(HLOOKUP($A989,'Z-scores'!$C$2:$RO$15,4,FALSE)>3,HLOOKUP($A989,'Z-scores'!$C$2:$RO$15,4,FALSE)<-3),"",'Total-corrected counts'!F989),"") -> 0 | G989: =IFERROR(IF(OR(HLOOKUP($A989,'Z-scores'!$C$2:$RO$15,5,FALSE)>3,HLOOKUP($A989,'Z-scores'!$C$2:$RO$15,5,FALSE)<-3),"",'Total-corrected counts'!G989),"") -> 0.053571907 | H989: =IFERROR(IF(OR(HLOOKUP($A989,'Z-scores'!$C$2:$RO$15,6,FALSE)>3,HLOOKUP($A989,'Z-scores'!$C$2:$RO$15,6,FALSE)<-3),"",'Total-corrected counts'!H989),"") -> 0.015259755 | I989: =IFERROR(IF(OR(HLOOKUP($A989,'Z-scores'!$C$2:$RO$15,7,FALSE)>3,HLOOKUP($A989,'Z-scores'!$C$2:$RO$15,7,FALSE)<-3),"",'Total-corrected counts'!I989),"") -> 0 | J989: =IFERROR(IF(OR(HLOOKUP($A989,'Z-scores'!$C$2:$RO$15,8,FALSE)>3,HLOOKUP($A989,'Z-scores'!$C$2:$RO$15,8,FALSE)<-3),"",'Total-corrected counts'!J989),"") -> 0.065173753 | K989: =IFERROR(IF(OR(HLOOKUP($A989,'Z-scores'!$C$2:$RO$15,9,FALSE)>3,HLOOKUP($A989,'Z-scores'!$C$2:$RO$15,9,FALSE)<-3),"",'Total-corrected counts'!K989),"") -> 0 | L989: =IFERROR(IF(OR(HLOOKUP($A989,'Z-scores'!$C$2:$RO$15,10,FALSE)>3,HLOOKUP($A989,'Z-scores'!$C$2:$RO$15,10,FALSE)<-3),"",'Total-corrected counts'!L989),"") -> 0 | M989: =IFERROR(IF(OR(HLOOKUP($A989,'Z-scores'!$C$2:$RO$15,11,FALSE)>3,HLOOKUP($A989,'Z-scores'!$C$2:$RO$15,11,FALSE)<-3),"",'Total-corrected counts'!M989),"") -> 0 | N989: =IFERROR(IF(OR(HLOOKUP($A989,'Z-scores'!$C$2:$RO$15,12,FALSE)>3,HLOOKUP($A989,'Z-scores'!$C$2:$RO$15,12,FALSE)<-3),"",'Total-corrected counts'!N989),"") -> 0 | O989: =IFERROR(IF(OR(HLOOKUP($A989,'Z-scores'!$C$2:$RO$15,13,FALSE)>3,HLOOKUP($A989,'Z-scores'!$C$2:$RO$15,13,FALSE)<-3),"",'Total-corrected counts'!O989),"") -> 0.065655263 | P989: =IFERROR(IF(OR(HLOOKUP($A989,'Z-scores'!$C$2:$RO$15,14,FALSE)>3,HLOOKUP($A989,'Z-scores'!$C$2:$RO$15,14,FALSE)<-3),"",'Total-corrected counts'!P989),"") -> 0 | Q989: =IF(AND(T989=0,U989=0),0,1) -> 1 | R989: =SUMIFS(Tabel132[Cluster],Tabel132[ID],'Total-corrected counts Z<3'!A989) -> 0 | S989: =IFERROR(_xlfn.T.TEST(E989:K989,L989:P989,2,2),"") -> 0.65114993 | T989: =IFERROR(AVERAGE(E989:K989),"") -> 0.020803691 | U989: =IFERROR(AVERAGE(L989:P989),"") -> 0.013131053
A990: 998 | B990: Fundus of striatum | C990: 48500 | D990: 493 | E990: =IFERROR(IF(OR(HLOOKUP($A990,'Z-scores'!$C$2:$RO$15,3,FALSE)>3,HLOOKUP($A990,'Z-scores'!$C$2:$RO$15,3,FALSE)<-3),"",'Total-corrected counts'!E990),"") -> 5.1013649 | F990: =IFERROR(IF(OR(HLOOKUP($A990,'Z-scores'!$C$2:$RO$15,4,FALSE)>3,HLOOKUP($A990,'Z-scores'!$C$2:$RO$15,4,FALSE)<-3),"",'Total-corrected counts'!F990),"") -> 4.9247408 | G990: =IFERROR(IF(OR(HLOOKUP($A990,'Z-scores'!$C$2:$RO$15,5,FALSE)>3,HLOOKUP($A990,'Z-scores'!$C$2:$RO$15,5,FALSE)<-3),"",'Total-corrected counts'!G990),"") -> 4.5357548 | H990: =IFERROR(IF(OR(HLOOKUP($A990,'Z-scores'!$C$2:$RO$15,6,FALSE)>3,HLOOKUP($A990,'Z-scores'!$C$2:$RO$15,6,FALSE)<-3),"",'Total-corrected counts'!H990),"") -> 6.4625064 | I990: =IFERROR(IF(OR(HLOOKUP($A990,'Z-scores'!$C$2:$RO$15,7,FALSE)>3,HLOOKUP($A990,'Z-scores'!$C$2:$RO$15,7,FALSE)<-3),"",'Total-corrected counts'!I990),"") -> 4.5490241 | J990: =IFERROR(IF(OR(HLOOKUP($A990,'Z-scores'!$C$2:$RO$15,8,FALSE)>3,HLOOKUP($A990,'Z-scores'!$C$2:$RO$15,8,FALSE)<-3),"",'Total-corrected counts'!J990),"") -> 4.2145694 | K990: =IFERROR(IF(OR(HLOOKUP($A990,'Z-scores'!$C$2:$RO$15,9,FALSE)>3,HLOOKUP($A990,'Z-scores'!$C$2:$RO$15,9,FALSE)<-3),"",'Total-corrected counts'!K990),"") -> 8.4613961 | L990: =IFERROR(IF(OR(HLOOKUP($A990,'Z-scores'!$C$2:$RO$15,10,FALSE)>3,HLOOKUP($A990,'Z-scores'!$C$2:$RO$15,10,FALSE)<-3),"",'Total-corrected counts'!L990),"") -> 1.7938304 | M990: =IFERROR(IF(OR(HLOOKUP($A990,'Z-scores'!$C$2:$RO$15,11,FALSE)>3,HLOOKUP($A990,'Z-scores'!$C$2:$RO$15,11,FALSE)<-3),"",'Total-corrected counts'!M990),"") -> 1.0017602 | N990: =IFERROR(IF(OR(HLOOKUP($A990,'Z-scores'!$C$2:$RO$15,12,FALSE)>3,HLOOKUP($A990,'Z-scores'!$C$2:$RO$15,12,FALSE)<-3),"",'Total-corrected counts'!N990),"") -> 8.1960915 | O990: =IFERROR(IF(OR(HLOOKUP($A990,'Z-scores'!$C$2:$RO$15,13,FALSE)>3,HLOOKUP($A990,'Z-scores'!$C$2:$RO$15,13,FALSE)<-3),"",'Total-corrected counts'!O990),"") -> 2.8513143 | P990: =IFERROR(IF(OR(HLOOKUP($A990,'Z-scores'!$C$2:$RO$15,14,FALSE)>3,HLOOKUP($A990,'Z-scores'!$C$2:$RO$15,14,FALSE)<-3),"",'Total-corrected counts'!P990),"") -> 11.866591 | Q990: =IF(AND(T990=0,U990=0),0,1) -> 1 | R990: =SUMIFS(Tabel132[Cluster],Tabel132[ID],'Total-corrected counts Z<3'!A990) -> 64 | S990: =IFERROR(_xlfn.T.TEST(E990:K990,L990:P990,2,2),"") -> 0.86648972 | T990: =IFERROR(AVERAGE(E990:K990),"") -> 5.4641938 | U990: =IFERROR(AVERAGE(L990:P990),"") -> 5.1419175
A991: 999 | B991: Entorhinal area, lateral part, layer 2/3 | C991: 41600 | D991: 918 | E991: =IFERROR(IF(OR(HLOOKUP($A991,'Z-scores'!$C$2:$RO$15,3,FALSE)>3,HLOOKUP($A991,'Z-scores'!$C$2:$RO$15,3,FALSE)<-3),"",'Total-corrected counts'!E991),"") | F991: =IFERROR(IF(OR(HLOOKUP($A991,'Z-scores'!$C$2:$RO$15,4,FALSE)>3,HLOOKUP($A991,'Z-scores'!$C$2:$RO$15,4,FALSE)<-3),"",'Total-corrected counts'!F991),"") | G991: =IFERROR(IF(OR(HLOOKUP($A991,'Z-scores'!$C$2:$RO$15,5,FALSE)>3,HLOOKUP($A991,'Z-scores'!$C$2:$RO$15,5,FALSE)<-3),"",'Total-corrected counts'!G991),"") | H991: =IFERROR(IF(OR(HLOOKUP($A991,'Z-scores'!$C$2:$RO$15,6,FALSE)>3,HLOOKUP($A991,'Z-scores'!$C$2:$RO$15,6,FALSE)<-3),"",'Total-corrected counts'!H991),"") | I991: =IFERROR(IF(OR(HLOOKUP($A991,'Z-scores'!$C$2:$RO$15,7,FALSE)>3,HLOOKUP($A991,'Z-scores'!$C$2:$RO$15,7,FALSE)<-3),"",'Total-corrected counts'!I991),"") | J991: =IFERROR(IF(OR(HLOOKUP($A991,'Z-scores'!$C$2:$RO$15,8,FALSE)>3,HLOOKUP($A991,'Z-scores'!$C$2:$RO$15,8,FALSE)<-3),"",'Total-corrected counts'!J991),"") | K991: =IFERROR(IF(OR(HLOOKUP($A991,'Z-scores'!$C$2:$RO$15,9,FALSE)>3,HLOOKUP($A991,'Z-scores'!$C$2:$RO$15,9,FALSE)<-3),"",'Total-corrected counts'!K991),"") | L991: =IFERROR(IF(OR(HLOOKUP($A991,'Z-scores'!$C$2:$RO$15,10,FALSE)>3,HLOOKUP($A991,'Z-scores'!$C$2:$RO$15,10,FALSE)<-3),"",'Total-corrected counts'!L991),"") | M991: =IFERROR(IF(OR(HLOOKUP($A991,'Z-scores'!$C$2:$RO$15,11,FALSE)>3,HLOOKUP($A991,'Z-scores'!$C$2:$RO$15,11,FALSE)<-3),"",'Total-corrected counts'!M991),"") | N991: =IFERROR(IF(OR(HLOOKUP($A991,'Z-scores'!$C$2:$RO$15,12,FALSE)>3,HLOOKUP($A991,'Z-scores'!$C$2:$RO$15,12,FALSE)<-3),"",'Total-corrected counts'!N991),"") | O991: =IFERROR(IF(OR(HLOOKUP($A991,'Z-scores'!$C$2:$RO$15,13,FALSE)>3,HLOOKUP($A991,'Z-scores'!$C$2:$RO$15,13,FALSE)<-3),"",'Total-corrected counts'!O991),"") | P991: =IFERROR(IF(OR(HLOOKUP($A991,'Z-scores'!$C$2:$RO$15,14,FALSE)>3,HLOOKUP($A991,'Z-scores'!$C$2:$RO$15,14,FALSE)<-3),"",'Total-corrected counts'!P991),"") | Q991: =IF(AND(T991=0,U991=0),0,1) -> 1 | R991: =SUMIFS(Tabel132[Cluster],Tabel132[ID],'Total-corrected counts Z<3'!A991) -> 54 | S991: =IFERROR(_xlfn.T.TEST(E991:K991,L991:P991,2,2),"") | T991: =IFERROR(AVERAGE(E991:K991),"") | U991: =IFERROR(AVERAGE(L991:P991),"")
A992: 1000 | B992: extrapyramidal fiber systems | C992: 108500 | D992: 1009 | E992: =IFERROR(IF(OR(HLOOKUP($A992,'Z-scores'!$C$2:$RO$15,3,FALSE)>3,HLOOKUP($A992,'Z-scores'!$C$2:$RO$15,3,FALSE)<-3),"",'Total-corrected counts'!E992),"") | F992: =IFERROR(IF(OR(HLOOKUP($A992,'Z-scores'!$C$2:$RO$15,4,FALSE)>3,HLOOKUP($A992,'Z-scores'!$C$2:$RO$15,4,FALSE)<-3),"",'Total-corrected counts'!F992),"") | G992: =IFERROR(IF(OR(HLOOKUP($A992,'Z-scores'!$C$2:$RO$15,5,FALSE)>3,HLOOKUP($A992,'Z-scores'!$C$2:$RO$15,5,FALSE)<-3),"",'Total-corrected counts'!G992),"") | H992: =IFERROR(IF(OR(HLOOKUP($A992,'Z-scores'!$C$2:$RO$15,6,FALSE)>3,HLOOKUP($A992,'Z-scores'!$C$2:$RO$15,6,FALSE)<-3),"",'Total-corrected counts'!H992),"") | I992: =IFERROR(IF(OR(HLOOKUP($A992,'Z-scores'!$C$2:$RO$15,7,FALSE)>3,HLOOKUP($A992,'Z-scores'!$C$2:$RO$15,7,FALSE)<-3),"",'Total-corrected counts'!I992),"") | J992: =IFERROR(IF(OR(HLOOKUP($A992,'Z-scores'!$C$2:$RO$15,8,FALSE)>3,HLOOKUP($A992,'Z-scores'!$C$2:$RO$15,8,FALSE)<-3),"",'Total-corrected counts'!J992),"") | K992: =IFERROR(IF(OR(HLOOKUP($A992,'Z-scores'!$C$2:$RO$15,9,FALSE)>3,HLOOKUP($A992,'Z-scores'!$C$2:$RO$15,9,FALSE)<-3),"",'Total-corrected counts'!K992),"") | L992: =IFERROR(IF(OR(HLOOKUP($A992,'Z-scores'!$C$2:$RO$15,10,FALSE)>3,HLOOKUP($A992,'Z-scores'!$C$2:$RO$15,10,FALSE)<-3),"",'Total-corrected counts'!L992),"") | M992: =IFERROR(IF(OR(HLOOKUP($A992,'Z-scores'!$C$2:$RO$15,11,FALSE)>3,HLOOKUP($A992,'Z-scores'!$C$2:$RO$15,11,FALSE)<-3),"",'Total-corrected counts'!M992),"") | N992: =IFERROR(IF(OR(HLOOKUP($A992,'Z-scores'!$C$2:$RO$15,12,FALSE)>3,HLOOKUP($A992,'Z-scores'!$C$2:$RO$15,12,FALSE)<-3),"",'Total-corrected counts'!N992),"") | O992: =IFERROR(IF(OR(HLOOKUP($A992,'Z-scores'!$C$2:$RO$15,13,FALSE)>3,HLOOKUP($A992,'Z-scores'!$C$2:$RO$15,13,FALSE)<-3),"",'Total-corrected counts'!O992),"") | P992: =IFERROR(IF(OR(HLOOKUP($A992,'Z-scores'!$C$2:$RO$15,14,FALSE)>3,HLOOKUP($A992,'Z-scores'!$C$2:$RO$15,14,FALSE)<-3),"",'Total-corrected counts'!P992),"") | Q992: =IF(AND(T992=0,U992=0),0,1) -> 1 | R992: =SUMIFS(Tabel132[Cluster],Tabel132[ID],'Total-corrected counts Z<3'!A992) -> 0 | S992: =IFERROR(_xlfn.T.TEST(E992:K992,L992:P992,2,2),"") | T992: =IFERROR(AVERAGE(E992:K992),"") | U992: =IFERROR(AVERAGE(L992:P992),"")
A993: 1001 | B993: Lobule V | C993: 56800 | D993: 928 | E993: =IFERROR(IF(OR(HLOOKUP($A993,'Z-scores'!$C$2:$RO$15,3,FALSE)>3,HLOOKUP($A993,'Z-scores'!$C$2:$RO$15,3,FALSE)<-3),"",'Total-corrected counts'!E993),"") | F993: =IFERROR(IF(OR(HLOOKUP($A993,'Z-scores'!$C$2:$RO$15,4,FALSE)>3,HLOOKUP($A993,'Z-scores'!$C$2:$RO$15,4,FALSE)<-3),"",'Total-corrected counts'!F993),"") | G993: =IFERROR(IF(OR(HLOOKUP($A993,'Z-scores'!$C$2:$RO$15,5,FALSE)>3,HLOOKUP($A993,'Z-scores'!$C$2:$RO$15,5,FALSE)<-3),"",'Total-corrected counts'!G993),"") | H993: =IFERROR(IF(OR(HLOOKUP($A993,'Z-scores'!$C$2:$RO$15,6,FALSE)>3,HLOOKUP($A993,'Z-scores'!$C$2:$RO$15,6,FALSE)<-3),"",'Total-corrected counts'!H993),"") | I993: =IFERROR(IF(OR(HLOOKUP($A993,'Z-scores'!$C$2:$RO$15,7,FALSE)>3,HLOOKUP($A993,'Z-scores'!$C$2:$RO$15,7,FALSE)<-3),"",'Total-corrected counts'!I993),"") | J993: =IFERROR(IF(OR(HLOOKUP($A993,'Z-scores'!$C$2:$RO$15,8,FALSE)>3,HLOOKUP($A993,'Z-scores'!$C$2:$RO$15,8,FALSE)<-3),"",'Total-corrected counts'!J993),"") | K993: =IFERROR(IF(OR(HLOOKUP($A993,'Z-scores'!$C$2:$RO$15,9,FALSE)>3,HLOOKUP($A993,'Z-scores'!$C$2:$RO$15,9,FALSE)<-3),"",'Total-corrected counts'!K993),"") | L993: =IFERROR(IF(OR(HLOOKUP($A993,'Z-scores'!$C$2:$RO$15,10,FALSE)>3,HLOOKUP($A993,'Z-scores'!$C$2:$RO$15,10,FALSE)<-3),"",'Total-corrected counts'!L993),"") | M993: =IFERROR(IF(OR(HLOOKUP($A993,'Z-scores'!$C$2:$RO$15,11,FALSE)>3,HLOOKUP($A993,'Z-scores'!$C$2:$RO$15,11,FALSE)<-3),"",'Total-corrected counts'!M993),"") | N993: =IFERROR(IF(OR(HLOOKUP($A993,'Z-scores'!$C$2:$RO$15,12,FALSE)>3,HLOOKUP($A993,'Z-scores'!$C$2:$RO$15,12,FALSE)<-3),"",'Total-corrected counts'!N993),"") | O993: =IFERROR(IF(OR(HLOOKUP($A993,'Z-scores'!$C$2:$RO$15,13,FALSE)>3,HLOOKUP($A993,'Z-scores'!$C$2:$RO$15,13,FALSE)<-3),"",'Total-corrected counts'!O993),"") | P993: =IFERROR(IF(OR(HLOOKUP($A993,'Z-scores'!$C$2:$RO$15,14,FALSE)>3,HLOOKUP($A993,'Z-scores'!$C$2:$RO$15,14,FALSE)<-3),"",'Total-corrected counts'!P993),"") | Q993: =IF(AND(T993=0,U993=0),0,1) -> 1 | R993: =SUMIFS(Tabel132[Cluster],Tabel132[ID],'Total-corrected counts Z<3'!A993) -> 0 | S993: =IFERROR(_xlfn.T.TEST(E993:K993,L993:P993,2,2),"") | T993: =IFERROR(AVERAGE(E993:K993),"") | U993: =IFERROR(AVERAGE(L993:P993),"")
A994: 1002 | B994: Primary auditory area | C994: 11300 | D994: 247 | E994: =IFERROR(IF(OR(HLOOKUP($A994,'Z-scores'!$C$2:$RO$15,3,FALSE)>3,HLOOKUP($A994,'Z-scores'!$C$2:$RO$15,3,FALSE)<-3),"",'Total-corrected counts'!E994),"") | F994: =IFERROR(IF(OR(HLOOKUP($A994,'Z-scores'!$C$2:$RO$15,4,FALSE)>3,HLOOKUP($A994,'Z-scores'!$C$2:$RO$15,4,FALSE)<-3),"",'Total-corrected counts'!F994),"") | G994: =IFERROR(IF(OR(HLOOKUP($A994,'Z-scores'!$C$2:$RO$15,5,FALSE)>3,HLOOKUP($A994,'Z-scores'!$C$2:$RO$15,5,FALSE)<-3),"",'Total-corrected counts'!G994),"") | H994: =IFERROR(IF(OR(HLOOKUP($A994,'Z-scores'!$C$2:$RO$15,6,FALSE)>3,HLOOKUP($A994,'Z-scores'!$C$2:$RO$15,6,FALSE)<-3),"",'Total-corrected counts'!H994),"") | I994: =IFERROR(IF(OR(HLOOKUP($A994,'Z-scores'!$C$2:$RO$15,7,FALSE)>3,HLOOKUP($A994,'Z-scores'!$C$2:$RO$15,7,FALSE)<-3),"",'Total-corrected counts'!I994),"") | J994: =IFERROR(IF(OR(HLOOKUP($A994,'Z-scores'!$C$2:$RO$15,8,FALSE)>3,HLOOKUP($A994,'Z-scores'!$C$2:$RO$15,8,FALSE)<-3),"",'Total-corrected counts'!J994),"") | K994: =IFERROR(IF(OR(HLOOKUP($A994,'Z-scores'!$C$2:$RO$15,9,FALSE)>3,HLOOKUP($A994,'Z-scores'!$C$2:$RO$15,9,FALSE)<-3),"",'Total-corrected counts'!K994),"") | L994: =IFERROR(IF(OR(HLOOKUP($A994,'Z-scores'!$C$2:$RO$15,10,FALSE)>3,HLOOKUP($A994,'Z-scores'!$C$2:$RO$15,10,FALSE)<-3),"",'Total-corrected counts'!L994),"") | M994: =IFERROR(IF(OR(HLOOKUP($A994,'Z-scores'!$C$2:$RO$15,11,FALSE)>3,HLOOKUP($A994,'Z-scores'!$C$2:$RO$15,11,FALSE)<-3),"",'Total-corrected counts'!M994),"") | N994: =IFERROR(IF(OR(HLOOKUP($A994,'Z-scores'!$C$2:$RO$15,12,FALSE)>3,HLOOKUP($A994,'Z-scores'!$C$2:$RO$15,12,FALSE)<-3),"",'Total-corrected counts'!N994),"") | O994: =IFERROR(IF(OR(HLOOKUP($A994,'Z-scores'!$C$2:$RO$15,13,FALSE)>3,HLOOKUP($A994,'Z-scores'!$C$2:$RO$15,13,FALSE)<-3),"",'Total-corrected counts'!O994),"") | P994: =IFERROR(IF(OR(HLOOKUP($A994,'Z-scores'!$C$2:$RO$15,14,FALSE)>3,HLOOKUP($A994,'Z-scores'!$C$2:$RO$15,14,FALSE)<-3),"",'Total-corrected counts'!P994),"") | Q994: =IF(AND(T994=0,U994=0),0,1) -> 1 | R994: =SUMIFS(Tabel132[Cluster],Tabel132[ID],'Total-corrected counts Z<3'!A994) -> 15 | S994: =IFERROR(_xlfn.T.TEST(E994:K994,L994:P994,2,2),"") | T994: =IFERROR(AVERAGE(E994:K994),"") | U994: =IFERROR(AVERAGE(L994:P994),"")
A995: 1003 | B995: corticopontine tract | C995: 107400 | D995: 784 | E995: =IFERROR(IF(OR(HLOOKUP($A995,'Z-scores'!$C$2:$RO$15,3,FALSE)>3,HLOOKUP($A995,'Z-scores'!$C$2:$RO$15,3,FALSE)<-3),"",'Total-corrected counts'!E995),"") | F995: =IFERROR(IF(OR(HLOOKUP($A995,'Z-scores'!$C$2:$RO$15,4,FALSE)>3,HLOOKUP($A995,'Z-scores'!$C$2:$RO$15,4,FALSE)<-3),"",'Total-corrected counts'!F995),"") | G995: =IFERROR(IF(OR(HLOOKUP($A995,'Z-scores'!$C$2:$RO$15,5,FALSE)>3,HLOOKUP($A995,'Z-scores'!$C$2:$RO$15,5,FALSE)<-3),"",'Total-corrected counts'!G995),"") | H995: =IFERROR(IF(OR(HLOOKUP($A995,'Z-scores'!$C$2:$RO$15,6,FALSE)>3,HLOOKUP($A995,'Z-scores'!$C$2:$RO$15,6,FALSE)<-3),"",'Total-corrected counts'!H995),"") | I995: =IFERROR(IF(OR(HLOOKUP($A995,'Z-scores'!$C$2:$RO$15,7,FALSE)>3,HLOOKUP($A995,'Z-scores'!$C$2:$RO$15,7,FALSE)<-3),"",'Total-corrected counts'!I995),"") | J995: =IFERROR(IF(OR(HLOOKUP($A995,'Z-scores'!$C$2:$RO$15,8,FALSE)>3,HLOOKUP($A995,'Z-scores'!$C$2:$RO$15,8,FALSE)<-3),"",'Total-corrected counts'!J995),"") | K995: =IFERROR(IF(OR(HLOOKUP($A995,'Z-scores'!$C$2:$RO$15,9,FALSE)>3,HLOOKUP($A995,'Z-scores'!$C$2:$RO$15,9,FALSE)<-3),"",'Total-corrected counts'!K995),"") | L995: =IFERROR(IF(OR(HLOOKUP($A995,'Z-scores'!$C$2:$RO$15,10,FALSE)>3,HLOOKUP($A995,'Z-scores'!$C$2:$RO$15,10,FALSE)<-3),"",'Total-corrected counts'!L995),"") | M995: =IFERROR(IF(OR(HLOOKUP($A995,'Z-scores'!$C$2:$RO$15,11,FALSE)>3,HLOOKUP($A995,'Z-scores'!$C$2:$RO$15,11,FALSE)<-3),"",'Total-corrected counts'!M995),"") | N995: =IFERROR(IF(OR(HLOOKUP($A995,'Z-scores'!$C$2:$RO$15,12,FALSE)>3,HLOOKUP($A995,'Z-scores'!$C$2:$RO$15,12,FALSE)<-3),"",'Total-corrected counts'!N995),"") | O995: =IFERROR(IF(OR(HLOOKUP($A995,'Z-scores'!$C$2:$RO$15,13,FALSE)>3,HLOOKUP($A995,'Z-scores'!$C$2:$RO$15,13,FALSE)<-3),"",'Total-corrected counts'!O995),"") | P995: =IFERROR(IF(OR(HLOOKUP($A995,'Z-scores'!$C$2:$RO$15,14,FALSE)>3,HLOOKUP($A995,'Z-scores'!$C$2:$RO$15,14,FALSE)<-3),"",'Total-corrected counts'!P995),"") | Q995: =IF(AND(T995=0,U995=0),0,1) -> 1 | R995: =SUMIFS(Tabel132[Cluster],Tabel132[ID],'Total-corrected counts Z<3'!A995) -> 0 | S995: =IFERROR(_xlfn.T.TEST(E995:K995,L995:P995,2,2),"") | T995: =IFERROR(AVERAGE(E995:K995),"") | U995: =IFERROR(AVERAGE(L995:P995),"")
A996: 1004 | B996: Ventral premammillary nucleus | C996: 76100 | D996: 467 | E996: =IFERROR(IF(OR(HLOOKUP($A996,'Z-scores'!$C$2:$RO$15,3,FALSE)>3,HLOOKUP($A996,'Z-scores'!$C$2:$RO$15,3,FALSE)<-3),"",'Total-corrected counts'!E996),"") -> 0 | F996: =IFERROR(IF(OR(HLOOKUP($A996,'Z-scores'!$C$2:$RO$15,4,FALSE)>3,HLOOKUP($A996,'Z-scores'!$C$2:$RO$15,4,FALSE)<-3),"",'Total-corrected counts'!F996),"") -> 0 | G996: =IFERROR(IF(OR(HLOOKUP($A996,'Z-scores'!$C$2:$RO$15,5,FALSE)>3,HLOOKUP($A996,'Z-scores'!$C$2:$RO$15,5,FALSE)<-3),"",'Total-corrected counts'!G996),"") -> 0 | H996: =IFERROR(IF(OR(HLOOKUP($A996,'Z-scores'!$C$2:$RO$15,6,FALSE)>3,HLOOKUP($A996,'Z-scores'!$C$2:$RO$15,6,FALSE)<-3),"",'Total-corrected counts'!H996),"") -> 0 | I996: =IFERROR(IF(OR(HLOOKUP($A996,'Z-scores'!$C$2:$RO$15,7,FALSE)>3,HLOOKUP($A996,'Z-scores'!$C$2:$RO$15,7,FALSE)<-3),"",'Total-corrected counts'!I996),"") -> 0 | J996: =IFERROR(IF(OR(HLOOKUP($A996,'Z-scores'!$C$2:$RO$15,8,FALSE)>3,HLOOKUP($A996,'Z-scores'!$C$2:$RO$15,8,FALSE)<-3),"",'Total-corrected counts'!J996),"") -> 0 | K996: =IFERROR(IF(OR(HLOOKUP($A996,'Z-scores'!$C$2:$RO$15,9,FALSE)>3,HLOOKUP($A996,'Z-scores'!$C$2:$RO$15,9,FALSE)<-3),"",'Total-corrected counts'!K996),"") -> 0.1412587 | L996: =IFERROR(IF(OR(HLOOKUP($A996,'Z-scores'!$C$2:$RO$15,10,FALSE)>3,HLOOKUP($A996,'Z-scores'!$C$2:$RO$15,10,FALSE)<-3),"",'Total-corrected counts'!L996),"") -> 0 | M996: =IFERROR(IF(OR(HLOOKUP($A996,'Z-scores'!$C$2:$RO$15,11,FALSE)>3,HLOOKUP($A996,'Z-scores'!$C$2:$RO$15,11,FALSE)<-3),"",'Total-corrected counts'!M996),"") -> 0.020444086 | N996: =IFERROR(IF(OR(HLOOKUP($A996,'Z-scores'!$C$2:$RO$15,12,FALSE)>3,HLOOKUP($A996,'Z-scores'!$C$2:$RO$15,12,FALSE)<-3),"",'Total-corrected counts'!N996),"") -> 0.11952633 | O996: =IFERROR(IF(OR(HLOOKUP($A996,'Z-scores'!$C$2:$RO$15,13,FALSE)>3,HLOOKUP($A996,'Z-scores'!$C$2:$RO$15,13,FALSE)<-3),"",'Total-corrected counts'!O996),"") -> 0.29075902 | P996: =IFERROR(IF(OR(HLOOKUP($A996,'Z-scores'!$C$2:$RO$15,14,FALSE)>3,HLOOKUP($A996,'Z-scores'!$C$2:$RO$15,14,FALSE)<-3),"",'Total-corrected counts'!P996),"") -> 0.036456501 | Q996: =IF(AND(T996=0,U996=0),0,1) -> 1 | R996: =SUMIFS(Tabel132[Cluster],Tabel132[ID],'Total-corrected counts Z<3'!A996) -> 84 | S996: =IFERROR(_xlfn.T.TEST(E996:K996,L996:P996,2,2),"") -> 0.17656408 | T996: =IFERROR(AVERAGE(E996:K996),"") -> 0.020179814 | U996: =IFERROR(AVERAGE(L996:P996),"") -> 0.093437189
A997: 1005 | B997: Primary auditory area, layer 6b | C997: 11900 | D997: 1002 | E997: =IFERROR(IF(OR(HLOOKUP($A997,'Z-scores'!$C$2:$RO$15,3,FALSE)>3,HLOOKUP($A997,'Z-scores'!$C$2:$RO$15,3,FALSE)<-3),"",'Total-corrected counts'!E997),"") -> 1.6500998 | F997: =IFERROR(IF(OR(HLOOKUP($A997,'Z-scores'!$C$2:$RO$15,4,FALSE)>3,HLOOKUP($A997,'Z-scores'!$C$2:$RO$15,4,FALSE)<-3),"",'Total-corrected counts'!F997),"") -> 2.0508127 | G997: =IFERROR(IF(OR(HLOOKUP($A997,'Z-scores'!$C$2:$RO$15,5,FALSE)>3,HLOOKUP($A997,'Z-scores'!$C$2:$RO$15,5,FALSE)<-3),"",'Total-corrected counts'!G997),"") -> 1.892874 | H997: =IFERROR(IF(OR(HLOOKUP($A997,'Z-scores'!$C$2:$RO$15,6,FALSE)>3,HLOOKUP($A997,'Z-scores'!$C$2:$RO$15,6,FALSE)<-3),"",'Total-corrected counts'!H997),"") -> 2.8612041 | I997: =IFERROR(IF(OR(HLOOKUP($A997,'Z-scores'!$C$2:$RO$15,7,FALSE)>3,HLOOKUP($A997,'Z-scores'!$C$2:$RO$15,7,FALSE)<-3),"",'Total-corrected counts'!I997),"") -> 3.1929464 | J997: =IFERROR(IF(OR(HLOOKUP($A997,'Z-scores'!$C$2:$RO$15,8,FALSE)>3,HLOOKUP($A997,'Z-scores'!$C$2:$RO$15,8,FALSE)<-3),"",'Total-corrected counts'!J997),"") -> 3.0631664 | K997: =IFERROR(IF(OR(HLOOKUP($A997,'Z-scores'!$C$2:$RO$15,9,FALSE)>3,HLOOKUP($A997,'Z-scores'!$C$2:$RO$15,9,FALSE)<-3),"",'Total-corrected counts'!K997),"") -> 3.1076914 | L997: =IFERROR(IF(OR(HLOOKUP($A997,'Z-scores'!$C$2:$RO$15,10,FALSE)>3,HLOOKUP($A997,'Z-scores'!$C$2:$RO$15,10,FALSE)<-3),"",'Total-corrected counts'!L997),"") -> 3.5271947 | M997: =IFERROR(IF(OR(HLOOKUP($A997,'Z-scores'!$C$2:$RO$15,11,FALSE)>3,HLOOKUP($A997,'Z-scores'!$C$2:$RO$15,11,FALSE)<-3),"",'Total-corrected counts'!M997),"") -> 3.4141624 | N997: =IFERROR(IF(OR(HLOOKUP($A997,'Z-scores'!$C$2:$RO$15,12,FALSE)>3,HLOOKUP($A997,'Z-scores'!$C$2:$RO$15,12,FALSE)<-3),"",'Total-corrected counts'!N997),"") -> 3.1589103 | O997: =IFERROR(IF(OR(HLOOKUP($A997,'Z-scores'!$C$2:$RO$15,13,FALSE)>3,HLOOKUP($A997,'Z-scores'!$C$2:$RO$15,13,FALSE)<-3),"",'Total-corrected counts'!O997),"") -> 1.6132436 | P997: =IFERROR(IF(OR(HLOOKUP($A997,'Z-scores'!$C$2:$RO$15,14,FALSE)>3,HLOOKUP($A997,'Z-scores'!$C$2:$RO$15,14,FALSE)<-3),"",'Total-corrected counts'!P997),"") -> 1.7316838 | Q997: =IF(AND(T997=0,U997=0),0,1) -> 1 | R997: =SUMIFS(Tabel132[Cluster],Tabel132[ID],'Total-corrected counts Z<3'!A997) -> 15 | S997: =IFERROR(_xlfn.T.TEST(E997:K997,L997:P997,2,2),"") -> 0.76010444 | T997: =IFERROR(AVERAGE(E997:K997),"") -> 2.5455421 | U997: =IFERROR(AVERAGE(L997:P997),"") -> 2.689039
A998: 1006 | B998: Primary somatosensory area, trunk, layer 1 | C998: 7100 | D998: 361 | E998: =IFERROR(IF(OR(HLOOKUP($A998,'Z-scores'!$C$2:$RO$15,3,FALSE)>3,HLOOKUP($A998,'Z-scores'!$C$2:$RO$15,3,FALSE)<-3),"",'Total-corrected counts'!E998),"") -> 2.5216314 | F998: =IFERROR(IF(OR(HLOOKUP($A998,'Z-scores'!$C$2:$RO$15,4,FALSE)>3,HLOOKUP($A998,'Z-scores'!$C$2:$RO$15,4,FALSE)<-3),"",'Total-corrected counts'!F998),"") -> 4.2690387 | G998: =IFERROR(IF(OR(HLOOKUP($A998,'Z-scores'!$C$2:$RO$15,5,FALSE)>3,HLOOKUP($A998,'Z-scores'!$C$2:$RO$15,5,FALSE)<-3),"",'Total-corrected counts'!G998),"") -> 5.0000446 | H998: =IFERROR(IF(OR(HLOOKUP($A998,'Z-scores'!$C$2:$RO$15,6,FALSE)>3,HLOOKUP($A998,'Z-scores'!$C$2:$RO$15,6,FALSE)<-3),"",'Total-corrected counts'!H998),"") -> 2.2737036 | I998: =IFERROR(IF(OR(HLOOKUP($A998,'Z-scores'!$C$2:$RO$15,7,FALSE)>3,HLOOKUP($A998,'Z-scores'!$C$2:$RO$15,7,FALSE)<-3),"",'Total-corrected counts'!I998),"") -> 6.879012 | J998: =IFERROR(IF(OR(HLOOKUP($A998,'Z-scores'!$C$2:$RO$15,8,FALSE)>3,HLOOKUP($A998,'Z-scores'!$C$2:$RO$15,8,FALSE)<-3),"",'Total-corrected counts'!J998),"") -> 7.7774012 | K998: =IFERROR(IF(OR(HLOOKUP($A998,'Z-scores'!$C$2:$RO$15,9,FALSE)>3,HLOOKUP($A998,'Z-scores'!$C$2:$RO$15,9,FALSE)<-3),"",'Total-corrected counts'!K998),"") -> 0.01412587 | L998: =IFERROR(IF(OR(HLOOKUP($A998,'Z-scores'!$C$2:$RO$15,10,FALSE)>3,HLOOKUP($A998,'Z-scores'!$C$2:$RO$15,10,FALSE)<-3),"",'Total-corrected counts'!L998),"") -> 6.4094166 | M998: =IFERROR(IF(OR(HLOOKUP($A998,'Z-scores'!$C$2:$RO$15,11,FALSE)>3,HLOOKUP($A998,'Z-scores'!$C$2:$RO$15,11,FALSE)<-3),"",'Total-corrected counts'!M998),"") -> 3.5777151 | N998: =IFERROR(IF(OR(HLOOKUP($A998,'Z-scores'!$C$2:$RO$15,12,FALSE)>3,HLOOKUP($A998,'Z-scores'!$C$2:$RO$15,12,FALSE)<-3),"",'Total-corrected counts'!N998),"") -> 6.181219 | O998: =IFERROR(IF(OR(HLOOKUP($A998,'Z-scores'!$C$2:$RO$15,13,FALSE)>3,HLOOKUP($A998,'Z-scores'!$C$2:$RO$15,13,FALSE)<-3),"",'Total-corrected counts'!O998),"") -> 4.9710413 | P998: =IFERROR(IF(OR(HLOOKUP($A998,'Z-scores'!$C$2:$RO$15,14,FALSE)>3,HLOOKUP($A998,'Z-scores'!$C$2:$RO$15,14,FALSE)<-3),"",'Total-corrected counts'!P998),"") -> 0.24608138 | Q998: =IF(AND(T998=0,U998=0),0,1) -> 1 | R998: =SUMIFS(Tabel132[Cluster],Tabel132[ID],'Total-corrected counts Z<3'!A998) -> 10 | S998: =IFERROR(_xlfn.T.TEST(E998:K998,L998:P998,2,2),"") -> 0.91374129 | T998: =IFERROR(AVERAGE(E998:K998),"") -> 4.1049939 | U998: =IFERROR(AVERAGE(L998:P998),"") -> 4.2770947
A999: 1007 | B999: Simple lobule | C999: 59700 | D999: 1073 | E999: =IFERROR(IF(OR(HLOOKUP($A999,'Z-scores'!$C$2:$RO$15,3,FALSE)>3,HLOOKUP($A999,'Z-scores'!$C$2:$RO$15,3,FALSE)<-3),"",'Total-corrected counts'!E999),"") -> 0.10458379 | F999: =IFERROR(IF(OR(HLOOKUP($A999,'Z-scores'!$C$2:$RO$15,4,FALSE)>3,HLOOKUP($A999,'Z-scores'!$C$2:$RO$15,4,FALSE)<-3),"",'Total-corrected counts'!F999),"") -> 1.3672085 | G999: =IFERROR(IF(OR(HLOOKUP($A999,'Z-scores'!$C$2:$RO$15,5,FALSE)>3,HLOOKUP($A999,'Z-scores'!$C$2:$RO$15,5,FALSE)<-3),"",'Total-corrected counts'!G999),"") | H999: =IFERROR(IF(OR(HLOOKUP($A999,'Z-scores'!$C$2:$RO$15,6,FALSE)>3,HLOOKUP($A999,'Z-scores'!$C$2:$RO$15,6,FALSE)<-3),"",'Total-corrected counts'!H999),"") -> 5.0967583 | I999: =IFERROR(IF(OR(HLOOKUP($A999,'Z-scores'!$C$2:$RO$15,7,FALSE)>3,HLOOKUP($A999,'Z-scores'!$C$2:$RO$15,7,FALSE)<-3),"",'Total-corrected counts'!I999),"") -> 0.024655957 | J999: =IFERROR(IF(OR(HLOOKUP($A999,'Z-scores'!$C$2:$RO$15,8,FALSE)>3,HLOOKUP($A999,'Z-scores'!$C$2:$RO$15,8,FALSE)<-3),"",'Total-corrected counts'!J999),"") -> 0.63001295 | K999: =IFERROR(IF(OR(HLOOKUP($A999,'Z-scores'!$C$2:$RO$15,9,FALSE)>3,HLOOKUP($A999,'Z-scores'!$C$2:$RO$15,9,FALSE)<-3),"",'Total-corrected counts'!K999),"") -> 2.1895098 | L999: =IFERROR(IF(OR(HLOOKUP($A999,'Z-scores'!$C$2:$RO$15,10,FALSE)>3,HLOOKUP($A999,'Z-scores'!$C$2:$RO$15,10,FALSE)<-3),"",'Total-corrected counts'!L999),"") -> 1.5519657 | M999: =IFERROR(IF(OR(HLOOKUP($A999,'Z-scores'!$C$2:$RO$15,11,FALSE)>3,HLOOKUP($A999,'Z-scores'!$C$2:$RO$15,11,FALSE)<-3),"",'Total-corrected counts'!M999),"") -> 0.3066613 | N999: =IFERROR(IF(OR(HLOOKUP($A999,'Z-scores'!$C$2:$RO$15,12,FALSE)>3,HLOOKUP($A999,'Z-scores'!$C$2:$RO$15,12,FALSE)<-3),"",'Total-corrected counts'!N999),"") -> 4.4139368 | O999: =IFERROR(IF(OR(HLOOKUP($A999,'Z-scores'!$C$2:$RO$15,13,FALSE)>3,HLOOKUP($A999,'Z-scores'!$C$2:$RO$15,13,FALSE)<-3),"",'Total-corrected counts'!O999),"") -> 5.0366966 | P999: =IFERROR(IF(OR(HLOOKUP($A999,'Z-scores'!$C$2:$RO$15,14,FALSE)>3,HLOOKUP($A999,'Z-scores'!$C$2:$RO$15,14,FALSE)<-3),"",'Total-corrected counts'!P999),"") -> 1.3215482 | Q999: =IF(AND(T999=0,U999=0),0,1) -> 1 | R999: =SUMIFS(Tabel132[Cluster],Tabel132[ID],'Total-corrected counts Z<3'!A999) -> 0 | S999: =IFERROR(_xlfn.T.TEST(E999:K999,L999:P999,2,2),"") -> 0.44632256 | T999: =IFERROR(AVERAGE(E999:K999),"") -> 1.5687882 | U999: =IFERROR(AVERAGE(L999:P999),"") -> 2.5261617
A1000: 1008 | B1000: Geniculate group, dorsal thalamus | C1000: 65000 | D1000: 864 | E1000: =IFERROR(IF(OR(HLOOKUP($A1000,'Z-scores'!$C$2:$RO$15,3,FALSE)>3,HLOOKUP($A1000,'Z-scores'!$C$2:$RO$15,3,FALSE)<-3),"",'Total-corrected counts'!E1000),"") | F1000: =IFERROR(IF(OR(HLOOKUP($A1000,'Z-scores'!$C$2:$RO$15,4,FALSE)>3,HLOOKUP($A1000,'Z-scores'!$C$2:$RO$15,4,FALSE)<-3),"",'Total-corrected counts'!F1000),"") | G1000: =IFERROR(IF(OR(HLOOKUP($A1000,'Z-scores'!$C$2:$RO$15,5,FALSE)>3,HLOOKUP($A1000,'Z-scores'!$C$2:$RO$15,5,FALSE)<-3),"",'Total-corrected counts'!G1000),"") | H1000: =IFERROR(IF(OR(HLOOKUP($A1000,'Z-scores'!$C$2:$RO$15,6,FALSE)>3,HLOOKUP($A1000,'Z-scores'!$C$2:$RO$15,6,FALSE)<-3),"",'Total-corrected counts'!H1000),"") | I1000: =IFERROR(IF(OR(HLOOKUP($A1000,'Z-scores'!$C$2:$RO$15,7,FALSE)>3,HLOOKUP($A1000,'Z-scores'!$C$2:$RO$15,7,FALSE)<-3),"",'Total-corrected counts'!I1000),"") | J1000: =IFERROR(IF(OR(HLOOKUP($A1000,'Z-scores'!$C$2:$RO$15,8,FALSE)>3,HLOOKUP($A1000,'Z-scores'!$C$2:$RO$15,8,FALSE)<-3),"",'Total-corrected counts'!J1000),"") | K1000: =IFERROR(IF(OR(HLOOKUP($A1000,'Z-scores'!$C$2:$RO$15,9,FALSE)>3,HLOOKUP($A1000,'Z-scores'!$C$2:$RO$15,9,FALSE)<-3),"",'Total-corrected counts'!K1000),"") | L1000: =IFERROR(IF(OR(HLOOKUP($A1000,'Z-scores'!$C$2:$RO$15,10,FALSE)>3,HLOOKUP($A1000,'Z-scores'!$C$2:$RO$15,10,FALSE)<-3),"",'Total-corrected counts'!L1000),"") | M1000: =IFERROR(IF(OR(HLOOKUP($A1000,'Z-scores'!$C$2:$RO$15,11,FALSE)>3,HLOOKUP($A1000,'Z-scores'!$C$2:$RO$15,11,FALSE)<-3),"",'Total-corrected counts'!M1000),"") | N1000: =IFERROR(IF(OR(HLOOKUP($A1000,'Z-scores'!$C$2:$RO$15,12,FALSE)>3,HLOOKUP($A1000,'Z-scores'!$C$2:$RO$15,12,FALSE)<-3),"",'Total-corrected counts'!N1000),"") | O1000: =IFERROR(IF(OR(HLOOKUP($A1000,'Z-scores'!$C$2:$RO$15,13,FALSE)>3,HLOOKUP($A1000,'Z-scores'!$C$2:$RO$15,13,FALSE)<-3),"",'Total-corrected counts'!O1000),"") | P1000: =IFERROR(IF(OR(HLOOKUP($A1000,'Z-scores'!$C$2:$RO$15,14,FALSE)>3,HLOOKUP($A1000,'Z-scores'!$C$2:$RO$15,14,FALSE)<-3),"",'Total-corrected counts'!P1000),"") | Q1000: =IF(AND(T1000=0,U1000=0),0,1) -> 1 | R1000: =SUMIFS(Tabel132[Cluster],Tabel132[ID],'Total-corrected counts Z<3'!A1000) -> 77 | S1000: =IFERROR(_xlfn.T.TEST(E1000:K1000,L1000:P1000,2,2),"") | T1000: =IFERROR(AVERAGE(E1000:K1000),"") | U1000: =IFERROR(AVERAGE(L1000:P1000),"")
A1001: 1009 | B1001: fiber tracts | C1001: 97200 | D1001: 997 | E1001: =IFERROR(IF(OR(HLOOKUP($A1001,'Z-scores'!$C$2:$RO$15,3,FALSE)>3,HLOOKUP($A1001,'Z-scores'!$C$2:$RO$15,3,FALSE)<-3),"",'Total-corrected counts'!E1001),"") -> 207.07591 | F1001: =IFERROR(IF(OR(HLOOKUP($A1001,'Z-scores'!$C$2:$RO$15,4,FALSE)>3,HLOOKUP($A1001,'Z-scores'!$C$2:$RO$15,4,FALSE)<-3),"",'Total-corrected counts'!F1001),"") -> 176.59311 | G1001: =IFERROR(IF(OR(HLOOKUP($A1001,'Z-scores'!$C$2:$RO$15,5,FALSE)>3,HLOOKUP($A1001,'Z-scores'!$C$2:$RO$15,5,FALSE)<-3),"",'Total-corrected counts'!G1001),"") -> 52.000464 | H1001: =IFERROR(IF(OR(HLOOKUP($A1001,'Z-scores'!$C$2:$RO$15,6,FALSE)>3,HLOOKUP($A1001,'Z-scores'!$C$2:$RO$15,6,FALSE)<-3),"",'Total-corrected counts'!H1001),"") -> 145.81459 | I1001: =IFERROR(IF(OR(HLOOKUP($A1001,'Z-scores'!$C$2:$RO$15,7,FALSE)>3,HLOOKUP($A1001,'Z-scores'!$C$2:$RO$15,7,FALSE)<-3),"",'Total-corrected counts'!I1001),"") -> 118.91568 | J1001: =IFERROR(IF(OR(HLOOKUP($A1001,'Z-scores'!$C$2:$RO$15,8,FALSE)>3,HLOOKUP($A1001,'Z-scores'!$C$2:$RO$15,8,FALSE)<-3),"",'Total-corrected counts'!J1001),"") -> 128.97886 | K1001: =IFERROR(IF(OR(HLOOKUP($A1001,'Z-scores'!$C$2:$RO$15,9,FALSE)>3,HLOOKUP($A1001,'Z-scores'!$C$2:$RO$15,9,FALSE)<-3),"",'Total-corrected counts'!K1001),"") -> 83.074241 | L1001: =IFERROR(IF(OR(HLOOKUP($A1001,'Z-scores'!$C$2:$RO$15,10,FALSE)>3,HLOOKUP($A1001,'Z-scores'!$C$2:$RO$15,10,FALSE)<-3),"",'Total-corrected counts'!L1001),"") -> 140.98701 | M1001: =IFERROR(IF(OR(HLOOKUP($A1001,'Z-scores'!$C$2:$RO$15,11,FALSE)>3,HLOOKUP($A1001,'Z-scores'!$C$2:$RO$15,11,FALSE)<-3),"",'Total-corrected counts'!M1001),"") -> 105.90037 | N1001: =IFERROR(IF(OR(HLOOKUP($A1001,'Z-scores'!$C$2:$RO$15,12,FALSE)>3,HLOOKUP($A1001,'Z-scores'!$C$2:$RO$15,12,FALSE)<-3),"",'Total-corrected counts'!N1001),"") -> 76.778595 | O1001: =IFERROR(IF(OR(HLOOKUP($A1001,'Z-scores'!$C$2:$RO$15,13,FALSE)>3,HLOOKUP($A1001,'Z-scores'!$C$2:$RO$15,13,FALSE)<-3),"",'Total-corrected counts'!O1001),"") -> 156.44711 | P1001: =IFERROR(IF(OR(HLOOKUP($A1001,'Z-scores'!$C$2:$RO$15,14,FALSE)>3,HLOOKUP($A1001,'Z-scores'!$C$2:$RO$15,14,FALSE)<-3),"",'Total-corrected counts'!P1001),"") -> 74.726713 | Q1001: =IF(AND(T1001=0,U1001=0),0,1) -> 1 | R1001: =SUMIFS(Tabel132[Cluster],Tabel132[ID],'Total-corrected counts Z<3'!A1001) -> 0 | S1001: =IFERROR(_xlfn.T.TEST(E1001:K1001,L1001:P1001,2,2),"") -> 0.49882032 | T1001: =IFERROR(AVERAGE(E1001:K1001),"") -> 130.35041 | U1001: =IFERROR(AVERAGE(L1001:P1001),"") -> 110.96796
... A1244: 312782656 | B1244: Unlabeled | C1244: 300 | D1244: 688 | E1244: =IFERROR(IF(OR(HLOOKUP($A1244,'Z-scores'!$C$2:$RO$15,3,FALSE)>3,HLOOKUP($A1244,'Z-scores'!$C$2:$RO$15,3,FALSE)<-3),"",'Total-corrected counts'!E1244),"") | F1244: =IFERROR(IF(OR(HLOOKUP($A1244,'Z-scores'!$C$2:$RO$15,4,FALSE)>3,HLOOKUP($A1244,'Z-scores'!$C$2:$RO$15,4,FALSE)<-3),"",'Total-corrected counts'!F1244),"") | G1244: =IFERROR(IF(OR(HLOOKUP($A1244,'Z-scores'!$C$2:$RO$15,5,FALSE)>3,HLOOKUP($A1244,'Z-scores'!$C$2:$RO$15,5,FALSE)<-3),"",'Total-corrected counts'!G1244),"") | H1244: =IFERROR(IF(OR(HLOOKUP($A1244,'Z-scores'!$C$2:$RO$15,6,FALSE)>3,HLOOKUP($A1244,'Z-scores'!$C$2:$RO$15,6,FALSE)<-3),"",'Total-corrected counts'!H1244),"") | I1244: =IFERROR(IF(OR(HLOOKUP($A1244,'Z-scores'!$C$2:$RO$15,7,FALSE)>3,HLOOKUP($A1244,'Z-scores'!$C$2:$RO$15,7,FALSE)<-3),"",'Total-corrected counts'!I1244),"") | J1244: =IFERROR(IF(OR(HLOOKUP($A1244,'Z-scores'!$C$2:$RO$15,8,FALSE)>3,HLOOKUP($A1244,'Z-scores'!$C$2:$RO$15,8,FALSE)<-3),"",'Total-corrected counts'!J1244),"") | K1244: =IFERROR(IF(OR(HLOOKUP($A1244,'Z-scores'!$C$2:$RO$15,9,FALSE)>3,HLOOKUP($A1244,'Z-scores'!$C$2:$RO$15,9,FALSE)<-3),"",'Total-corrected counts'!K1244),"") | L1244: =IFERROR(IF(OR(HLOOKUP($A1244,'Z-scores'!$C$2:$RO$15,10,FALSE)>3,HLOOKUP($A1244,'Z-scores'!$C$2:$RO$15,10,FALSE)<-3),"",'Total-corrected counts'!L1244),"") | M1244: =IFERROR(IF(OR(HLOOKUP($A1244,'Z-scores'!$C$2:$RO$15,11,FALSE)>3,HLOOKUP($A1244,'Z-scores'!$C$2:$RO$15,11,FALSE)<-3),"",'Total-corrected counts'!M1244),"") | N1244: =IFERROR(IF(OR(HLOOKUP($A1244,'Z-scores'!$C$2:$RO$15,12,FALSE)>3,HLOOKUP($A1244,'Z-scores'!$C$2:$RO$15,12,FALSE)<-3),"",'Total-corrected counts'!N1244),"") | O1244: =IFERROR(IF(OR(HLOOKUP($A1244,'Z-scores'!$C$2:$RO$15,13,FALSE)>3,HLOOKUP($A1244,'Z-scores'!$C$2:$RO$15,13,FALSE)<-3),"",'Total-corrected counts'!O1244),"") | P1244: =IFERROR(IF(OR(HLOOKUP($A1244,'Z-scores'!$C$2:$RO$15,14,FALSE)>3,HLOOKUP($A1244,'Z-scores'!$C$2:$RO$15,14,FALSE)<-3),"",'Total-corrected counts'!P1244),"") | Q1244: =IF(AND(T1244=0,U1244=0),0,1) -> 1 | R1244: =SUMIFS(Tabel132[Cluster],Tabel132[ID],'Total-corrected counts Z<3'!A1244) -> 0 | S1244: =IFERROR(_xlfn.T.TEST(E1244:K1244,L1244:P1244,2,2),"") | T1244: =IFERROR(AVERAGE(E1244:K1244),"") | U1244: =IFERROR(AVERAGE(L1244:P1244),"")
E1246: =SUM(E3:E1244) -> 9314.3138 | F1246: =SUM(F3:F1244) -> 8749.6181 | G1246: =SUM(G3:G1244) -> 7770.6051 | H1246: =SUM(H3:H1244) -> 9365.4841 | I1246: =SUM(I3:I1244) -> 7742.969 | J1246: =SUM(J3:J1244) -> 9123.1306 | K1246: =SUM(K3:K1244) -> 8864.718 | L1246: =SUM(L3:L1244) -> 8494.1701 | ... P1246: =SUM(P3:P1244) -> 8990.8749

Sheet Cluster counts corrected Z<3
C1: 0 | D1: 0 | E1: 0 | F1: 0 | G1: 0 | H1: 0 | I1: 0 | J1: 1 | K1: 1 | L1: 1 | M1: 1 | N1: 1
A2: Cluster | B2: Name | C2: 67898 | D2: 190211 | E2: 191735 | F2: 212741 | G2: 277750 | H2: 340773 | I2: 340805 | J2: 190196 | K2: 190198 | L2: 340770 | M2: 340771 | N2: 343011 | O2: Filter | P2: T-test | Q2: Gem 0 | R2: Gem 1 | S2: SEM 0 | T2: SEM 1
A3: 1 | B3: =IFERROR(VLOOKUP(A3,Tabel35[],2,FALSE),"") -> frontal pole | C3: =SUMIFS('Total-corrected counts Z<3'!E:E,'Total-corrected counts Z<3'!$R:$R,$A3) -> 10.237591 | D3: =SUMIFS('Total-corrected counts Z<3'!F:F,'Total-corrected counts Z<3'!$R:$R,$A3) -> 9.4588505 | E3: =SUMIFS('Total-corrected counts Z<3'!G:G,'Total-corrected counts Z<3'!$R:$R,$A3) -> 41.053938 | F3: =SUMIFS('Total-corrected counts Z<3'!H:H,'Total-corrected counts Z<3'!$R:$R,$A3) -> 9.6136459 | G3: =SUMIFS('Total-corrected counts Z<3'!I:I,'Total-corrected counts Z<3'!$R:$R,$A3) -> 2.835435 | H3: =SUMIFS('Total-corrected counts Z<3'!J:J,'Total-corrected counts Z<3'!$R:$R,$A3) -> 7.842575 | I3: =SUMIFS('Total-corrected counts Z<3'!K:K,'Total-corrected counts Z<3'!$R:$R,$A3) -> 5.8481102 | J3: =SUMIFS('Total-corrected counts Z<3'!L:L,'Total-corrected counts Z<3'!$R:$R,$A3) -> 18.542966 | K3: =SUMIFS('Total-corrected counts Z<3'!M:M,'Total-corrected counts Z<3'!$R:$R,$A3) -> 13.533985 | L3: =SUMIFS('Total-corrected counts Z<3'!N:N,'Total-corrected counts Z<3'!$R:$R,$A3) -> 4.4053992 | M3: =SUMIFS('Total-corrected counts Z<3'!O:O,'Total-corrected counts Z<3'!$R:$R,$A3) -> 8.2162872 | N3: =SUMIFS('Total-corrected counts Z<3'!P:P,'Total-corrected counts Z<3'!$R:$R,$A3) -> 16.41454 | O3: =IF(AND(Q3=0,R3=0),0,1) -> 1 | P3: =_xlfn.T.TEST(C3:I3,J3:N3,2,2) -> 0.97625754 | Q3: =AVERAGE(C3:I3) -> 12.412878 | R3: =AVERAGE(J3:N3) -> 12.222635 | S3: =STDEV(C3:I3)/SQRT(COUNT(C3:I3)) -> 4.8729463 | T3: =STDEV(J3:N3)/SQRT(COUNT(J3:N3)) -> 2.6114966
A4: 2 | B4: =IFERROR(VLOOKUP(A4,#REF!,2,FALSE),"") | C4: =SUMIFS('Total-corrected counts Z<3'!E:E,'Total-corrected counts Z<3'!$R:$R,$A4) -> 0 | D4: =SUMIFS('Total-corrected counts Z<3'!F:F,'Total-corrected counts Z<3'!$R:$R,$A4) -> 0 | E4: =SUMIFS('Total-corrected counts Z<3'!G:G,'Total-corrected counts Z<3'!$R:$R,$A4) -> 0 | F4: =SUMIFS('Total-corrected counts Z<3'!H:H,'Total-corrected counts Z<3'!$R:$R,$A4) -> 0 | G4: =SUMIFS('Total-corrected counts Z<3'!I:I,'Total-corrected counts Z<3'!$R:$R,$A4) -> 0 | H4: =SUMIFS('Total-corrected counts Z<3'!J:J,'Total-corrected counts Z<3'!$R:$R,$A4) -> 0 | I4: =SUMIFS('Total-corrected counts Z<3'!K:K,'Total-corrected counts Z<3'!$R:$R,$A4) -> 0 | J4: =SUMIFS('Total-corrected counts Z<3'!L:L,'Total-corrected counts Z<3'!$R:$R,$A4) -> 0 | K4: =SUMIFS('Total-corrected counts Z<3'!M:M,'Total-corrected counts Z<3'!$R:$R,$A4) -> 0 | L4: =SUMIFS('Total-corrected counts Z<3'!N:N,'Total-corrected counts Z<3'!$R:$R,$A4) -> 0 | M4: =SUMIFS('Total-corrected counts Z<3'!O:O,'Total-corrected counts Z<3'!$R:$R,$A4) -> 0 | N4: =SUMIFS('Total-corrected counts Z<3'!P:P,'Total-corrected counts Z<3'!$R:$R,$A4) -> 0 | O4: =IF(AND(Q4=0,R4=0),0,1) -> 0 | P4: =_xlfn.T.TEST(C4:I4,J4:N4,2,2) -> #DIV/0! | Q4: =AVERAGE(C4:I4) -> 0 | R4: =AVERAGE(J4:N4) -> 0 | S4: =STDEV(C4:I4)/SQRT(COUNT(C4:I4)) -> 0 | T4: =STDEV(J4:N4)/SQRT(COUNT(J4:N4)) -> 0
A5: 3 | B5: =IFERROR(VLOOKUP(A5,Tabel35[],2,FALSE),"") -> primary motor | C5: =SUMIFS('Total-corrected counts Z<3'!E:E,'Total-corrected counts Z<3'!$R:$R,$A5) -> 606.9927 | D5: =SUMIFS('Total-corrected counts Z<3'!F:F,'Total-corrected counts Z<3'!$R:$R,$A5) -> 481.20158 | E5: =SUMIFS('Total-corrected counts Z<3'!G:G,'Total-corrected counts Z<3'!$R:$R,$A5) -> 915.75818 | F5: =SUMIFS('Total-corrected counts Z<3'!H:H,'Total-corrected counts Z<3'!$R:$R,$A5) -> 355.79646 | G5: =SUMIFS('Total-corrected counts Z<3'!I:I,'Total-corrected counts Z<3'!$R:$R,$A5) -> 492.3548 | H5: =SUMIFS('Total-corrected counts Z<3'!J:J,'Total-corrected counts Z<3'!$R:$R,$A5) -> 676.17769 | I5: =SUMIFS('Total-corrected counts Z<3'!K:K,'Total-corrected counts Z<3'!$R:$R,$A5) -> 243.64301 | J5: =SUMIFS('Total-corrected counts Z<3'!L:L,'Total-corrected counts Z<3'!$R:$R,$A5) -> 700.03729 | K5: =SUMIFS('Total-corrected counts Z<3'!M:M,'Total-corrected counts Z<3'!$R:$R,$A5) -> 833.75073 | L5: =SUMIFS('Total-corrected counts Z<3'!N:N,'Total-corrected counts Z<3'!$R:$R,$A5) -> 1135.9441 | M5: =SUMIFS('Total-corrected counts Z<3'!O:O,'Total-corrected counts Z<3'!$R:$R,$A5) -> 380.01266 | N5: =SUMIFS('Total-corrected counts Z<3'!P:P,'Total-corrected counts Z<3'!$R:$R,$A5) -> 544.24088 | O5: =IF(AND(Q5=0,R5=0),0,1) -> 1 | P5: =_xlfn.T.TEST(C5:I5,J5:N5,2,2) -> 0.24693263 | Q5: =AVERAGE(C5:I5) -> 538.84635 | R5: =AVERAGE(J5:N5) -> 718.79714 | S5: =STDEV(C5:I5)/SQRT(COUNT(C5:I5)) -> 83.338525 | T5: =STDEV(J5:N5)/SQRT(COUNT(J5:N5)) -> 129.00052
A6: 4 | B6: =IFERROR(VLOOKUP(A6,Tabel35[],2,FALSE),"") -> secondary motor | C6: =SUMIFS('Total-corrected counts Z<3'!E:E,'Total-corrected counts Z<3'!$R:$R,$A6) -> 160.94283 | D6: =SUMIFS('Total-corrected counts Z<3'!F:F,'Total-corrected counts Z<3'!$R:$R,$A6) -> 171.36145 | E6: =SUMIFS('Total-corrected counts Z<3'!G:G,'Total-corrected counts Z<3'!$R:$R,$A6) -> 309.05633 | F6: =SUMIFS('Total-corrected counts Z<3'!H:H,'Total-corrected counts Z<3'!$R:$R,$A6) -> 125.57253 | G6: =SUMIFS('Total-corrected counts Z<3'!I:I,'Total-corrected counts Z<3'!$R:$R,$A6) -> 139.02261 | H6: =SUMIFS('Total-corrected counts Z<3'!J:J,'Total-corrected counts Z<3'!$R:$R,$A6) -> 125.13361 | I6: =SUMIFS('Total-corrected counts Z<3'!K:K,'Total-corrected counts Z<3'!$R:$R,$A6) -> 295.88047 | J6: =SUMIFS('Total-corrected counts Z<3'!L:L,'Total-corrected counts Z<3'!$R:$R,$A6) -> 200.10279 | K6: =SUMIFS('Total-corrected counts Z<3'!M:M,'Total-corrected counts Z<3'!$R:$R,$A6) -> 211.37141 | L6: =SUMIFS('Total-corrected counts Z<3'!N:N,'Total-corrected counts Z<3'!$R:$R,$A6) -> 343.21987 | M6: =SUMIFS('Total-corrected counts Z<3'!O:O,'Total-corrected counts Z<3'!$R:$R,$A6) -> 214.35505 | N6: =SUMIFS('Total-corrected counts Z<3'!P:P,'Total-corrected counts Z<3'!$R:$R,$A6) -> 327.8442 | O6: =IF(AND(Q6=0,R6=0),0,1) -> 1 | P6: =_xlfn.T.TEST(C6:I6,J6:N6,2,2) -> 0.14567472 | Q6: =AVERAGE(C6:I6) -> 189.56712 | R6: =AVERAGE(J6:N6) -> 259.37866 | S6: =STDEV(C6:I6)/SQRT(COUNT(C6:I6)) -> 29.893752 | T6: =STDEV(J6:N6)/SQRT(COUNT(J6:N6)) -> 31.274853
A7: 5 | B7: =IFERROR(VLOOKUP(A7,Tabel35[],2,FALSE),"") -> SS, nose | C7: =SUMIFS('Total-corrected counts Z<3'!E:E,'Total-corrected counts Z<3'!$R:$R,$A7) -> 218.47554 | D7: =SUMIFS('Total-corrected counts Z<3'!F:F,'Total-corrected counts Z<3'!$R:$R,$A7) -> 154.74568 | E7: =SUMIFS('Total-corrected counts Z<3'!G:G,'Total-corrected counts Z<3'!$R:$R,$A7) -> 154.35852 | F7: =SUMIFS('Total-corrected counts Z<3'!H:H,'Total-corrected counts Z<3'!$R:$R,$A7) -> 153.16216 | G7: =SUMIFS('Total-corrected counts Z<3'!I:I,'Total-corrected counts Z<3'!$R:$R,$A7) -> 160.67054 | H7: =SUMIFS('Total-corrected counts Z<3'!J:J,'Total-corrected counts Z<3'!$R:$R,$A7) -> 183.57274 | I7: =SUMIFS('Total-corrected counts Z<3'!K:K,'Total-corrected counts Z<3'!$R:$R,$A7) -> 151.7401 | J7: =SUMIFS('Total-corrected counts Z<3'!L:L,'Total-corrected counts Z<3'!$R:$R,$A7) -> 197.76477 | K7: =SUMIFS('Total-corrected counts Z<3'!M:M,'Total-corrected counts Z<3'!$R:$R,$A7) -> 176.86179 | L7: =SUMIFS('Total-corrected counts Z<3'!N:N,'Total-corrected counts Z<3'!$R:$R,$A7) -> 148.44317 | M7: =SUMIFS('Total-corrected counts Z<3'!O:O,'Total-corrected counts Z<3'!$R:$R,$A7) -> 284.63432 | N7: =SUMIFS('Total-corrected counts Z<3'!P:P,'Total-corrected counts Z<3'!$R:$R,$A7) -> 155.33204 | O7: =IF(AND(Q7=0,R7=0),0,1) -> 1 | P7: =_xlfn.T.TEST(C7:I7,J7:N7,2,2) -> 0.31682445 | Q7: =AVERAGE(C7:I7) -> 168.10361 | R7: =AVERAGE(J7:N7) -> 192.60722 | S7: =STDEV(C7:I7)/SQRT(COUNT(C7:I7)) -> 9.3735303 | T7: =STDEV(J7:N7)/SQRT(COUNT(J7:N7)) -> 24.579879
A8: 6 | B8: =IFERROR(VLOOKUP(A8,Tabel35[],2,FALSE),"") -> SS, barrel | C8: =SUMIFS('Total-corrected counts Z<3'!E:E,'Total-corrected counts Z<3'!$R:$R,$A8) -> 228.79447 | D8: =SUMIFS('Total-corrected counts Z<3'!F:F,'Total-corrected counts Z<3'!$R:$R,$A8) -> 193.66927 | E8: =SUMIFS('Total-corrected counts Z<3'!G:G,'Total-corrected counts Z<3'!$R:$R,$A8) -> 260.19875 | F8: =SUMIFS('Total-corrected counts Z<3'!H:H,'Total-corrected counts Z<3'!$R:$R,$A8) -> 195.01967 | G8: =SUMIFS('Total-corrected counts Z<3'!I:I,'Total-corrected counts Z<3'!$R:$R,$A8) -> 214.21095 | H8: =SUMIFS('Total-corrected counts Z<3'!J:J,'Total-corrected counts Z<3'!$R:$R,$A8) -> 283.13651 | I8: =SUMIFS('Total-corrected counts Z<3'!K:K,'Total-corrected counts Z<3'!$R:$R,$A8) -> 177.49156 | J8: =SUMIFS('Total-corrected counts Z<3'!L:L,'Total-corrected counts Z<3'!$R:$R,$A8) -> 258.67438 | K8: =SUMIFS('Total-corrected counts Z<3'!M:M,'Total-corrected counts Z<3'!$R:$R,$A8) -> 236.55852 | L8: =SUMIFS('Total-corrected counts Z<3'!N:N,'Total-corrected counts Z<3'!$R:$R,$A8) -> 224.49607 | M8: =SUMIFS('Total-corrected counts Z<3'!O:O,'Total-corrected counts Z<3'!$R:$R,$A8) -> 240.16695 | N8: =SUMIFS('Total-corrected counts Z<3'!P:P,'Total-corrected counts Z<3'!$R:$R,$A8) -> 189.83811 | O8: =IF(AND(Q8=0,R8=0),0,1) -> 1 | P8: =_xlfn.T.TEST(C8:I8,J8:N8,2,2) -> 0.68891631 | Q8: =AVERAGE(C8:I8) -> 221.78874 | R8: =AVERAGE(J8:N8) -> 229.94681 | S8: =STDEV(C8:I8)/SQRT(COUNT(C8:I8)) -> 14.487194 | T8: =STDEV(J8:N8)/SQRT(COUNT(J8:N8)) -> 11.427724
A9: 7 | B9: =IFERROR(VLOOKUP(A9,Tabel35[],2,FALSE),"") -> SS, lower limb | C9: =SUMIFS('Total-corrected counts Z<3'!E:E,'Total-corrected counts Z<3'!$R:$R,$A9) -> 63.540463 | D9: =SUMIFS('Total-corrected counts Z<3'!F:F,'Total-corrected counts Z<3'!$R:$R,$A9) -> 40.876743 | E9: =SUMIFS('Total-corrected counts Z<3'!G:G,'Total-corrected counts Z<3'!$R:$R,$A9) -> 41.10751 | F9: =SUMIFS('Total-corrected counts Z<3'!H:H,'Total-corrected counts Z<3'!$R:$R,$A9) -> 44.863681 | G9: =SUMIFS('Total-corrected counts Z<3'!I:I,'Total-corrected counts Z<3'!$R:$R,$A9) -> 53.614378 | H9: =SUMIFS('Total-corrected counts Z<3'!J:J,'Total-corrected counts Z<3'!$R:$R,$A9) -> 52.160727 | I9: =SUMIFS('Total-corrected counts Z<3'!K:K,'Total-corrected counts Z<3'!$R:$R,$A9) -> 33.478312 | J9: =SUMIFS('Total-corrected counts Z<3'!L:L,'Total-corrected counts Z<3'!$R:$R,$A9) -> 69.294259 | K9: =SUMIFS('Total-corrected counts Z<3'!M:M,'Total-corrected counts Z<3'!$R:$R,$A9) -> 47.062287 | L9: =SUMIFS('Total-corrected counts Z<3'!N:N,'Total-corrected counts Z<3'!$R:$R,$A9) -> 45.889575 | M9: =SUMIFS('Total-corrected counts Z<3'!O:O,'Total-corrected counts Z<3'!$R:$R,$A9) -> 62.025465 | N9: =SUMIFS('Total-corrected counts Z<3'!P:P,'Total-corrected counts Z<3'!$R:$R,$A9) -> 21.737189 | O9: =IF(AND(Q9=0,R9=0),0,1) -> 1 | P9: =_xlfn.T.TEST(C9:I9,J9:N9,2,2) -> 0.80117139 | Q9: =AVERAGE(C9:I9) -> 47.091688 | R9: =AVERAGE(J9:N9) -> 49.201755 | S9: =STDEV(C9:I9)/SQRT(COUNT(C9:I9)) -> 3.7907369 | T9: =STDEV(J9:N9)/SQRT(COUNT(J9:N9)) -> 8.1792619
A10: 8 | B10: =IFERROR(VLOOKUP(A10,Tabel35[],2,FALSE),"") -> SS, mouth | C10: =SUMIFS('Total-corrected counts Z<3'!E:E,'Total-corrected counts Z<3'!$R:$R,$A10) -> 287.16385 | D10: =SUMIFS('Total-corrected counts Z<3'!F:F,'Total-corrected counts Z<3'!$R:$R,$A10) -> 390.17061 | E10: =SUMIFS('Total-corrected counts Z<3'!G:G,'Total-corrected counts Z<3'!$R:$R,$A10) -> 549.8442 | F10: =SUMIFS('Total-corrected counts Z<3'!H:H,'Total-corrected counts Z<3'!$R:$R,$A10) -> 259.29376 | G10: =SUMIFS('Total-corrected counts Z<3'!I:I,'Total-corrected counts Z<3'!$R:$R,$A10) -> 323.79435 | H10: =SUMIFS('Total-corrected counts Z<3'!J:J,'Total-corrected counts Z<3'!$R:$R,$A10) -> 511.0274 | I10: =SUMIFS('Total-corrected counts Z<3'!K:K,'Total-corrected counts Z<3'!$R:$R,$A10) -> 342.79249 | J10: =SUMIFS('Total-corrected counts Z<3'!L:L,'Total-corrected counts Z<3'!$R:$R,$A10) -> 567.55586 | K10: =SUMIFS('Total-corrected counts Z<3'!M:M,'Total-corrected counts Z<3'!$R:$R,$A10) -> 619.61937 | L10: =SUMIFS('Total-corrected counts Z<3'!N:N,'Total-corrected counts Z<3'!$R:$R,$A10) -> 597.11942 | M10: =SUMIFS('Total-corrected counts Z<3'!O:O,'Total-corrected counts Z<3'!$R:$R,$A10) -> 307.30415 | N10: =SUMIFS('Total-corrected counts Z<3'!P:P,'Total-corrected counts Z<3'!$R:$R,$A10) -> 421.22753 | O10: =IF(AND(Q10=0,R10=0),0,1) -> 1 | P10: =_xlfn.T.TEST(C10:I10,J10:N10,2,2) -> 0.11481219 | Q10: =AVERAGE(C10:I10) -> 380.58381 | R10: =AVERAGE(J10:N10) -> 502.56526 | S10: =STDEV(C10:I10)/SQRT(COUNT(C10:I10)) -> 41.932004 | T10: =STDEV(J10:N10)/SQRT(COUNT(J10:N10)) -> 59.836719
A11: 9 | B11: =IFERROR(VLOOKUP(A11,Tabel35[],2,FALSE),"") -> SS, upper limb | C11: =SUMIFS('Total-corrected counts Z<3'!E:E,'Total-corrected counts Z<3'!$R:$R,$A11) -> 157.37537 | D11: =SUMIFS('Total-corrected counts Z<3'!F:F,'Total-corrected counts Z<3'!$R:$R,$A11) -> 92.914372 | E11: =SUMIFS('Total-corrected counts Z<3'!G:G,'Total-corrected counts Z<3'!$R:$R,$A11) -> 121.57251 | F11: =SUMIFS('Total-corrected counts Z<3'!H:H,'Total-corrected counts Z<3'!$R:$R,$A11) -> 79.770371 | G11: =SUMIFS('Total-corrected counts Z<3'!I:I,'Total-corrected counts Z<3'!$R:$R,$A11) -> 94.740515 | H11: =SUMIFS('Total-corrected counts Z<3'!J:J,'Total-corrected counts Z<3'!$R:$R,$A11) -> 132.28099 | I11: =SUMIFS('Total-corrected counts Z<3'!K:K,'Total-corrected counts Z<3'!$R:$R,$A11) -> 78.695222 | J11: =SUMIFS('Total-corrected counts Z<3'!L:L,'Total-corrected counts Z<3'!$R:$R,$A11) -> 123.47197 | K11: =SUMIFS('Total-corrected counts Z<3'!M:M,'Total-corrected counts Z<3'!$R:$R,$A11) -> 121.00855 | L11: =SUMIFS('Total-corrected counts Z<3'!N:N,'Total-corrected counts Z<3'!$R:$R,$A11) -> 172.77532 | M11: =SUMIFS('Total-corrected counts Z<3'!O:O,'Total-corrected counts Z<3'!$R:$R,$A11) -> 110.75105 | N11: =SUMIFS('Total-corrected counts Z<3'!P:P,'Total-corrected counts Z<3'!$R:$R,$A11) -> 89.491596 | O11: =IF(AND(Q11=0,R11=0),0,1) -> 1 | P11: =_xlfn.T.TEST(C11:I11,J11:N11,2,2) -> 0.40457954 | Q11: =AVERAGE(C11:I11) -> 108.19276 | R11: =AVERAGE(J11:N11) -> 123.4997 | S11: =STDEV(C11:I11)/SQRT(COUNT(C11:I11)) -> 11.202167 | T11: =STDEV(J11:N11)/SQRT(COUNT(J11:N11)) -> 13.699219
A12: 10 | B12: =IFERROR(VLOOKUP(A12,Tabel35[],2,FALSE),"") -> SS, trunk | C12: =SUMIFS('Total-corrected counts Z<3'!E:E,'Total-corrected counts Z<3'!$R:$R,$A12) -> 23.891586 | D12: =SUMIFS('Total-corrected counts Z<3'!F:F,'Total-corrected counts Z<3'!$R:$R,$A12) -> 23.81454 | E12: =SUMIFS('Total-corrected counts Z<3'!G:G,'Total-corrected counts Z<3'!$R:$R,$A12) -> 36.357467 | F12: =SUMIFS('Total-corrected counts Z<3'!H:H,'Total-corrected counts Z<3'!$R:$R,$A12) -> 28.032171 | G12: =SUMIFS('Total-corrected counts Z<3'!I:I,'Total-corrected counts Z<3'!$R:$R,$A12) -> 22.399937 | H12: =SUMIFS('Total-corrected counts Z<3'!J:J,'Total-corrected counts Z<3'!$R:$R,$A12) -> 45.708526 | I12: =SUMIFS('Total-corrected counts Z<3'!K:K,'Total-corrected counts Z<3'!$R:$R,$A12) -> 14.337758 | J12: =SUMIFS('Total-corrected counts Z<3'!L:L,'Total-corrected counts Z<3'!$R:$R,$A12) -> 25.677977 | K12: =SUMIFS('Total-corrected counts Z<3'!M:M,'Total-corrected counts Z<3'!$R:$R,$A12) -> 32.178992 | L12: =SUMIFS('Total-corrected counts Z<3'!N:N,'Total-corrected counts Z<3'!$R:$R,$A12) -> 38.675307 | M12: =SUMIFS('Total-corrected counts Z<3'!O:O,'Total-corrected counts Z<3'!$R:$R,$A12) -> 26.299622 | N12: =SUMIFS('Total-corrected counts Z<3'!P:P,'Total-corrected counts Z<3'!$R:$R,$A12) -> 13.151683 | O12: =IF(AND(Q12=0,R12=0),0,1) -> 1 | P12: =_xlfn.T.TEST(C12:I12,J12:N12,2,2) -> 0.92077473 | Q12: =AVERAGE(C12:I12) -> 27.791712 | R12: =AVERAGE(J12:N12) -> 27.196716 | S12: =STDEV(C12:I12)/SQRT(COUNT(C12:I12)) -> 3.8900092 | T12: =STDEV(J12:N12)/SQRT(COUNT(J12:N12)) -> 4.2246623
A13: 11 | B13: =IFERROR(VLOOKUP(A13,Tabel35[],2,FALSE),"") -> supplemental somatosensory | C13: =SUMIFS('Total-corrected counts Z<3'!E:E,'Total-corrected counts Z<3'!$R:$R,$A13) -> 179.19852 | D13: =SUMIFS('Total-corrected counts Z<3'!F:F,'Total-corrected counts Z<3'!$R:$R,$A13) -> 339.45833 | E13: =SUMIFS('Total-corrected counts Z<3'!G:G,'Total-corrected counts Z<3'!$R:$R,$A13) -> 381.09269 | F13: =SUMIFS('Total-corrected counts Z<3'!H:H,'Total-corrected counts Z<3'!$R:$R,$A13) -> 275.83534 | G13: =SUMIFS('Total-corrected counts Z<3'!I:I,'Total-corrected counts Z<3'!$R:$R,$A13) -> 276.19603 | H13: =SUMIFS('Total-corrected counts Z<3'!J:J,'Total-corrected counts Z<3'!$R:$R,$A13) -> 354.69729 | I13: =SUMIFS('Total-corrected counts Z<3'!K:K,'Total-corrected counts Z<3'!$R:$R,$A13) -> 233.82553 | J13: =SUMIFS('Total-corrected counts Z<3'!L:L,'Total-corrected counts Z<3'!$R:$R,$A13) -> 330.04464 | K13: =SUMIFS('Total-corrected counts Z<3'!M:M,'Total-corrected counts Z<3'!$R:$R,$A13) -> 386.10702 | L13: =SUMIFS('Total-corrected counts Z<3'!N:N,'Total-corrected counts Z<3'!$R:$R,$A13) -> 287.21324 | M13: =SUMIFS('Total-corrected counts Z<3'!O:O,'Total-corrected counts Z<3'!$R:$R,$A13) -> 251.45028 | N13: =SUMIFS('Total-corrected counts Z<3'!P:P,'Total-corrected counts Z<3'!$R:$R,$A13) -> 262.47769 | O13: =IF(AND(Q13=0,R13=0),0,1) -> 1 | P13: =_xlfn.T.TEST(C13:I13,J13:N13,2,2) -> 0.761112 | Q13: =AVERAGE(C13:I13) -> 291.47196 | R13: =AVERAGE(J13:N13) -> 303.45858 | S13: =STDEV(C13:I13)/SQRT(COUNT(C13:I13)) -> 27.052992 | T13: =STDEV(J13:N13)/SQRT(COUNT(J13:N13)) -> 24.683791
A14: 12 | B14: =IFERROR(VLOOKUP(A14,Tabel35[],2,FALSE),"") -> gustatory | C14: =SUMIFS('Total-corrected counts Z<3'!E:E,'Total-corrected counts Z<3'!$R:$R,$A14) -> 38.34739 | D14: =SUMIFS('Total-corrected counts Z<3'!F:F,'Total-corrected counts Z<3'!$R:$R,$A14) -> 157.17317 | E14: =SUMIFS('Total-corrected counts Z<3'!G:G,'Total-corrected counts Z<3'!$R:$R,$A14) -> 179.6266 | F14: =SUMIFS('Total-corrected counts Z<3'!H:H,'Total-corrected counts Z<3'!$R:$R,$A14) -> 66.959807 | G14: =SUMIFS('Total-corrected counts Z<3'!I:I,'Total-corrected counts Z<3'!$R:$R,$A14) -> 102.34688 | H14: =SUMIFS('Total-corrected counts Z<3'!J:J,'Total-corrected counts Z<3'!$R:$R,$A14) -> 117.24758 | I14: =SUMIFS('Total-corrected counts Z<3'!K:K,'Total-corrected counts Z<3'!$R:$R,$A14) -> 40.159848 | J14: =SUMIFS('Total-corrected counts Z<3'!L:L,'Total-corrected counts Z<3'!$R:$R,$A14) -> 154.30973 | K14: =SUMIFS('Total-corrected counts Z<3'!M:M,'Total-corrected counts Z<3'!$R:$R,$A14) -> 164.10468 | L14: =SUMIFS('Total-corrected counts Z<3'!N:N,'Total-corrected counts Z<3'!$R:$R,$A14) -> 165.17686 | M14: =SUMIFS('Total-corrected counts Z<3'!O:O,'Total-corrected counts Z<3'!$R:$R,$A14) -> 47.872066 | N14: =SUMIFS('Total-corrected counts Z<3'!P:P,'Total-corrected counts Z<3'!$R:$R,$A14) -> 95.516033 | O14: =IF(AND(Q14=0,R14=0),0,1) -> 1 | P14: =_xlfn.T.TEST(C14:I14,J14:N14,2,2) -> 0.44553928 | Q14: =AVERAGE(C14:I14) -> 100.2659 | R14: =AVERAGE(J14:N14) -> 125.39587 | S14: =STDEV(C14:I14)/SQRT(COUNT(C14:I14)) -> 20.922306 | T14: =STDEV(J14:N14)/SQRT(COUNT(J14:N14)) -> 23.259036
A15: 13 | B15: =IFERROR(VLOOKUP(A15,#REF!,2,FALSE),"") | C15: =SUMIFS('Total-corrected counts Z<3'!E:E,'Total-corrected counts Z<3'!$R:$R,$A15) -> 20.614627 | D15: =SUMIFS('Total-corrected counts Z<3'!F:F,'Total-corrected counts Z<3'!$R:$R,$A15) -> 138.72981 | E15: =SUMIFS('Total-corrected counts Z<3'!G:G,'Total-corrected counts Z<3'!$R:$R,$A15) -> 110.84028 | F15: =SUMIFS('Total-corrected counts Z<3'!H:H,'Total-corrected counts Z<3'!$R:$R,$A15) -> 62.35136 | G15: =SUMIFS('Total-corrected counts Z<3'!I:I,'Total-corrected counts Z<3'!$R:$R,$A15) -> 57.090868 | H15: =SUMIFS('Total-corrected counts Z<3'!J:J,'Total-corrected counts Z<3'!$R:$R,$A15) -> 82.748942 | I15: =SUMIFS('Total-corrected counts Z<3'!K:K,'Total-corrected counts Z<3'!$R:$R,$A15) -> 62.224457 | J15: =SUMIFS('Total-corrected counts Z<3'!L:L,'Total-corrected counts Z<3'!$R:$R,$A15) -> 83.161173 | K15: =SUMIFS('Total-corrected counts Z<3'!M:M,'Total-corrected counts Z<3'!$R:$R,$A15) -> 100.60535 | L15: =SUMIFS('Total-corrected counts Z<3'!N:N,'Total-corrected counts Z<3'!$R:$R,$A15) -> 89.047119 | M15: =SUMIFS('Total-corrected counts Z<3'!O:O,'Total-corrected counts Z<3'!$R:$R,$A15) -> 35.735222 | N15: =SUMIFS('Total-corrected counts Z<3'!P:P,'Total-corrected counts Z<3'!$R:$R,$A15) -> 95.634516 | O15: =IF(AND(Q15=0,R15=0),0,1) -> 1 | P15: =_xlfn.T.TEST(C15:I15,J15:N15,2,2) -> 0.82815051 | Q15: =AVERAGE(C15:I15) -> 76.371477 | R15: =AVERAGE(J15:N15) -> 80.836676 | S15: =STDEV(C15:I15)/SQRT(COUNT(C15:I15)) -> 14.63411 | T15: =STDEV(J15:N15)/SQRT(COUNT(J15:N15)) -> 11.654897
A16: 14 | B16: =IFERROR(VLOOKUP(A16,Tabel35[],2,FALSE),"") -> auditory | C16: =SUMIFS('Total-corrected counts Z<3'!E:E,'Total-corrected counts Z<3'!$R:$R,$A16) -> 64.330652 | D16: =SUMIFS('Total-corrected counts Z<3'!F:F,'Total-corrected counts Z<3'!$R:$R,$A16) -> 131.51709 | E16: =SUMIFS('Total-corrected counts Z<3'!G:G,'Total-corrected counts Z<3'!$R:$R,$A16) -> 176.323 | F16: =SUMIFS('Total-corrected counts Z<3'!H:H,'Total-corrected counts Z<3'!$R:$R,$A16) -> 155.05437 | G16: =SUMIFS('Total-corrected counts Z<3'!I:I,'Total-corrected counts Z<3'!$R:$R,$A16) -> 136.07623 | H16: =SUMIFS('Total-corrected counts Z<3'!J:J,'Total-corrected counts Z<3'!$R:$R,$A16) -> 151.13793 | I16: =SUMIFS('Total-corrected counts Z<3'!K:K,'Total-corrected counts Z<3'!$R:$R,$A16) -> 82.226689 | J16: =SUMIFS('Total-corrected counts Z<3'!L:L,'Total-corrected counts Z<3'!$R:$R,$A16) -> 247.06487 | K16: =SUMIFS('Total-corrected counts Z<3'!M:M,'Total-corrected counts Z<3'!$R:$R,$A16) -> 198.51208 | L16: =SUMIFS('Total-corrected counts Z<3'!N:N,'Total-corrected counts Z<3'!$R:$R,$A16) -> 168.99316 | M16: =SUMIFS('Total-corrected counts Z<3'!O:O,'Total-corrected counts Z<3'!$R:$R,$A16) -> 73.252515 | N16: =SUMIFS('Total-corrected counts Z<3'!P:P,'Total-corrected counts Z<3'!$R:$R,$A16) -> 89.446025 | O16: =IF(AND(Q16=0,R16=0),0,1) -> 1 | P16: =_xlfn.T.TEST(C16:I16,J16:N16,2,2) -> 0.42365851 | Q16: =AVERAGE(C16:I16) -> 128.09514 | R16: =AVERAGE(J16:N16) -> 155.45373 | S16: =STDEV(C16:I16)/SQRT(COUNT(C16:I16)) -> 15.297782 | T16: =STDEV(J16:N16)/SQRT(COUNT(J16:N16)) -> 32.820722
A17: 15 | B17: =IFERROR(VLOOKUP(A17,Tabel35[],2,FALSE),"") -> primary-posterior auditory | C17: =SUMIFS('Total-corrected counts Z<3'!E:E,'Total-corrected counts Z<3'!$R:$R,$A17) -> 28.353828 | D17: =SUMIFS('Total-corrected counts Z<3'!F:F,'Total-corrected counts Z<3'!$R:$R,$A17) -> 60.798924 | E17: =SUMIFS('Total-corrected counts Z<3'!G:G,'Total-corrected counts Z<3'!$R:$R,$A17) -> 73.41137 | F17: =SUMIFS('Total-corrected counts Z<3'!H:H,'Total-corrected counts Z<3'!$R:$R,$A17) -> 79.953488 | G17: =SUMIFS('Total-corrected counts Z<3'!I:I,'Total-corrected counts Z<3'!$R:$R,$A17) -> 78.331975 | H17: =SUMIFS('Total-corrected counts Z<3'!J:J,'Total-corrected counts Z<3'!$R:$R,$A17) -> 91.395327 | I17: =SUMIFS('Total-corrected counts Z<3'!K:K,'Total-corrected counts Z<3'!$R:$R,$A17) -> 36.303486 | J17: =SUMIFS('Total-corrected counts Z<3'!L:L,'Total-corrected counts Z<3'!$R:$R,$A17) -> 143.2041 | K17: =SUMIFS('Total-corrected counts Z<3'!M:M,'Total-corrected counts Z<3'!$R:$R,$A17) -> 92.20283 | L17: =SUMIFS('Total-corrected counts Z<3'!N:N,'Total-corrected counts Z<3'!$R:$R,$A17) -> 66.089525 | M17: =SUMIFS('Total-corrected counts Z<3'!O:O,'Total-corrected counts Z<3'!$R:$R,$A17) -> 51.670692 | N17: =SUMIFS('Total-corrected counts Z<3'!P:P,'Total-corrected counts Z<3'!$R:$R,$A17) -> 34.506078 | O17: =IF(AND(Q17=0,R17=0),0,1) -> 1 | P17: =_xlfn.T.TEST(C17:I17,J17:N17,2,2) -> 0.49491762 | Q17: =AVERAGE(C17:I17) -> 64.078343 | R17: =AVERAGE(J17:N17) -> 77.534646 | S17: =STDEV(C17:I17)/SQRT(COUNT(C17:I17)) -> 8.9268822 | T17: =STDEV(J17:N17)/SQRT(COUNT(J17:N17)) -> 18.94601
A18: 16 | B18: =IFERROR(VLOOKUP(A18,Tabel35[],2,FALSE),"") -> ventral auditory | C18: =SUMIFS('Total-corrected counts Z<3'!E:E,'Total-corrected counts Z<3'!$R:$R,$A18) -> 21.950976 | D18: =SUMIFS('Total-corrected counts Z<3'!F:F,'Total-corrected counts Z<3'!$R:$R,$A18) -> 100.48982 | E18: =SUMIFS('Total-corrected counts Z<3'!G:G,'Total-corrected counts Z<3'!$R:$R,$A18) -> 120.69751 | F18: =SUMIFS('Total-corrected counts Z<3'!H:H,'Total-corrected counts Z<3'!$R:$R,$A18) -> 94.084022 | G18: =SUMIFS('Total-corrected counts Z<3'!I:I,'Total-corrected counts Z<3'!$R:$R,$A18) -> 98.821075 | H18: =SUMIFS('Total-corrected counts Z<3'!J:J,'Total-corrected counts Z<3'!$R:$R,$A18) -> 100.41103 | I18: =SUMIFS('Total-corrected counts Z<3'!K:K,'Total-corrected counts Z<3'!$R:$R,$A18) -> 51.531174 | J18: =SUMIFS('Total-corrected counts Z<3'!L:L,'Total-corrected counts Z<3'!$R:$R,$A18) -> 71.491197 | K18: =SUMIFS('Total-corrected counts Z<3'!M:M,'Total-corrected counts Z<3'!$R:$R,$A18) -> 58.510975 | L18: =SUMIFS('Total-corrected counts Z<3'!N:N,'Total-corrected counts Z<3'!$R:$R,$A18) -> 102.04134 | M18: =SUMIFS('Total-corrected counts Z<3'!O:O,'Total-corrected counts Z<3'!$R:$R,$A18) -> 37.048327 | N18: =SUMIFS('Total-corrected counts Z<3'!P:P,'Total-corrected counts Z<3'!$R:$R,$A18) -> 72.35704 | O18: =IF(AND(Q18=0,R18=0),0,1) -> 1 | P18: =_xlfn.T.TEST(C18:I18,J18:N18,2,2) -> 0.40092292 | Q18: =AVERAGE(C18:I18) -> 83.997944 | R18: =AVERAGE(J18:N18) -> 68.289776 | S18: =STDEV(C18:I18)/SQRT(COUNT(C18:I18)) -> 13.014279 | T18: =STDEV(J18:N18)/SQRT(COUNT(J18:N18)) -> 10.577365
A19: 17 | B19: =IFERROR(VLOOKUP(A19,Tabel35[],2,FALSE),"") -> anterolateral visual | C19: =SUMIFS('Total-corrected counts Z<3'!E:E,'Total-corrected counts Z<3'!$R:$R,$A19) -> 5.682386 | D19: =SUMIFS('Total-corrected counts Z<3'!F:F,'Total-corrected counts Z<3'!$R:$R,$A19) -> 18.345706 | E19: =SUMIFS('Total-corrected counts Z<3'!G:G,'Total-corrected counts Z<3'!$R:$R,$A19) -> 15.214422 | F19: =SUMIFS('Total-corrected counts Z<3'!H:H,'Total-corrected counts Z<3'!$R:$R,$A19) -> 11.109102 | G19: =SUMIFS('Total-corrected counts Z<3'!I:I,'Total-corrected counts Z<3'!$R:$R,$A19) -> 10.454126 | H19: =SUMIFS('Total-corrected counts Z<3'!J:J,'Total-corrected counts Z<3'!$R:$R,$A19) -> 14.316501 | I19: =SUMIFS('Total-corrected counts Z<3'!K:K,'Total-corrected counts Z<3'!$R:$R,$A19) -> 4.2942645 | J19: =SUMIFS('Total-corrected counts Z<3'!L:L,'Total-corrected counts Z<3'!$R:$R,$A19) -> 45.873686 | K19: =SUMIFS('Total-corrected counts Z<3'!M:M,'Total-corrected counts Z<3'!$R:$R,$A19) -> 40.969949 | L19: =SUMIFS('Total-corrected counts Z<3'!N:N,'Total-corrected counts Z<3'!$R:$R,$A19) -> 9.6304075 | M19: =SUMIFS('Total-corrected counts Z<3'!O:O,'Total-corrected counts Z<3'!$R:$R,$A19) -> 8.0193214 | N19: =SUMIFS('Total-corrected counts Z<3'!P:P,'Total-corrected counts Z<3'!$R:$R,$A19) -> 5.9970944 | O19: =IF(AND(Q19=0,R19=0),0,1) -> 1 | P19: =_xlfn.T.TEST(C19:I19,J19:N19,2,2) -> 0.18809749 | Q19: =AVERAGE(C19:I19) -> 11.345215 | R19: =AVERAGE(J19:N19) -> 22.098092 | S19: =STDEV(C19:I19)/SQRT(COUNT(C19:I19)) -> 1.9237828 | T19: =STDEV(J19:N19)/SQRT(COUNT(J19:N19)) -> 8.7587754
A20: 18 | B20: =IFERROR(VLOOKUP(A20,Tabel35[],2,FALSE),"") -> anteromedial visual | C20: =SUMIFS('Total-corrected counts Z<3'!E:E,'Total-corrected counts Z<3'!$R:$R,$A20) -> 26.157568 | D20: =SUMIFS('Total-corrected counts Z<3'!F:F,'Total-corrected counts Z<3'!$R:$R,$A20) -> 10.979521 | E20: =SUMIFS('Total-corrected counts Z<3'!G:G,'Total-corrected counts Z<3'!$R:$R,$A20) -> 24.285931 | F20: =SUMIFS('Total-corrected counts Z<3'!H:H,'Total-corrected counts Z<3'!$R:$R,$A20) -> 17.136705 | G20: =SUMIFS('Total-corrected counts Z<3'!I:I,'Total-corrected counts Z<3'!$R:$R,$A20) -> 12.599194 | H20: =SUMIFS('Total-corrected counts Z<3'!J:J,'Total-corrected counts Z<3'!$R:$R,$A20) -> 32.282732 | I20: =SUMIFS('Total-corrected counts Z<3'!K:K,'Total-corrected counts Z<3'!$R:$R,$A20) -> 6.300138 | J20: =SUMIFS('Total-corrected counts Z<3'!L:L,'Total-corrected counts Z<3'!$R:$R,$A20) -> 20.921303 | K20: =SUMIFS('Total-corrected counts Z<3'!M:M,'Total-corrected counts Z<3'!$R:$R,$A20) -> 30.727462 | L20: =SUMIFS('Total-corrected counts Z<3'!N:N,'Total-corrected counts Z<3'!$R:$R,$A20) -> 21.472052 | M20: =SUMIFS('Total-corrected counts Z<3'!O:O,'Total-corrected counts Z<3'!$R:$R,$A20) -> 29.694938 | N20: =SUMIFS('Total-corrected counts Z<3'!P:P,'Total-corrected counts Z<3'!$R:$R,$A20) -> 14.035753 | O20: =IF(AND(Q20=0,R20=0),0,1) -> 1 | P20: =_xlfn.T.TEST(C20:I20,J20:N20,2,2) -> 0.35176178 | Q20: =AVERAGE(C20:I20) -> 18.534541 | R20: =AVERAGE(J20:N20) -> 23.370302 | S20: =STDEV(C20:I20)/SQRT(COUNT(C20:I20)) -> 3.5326472 | T20: =STDEV(J20:N20)/SQRT(COUNT(J20:N20)) -> 3.0892035
A21: 19 | B21: =IFERROR(VLOOKUP(A21,Tabel35[],2,FALSE),"") -> lateral visual | C21: =SUMIFS('Total-corrected counts Z<3'!E:E,'Total-corrected counts Z<3'!$R:$R,$A21) -> 12.375749 | D21: =SUMIFS('Total-corrected counts Z<3'!F:F,'Total-corrected counts Z<3'!$R:$R,$A21) -> 32.575835 | E21: =SUMIFS('Total-corrected counts Z<3'!G:G,'Total-corrected counts Z<3'!$R:$R,$A21) -> 33.23244 | F21: =SUMIFS('Total-corrected counts Z<3'!H:H,'Total-corrected counts Z<3'!$R:$R,$A21) -> 24.850512 | G21: =SUMIFS('Total-corrected counts Z<3'!I:I,'Total-corrected counts Z<3'!$R:$R,$A21) -> 14.374423 | H21: =SUMIFS('Total-corrected counts Z<3'!J:J,'Total-corrected counts Z<3'!$R:$R,$A21) -> 22.789089 | I21: =SUMIFS('Total-corrected counts Z<3'!K:K,'Total-corrected counts Z<3'!$R:$R,$A21) -> 11.215941 | J21: =SUMIFS('Total-corrected counts Z<3'!L:L,'Total-corrected counts Z<3'!$R:$R,$A21) -> 54.459886 | K21: =SUMIFS('Total-corrected counts Z<3'!M:M,'Total-corrected counts Z<3'!$R:$R,$A21) -> 62.88601 | L21: =SUMIFS('Total-corrected counts Z<3'!N:N,'Total-corrected counts Z<3'!$R:$R,$A21) -> 9.4340428 | M21: =SUMIFS('Total-corrected counts Z<3'!O:O,'Total-corrected counts Z<3'!$R:$R,$A21) -> 19.246371 | N21: =SUMIFS('Total-corrected counts Z<3'!P:P,'Total-corrected counts Z<3'!$R:$R,$A21) -> 9.1779241 | O21: =IF(AND(Q21=0,R21=0),0,1) -> 1 | P21: =_xlfn.T.TEST(C21:I21,J21:N21,2,2) -> 0.38717558 | Q21: =AVERAGE(C21:I21) -> 21.63057 | R21: =AVERAGE(J21:N21) -> 31.040847 | S21: =STDEV(C21:I21)/SQRT(COUNT(C21:I21)) -> 3.4944864 | T21: =STDEV(J21:N21)/SQRT(COUNT(J21:N21)) -> 11.503297
A22: 20 | B22: =IFERROR(VLOOKUP(A22,#REF!,2,FALSE),"") | C22: =SUMIFS('Total-corrected counts Z<3'!E:E,'Total-corrected counts Z<3'!$R:$R,$A22) -> 219.31221 | D22: =SUMIFS('Total-corrected counts Z<3'!F:F,'Total-corrected counts Z<3'!$R:$R,$A22) -> 222.29694 | E22: =SUMIFS('Total-corrected counts Z<3'!G:G,'Total-corrected counts Z<3'!$R:$R,$A22) -> 180.35875 | F22: =SUMIFS('Total-corrected counts Z<3'!H:H,'Total-corrected counts Z<3'!$R:$R,$A22) -> 115.00515 | G22: =SUMIFS('Total-corrected counts Z<3'!I:I,'Total-corrected counts Z<3'!$R:$R,$A22) -> 70.959844 | H22: =SUMIFS('Total-corrected counts Z<3'!J:J,'Total-corrected counts Z<3'!$R:$R,$A22) -> 183.02962 | I22: =SUMIFS('Total-corrected counts Z<3'!K:K,'Total-corrected counts Z<3'!$R:$R,$A22) -> 96.790461 | J22: =SUMIFS('Total-corrected counts Z<3'!L:L,'Total-corrected counts Z<3'!$R:$R,$A22) -> 260.28681 | K22: =SUMIFS('Total-corrected counts Z<3'!M:M,'Total-corrected counts Z<3'!$R:$R,$A22) -> 397.26949 | L22: =SUMIFS('Total-corrected counts Z<3'!N:N,'Total-corrected counts Z<3'!$R:$R,$A22) -> 72.151218 | M22: =SUMIFS('Total-corrected counts Z<3'!O:O,'Total-corrected counts Z<3'!$R:$R,$A22) -> 143.85068 | N22: =SUMIFS('Total-corrected counts Z<3'!P:P,'Total-corrected counts Z<3'!$R:$R,$A22) -> 82.719801 | O22: =IF(AND(Q22=0,R22=0),0,1) -> 1 | P22: =_xlfn.T.TEST(C22:I22,J22:N22,2,2) -> 0.54908219 | Q22: =AVERAGE(C22:I22) -> 155.39328 | R22: =AVERAGE(J22:N22) -> 191.2556 | S22: =STDEV(C22:I22)/SQRT(COUNT(C22:I22)) -> 22.961286 | T22: =STDEV(J22:N22)/SQRT(COUNT(J22:N22)) -> 61.408521
A23: 21 | B23: =IFERROR(VLOOKUP(A23,Tabel35[],2,FALSE),"") -> posterolateral visual | C23: =SUMIFS('Total-corrected counts Z<3'!E:E,'Total-corrected counts Z<3'!$R:$R,$A23) -> 4.6714093 | D23: =SUMIFS('Total-corrected counts Z<3'!F:F,'Total-corrected counts Z<3'!$R:$R,$A23) -> 15.039293 | E23: =SUMIFS('Total-corrected counts Z<3'!G:G,'Total-corrected counts Z<3'!$R:$R,$A23) -> 16.375146 | F23: =SUMIFS('Total-corrected counts Z<3'!H:H,'Total-corrected counts Z<3'!$R:$R,$A23) -> 7.5688387 | G23: =SUMIFS('Total-corrected counts Z<3'!I:I,'Total-corrected counts Z<3'!$R:$R,$A23) -> 2.0094605 | H23: =SUMIFS('Total-corrected counts Z<3'!J:J,'Total-corrected counts Z<3'!$R:$R,$A23) -> 4.9314807 | I23: =SUMIFS('Total-corrected counts Z<3'!K:K,'Total-corrected counts Z<3'!$R:$R,$A23) -> 3.3337053 | J23: =SUMIFS('Total-corrected counts Z<3'!L:L,'Total-corrected counts Z<3'!$R:$R,$A23) -> 3.9303026 | K23: =SUMIFS('Total-corrected counts Z<3'!M:M,'Total-corrected counts Z<3'!$R:$R,$A23) -> 17.316141 | L23: =SUMIFS('Total-corrected counts Z<3'!N:N,'Total-corrected counts Z<3'!$R:$R,$A23) -> 3.987057 | M23: =SUMIFS('Total-corrected counts Z<3'!O:O,'Total-corrected counts Z<3'!$R:$R,$A23) -> 13.224846 | N23: =SUMIFS('Total-corrected counts Z<3'!P:P,'Total-corrected counts Z<3'!$R:$R,$A23) -> 3.4633676 | O23: =IF(AND(Q23=0,R23=0),0,1) -> 1 | P23: =_xlfn.T.TEST(C23:I23,J23:N23,2,2) -> 0.85118518 | Q23: =AVERAGE(C23:I23) -> 7.7041906 | R23: =AVERAGE(J23:N23) -> 8.3843429 | S23: =STDEV(C23:I23)/SQRT(COUNT(C23:I23)) -> 2.1680818 | T23: =STDEV(J23:N23)/SQRT(COUNT(J23:N23)) -> 2.8861574
A24: 22 | B24: =IFERROR(VLOOKUP(A24,Tabel35[],2,FALSE),"") -> posteromedial visual | C24: =SUMIFS('Total-corrected counts Z<3'!E:E,'Total-corrected counts Z<3'!$R:$R,$A24) -> 34.349965 | D24: =SUMIFS('Total-corrected counts Z<3'!F:F,'Total-corrected counts Z<3'!$R:$R,$A24) -> 22.949571 | E24: =SUMIFS('Total-corrected counts Z<3'!G:G,'Total-corrected counts Z<3'!$R:$R,$A24) -> 20.660899 | F24: =SUMIFS('Total-corrected counts Z<3'!H:H,'Total-corrected counts Z<3'!$R:$R,$A24) -> 17.006997 | G24: =SUMIFS('Total-corrected counts Z<3'!I:I,'Total-corrected counts Z<3'!$R:$R,$A24) -> 16.383883 | H24: =SUMIFS('Total-corrected counts Z<3'!J:J,'Total-corrected counts Z<3'!$R:$R,$A24) -> 29.610609 | I24: =SUMIFS('Total-corrected counts Z<3'!K:K,'Total-corrected counts Z<3'!$R:$R,$A24) -> 4.1388799 | J24: =SUMIFS('Total-corrected counts Z<3'!L:L,'Total-corrected counts Z<3'!$R:$R,$A24) -> 26.988078 | K24: =SUMIFS('Total-corrected counts Z<3'!M:M,'Total-corrected counts Z<3'!$R:$R,$A24) -> 49.904015 | L24: =SUMIFS('Total-corrected counts Z<3'!N:N,'Total-corrected counts Z<3'!$R:$R,$A24) -> 15.897002 | M24: =SUMIFS('Total-corrected counts Z<3'!O:O,'Total-corrected counts Z<3'!$R:$R,$A24) -> 14.669262 | N24: =SUMIFS('Total-corrected counts Z<3'!P:P,'Total-corrected counts Z<3'!$R:$R,$A24) -> 12.468123 | O24: =IF(AND(Q24=0,R24=0),0,1) -> 1 | P24: =_xlfn.T.TEST(C24:I24,J24:N24,2,2) -> 0.66388046 | Q24: =AVERAGE(C24:I24) -> 20.728686 | R24: =AVERAGE(J24:N24) -> 23.985296 | S24: =STDEV(C24:I24)/SQRT(COUNT(C24:I24)) -> 3.7075042 | T24: =STDEV(J24:N24)/SQRT(COUNT(J24:N24)) -> 6.9485644
A25: 23 | B25: =IFERROR(VLOOKUP(A25,Tabel35[],2,FALSE),"") -> dACC | C25: =SUMIFS('Total-corrected counts Z<3'!E:E,'Total-corrected counts Z<3'!$R:$R,$A25) -> 17.267946 | D25: =SUMIFS('Total-corrected counts Z<3'!F:F,'Total-corrected counts Z<3'!$R:$R,$A25) -> 40.444259 | E25: =SUMIFS('Total-corrected counts Z<3'!G:G,'Total-corrected counts Z<3'!$R:$R,$A25) -> 23.321637 | F25: =SUMIFS('Total-corrected counts Z<3'!H:H,'Total-corrected counts Z<3'!$R:$R,$A25) -> 18.189628 | G25: =SUMIFS('Total-corrected counts Z<3'!I:I,'Total-corrected counts Z<3'!$R:$R,$A25) -> 15.089446 | H25: =SUMIFS('Total-corrected counts Z<3'!J:J,'Total-corrected counts Z<3'!$R:$R,$A25) -> 40.451176 | I25: =SUMIFS('Total-corrected counts Z<3'!K:K,'Total-corrected counts Z<3'!$R:$R,$A25) -> 40.710757 | J25: =SUMIFS('Total-corrected counts Z<3'!L:L,'Total-corrected counts Z<3'!$R:$R,$A25) -> 24.388032 | K25: =SUMIFS('Total-corrected counts Z<3'!M:M,'Total-corrected counts Z<3'!$R:$R,$A25) -> 22.549827 | L25: =SUMIFS('Total-corrected counts Z<3'!N:N,'Total-corrected counts Z<3'!$R:$R,$A25) -> 80.646125 | M25: =SUMIFS('Total-corrected counts Z<3'!O:O,'Total-corrected counts Z<3'!$R:$R,$A25) -> 26.402795 | N25: =SUMIFS('Total-corrected counts Z<3'!P:P,'Total-corrected counts Z<3'!$R:$R,$A25) -> 47.019772 | O25: =IF(AND(Q25=0,R25=0),0,1) -> 1 | P25: =_xlfn.T.TEST(C25:I25,J25:N25,2,2) -> 0.27567364 | Q25: =AVERAGE(C25:I25) -> 27.924978 | R25: =AVERAGE(J25:N25) -> 40.20131 | S25: =STDEV(C25:I25)/SQRT(COUNT(C25:I25)) -> 4.554969 | T25: =STDEV(J25:N25)/SQRT(COUNT(J25:N25)) -> 11.032471
A26: 24 | B26: =IFERROR(VLOOKUP(A26,Tabel35[],2,FALSE),"") -> vACC | C26: =SUMIFS('Total-corrected counts Z<3'!E:E,'Total-corrected counts Z<3'!$R:$R,$A26) -> 9.8424968 | D26: =SUMIFS('Total-corrected counts Z<3'!F:F,'Total-corrected counts Z<3'!$R:$R,$A26) -> 26.883783 | E26: =SUMIFS('Total-corrected counts Z<3'!G:G,'Total-corrected counts Z<3'!$R:$R,$A26) -> 15.071563 | F26: =SUMIFS('Total-corrected counts Z<3'!H:H,'Total-corrected counts Z<3'!$R:$R,$A26) -> 20.738008 | G26: =SUMIFS('Total-corrected counts Z<3'!I:I,'Total-corrected counts Z<3'!$R:$R,$A26) -> 12.537554 | H26: =SUMIFS('Total-corrected counts Z<3'!J:J,'Total-corrected counts Z<3'!$R:$R,$A26) -> 40.386002 | I26: =SUMIFS('Total-corrected counts Z<3'!K:K,'Total-corrected counts Z<3'!$R:$R,$A26) -> 20.341253 | J26: =SUMIFS('Total-corrected counts Z<3'!L:L,'Total-corrected counts Z<3'!$R:$R,$A26) -> 10.581584 | K26: =SUMIFS('Total-corrected counts Z<3'!M:M,'Total-corrected counts Z<3'!$R:$R,$A26) -> 20.546307 | L26: =SUMIFS('Total-corrected counts Z<3'!N:N,'Total-corrected counts Z<3'!$R:$R,$A26) -> 34.662637 | M26: =SUMIFS('Total-corrected counts Z<3'!O:O,'Total-corrected counts Z<3'!$R:$R,$A26) -> 8.122494 | N26: =SUMIFS('Total-corrected counts Z<3'!P:P,'Total-corrected counts Z<3'!$R:$R,$A26) -> 41.988775 | O26: =IF(AND(Q26=0,R26=0),0,1) -> 1 | P26: =_xlfn.T.TEST(C26:I26,J26:N26,2,2) -> 0.75131662 | Q26: =AVERAGE(C26:I26) -> 20.828666 | R26: =AVERAGE(J26:N26) -> 23.180359 | S26: =STDEV(C26:I26)/SQRT(COUNT(C26:I26)) -> 3.9096411 | T26: =STDEV(J26:N26)/SQRT(COUNT(J26:N26)) -> 6.6257297
A27: 25 | B27: =IFERROR(VLOOKUP(A27,#REF!,2,FALSE),"") | C27: =SUMIFS('Total-corrected counts Z<3'!E:E,'Total-corrected counts Z<3'!$R:$R,$A27) -> 3.7766369 | D27: =SUMIFS('Total-corrected counts Z<3'!F:F,'Total-corrected counts Z<3'!$R:$R,$A27) -> 37.249456 | E27: =SUMIFS('Total-corrected counts Z<3'!G:G,'Total-corrected counts Z<3'!$R:$R,$A27) -> 7.8214984 | F27: =SUMIFS('Total-corrected counts Z<3'!H:H,'Total-corrected counts Z<3'!$R:$R,$A27) -> 6.4548765 | G27: =SUMIFS('Total-corrected counts Z<3'!I:I,'Total-corrected counts Z<3'!$R:$R,$A27) -> 5.6338862 | H27: =SUMIFS('Total-corrected counts Z<3'!J:J,'Total-corrected counts Z<3'!$R:$R,$A27) -> 13.925459 | I27: =SUMIFS('Total-corrected counts Z<3'!K:K,'Total-corrected counts Z<3'!$R:$R,$A27) -> 21.457196 | J27: =SUMIFS('Total-corrected counts Z<3'!L:L,'Total-corrected counts Z<3'!$R:$R,$A27) -> 9.9970775 | K27: =SUMIFS('Total-corrected counts Z<3'!M:M,'Total-corrected counts Z<3'!$R:$R,$A27) -> 4.5999195 | L27: =SUMIFS('Total-corrected counts Z<3'!N:N,'Total-corrected counts Z<3'!$R:$R,$A27) -> 40.72433 | M27: =SUMIFS('Total-corrected counts Z<3'!O:O,'Total-corrected counts Z<3'!$R:$R,$A27) -> 2.7950383 | N27: =SUMIFS('Total-corrected counts Z<3'!P:P,'Total-corrected counts Z<3'!$R:$R,$A27) -> 13.49802 | O27: =IF(AND(Q27=0,R27=0),0,1) -> 1 | P27: =_xlfn.T.TEST(C27:I27,J27:N27,2,2) -> 0.9444205 | Q27: =AVERAGE(C27:I27) -> 13.759858 | R27: =AVERAGE(J27:N27) -> 14.322877 | S27: =STDEV(C27:I27)/SQRT(COUNT(C27:I27)) -> 4.5391436 | T27: =STDEV(J27:N27)/SQRT(COUNT(J27:N27)) -> 6.8697038
A28: 26 | B28: =IFERROR(VLOOKUP(A28,Tabel35[],2,FALSE),"") -> IL | C28: =SUMIFS('Total-corrected counts Z<3'!E:E,'Total-corrected counts Z<3'!$R:$R,$A28) -> 11.30667 | D28: =SUMIFS('Total-corrected counts Z<3'!F:F,'Total-corrected counts Z<3'!$R:$R,$A28) -> 40.904646 | E28: =SUMIFS('Total-corrected counts Z<3'!G:G,'Total-corrected counts Z<3'!$R:$R,$A28) -> 18.143019 | F28: =SUMIFS('Total-corrected counts Z<3'!H:H,'Total-corrected counts Z<3'!$R:$R,$A28) -> 6.737182 | G28: =SUMIFS('Total-corrected counts Z<3'!I:I,'Total-corrected counts Z<3'!$R:$R,$A28) -> 11.5883 | H28: =SUMIFS('Total-corrected counts Z<3'!J:J,'Total-corrected counts Z<3'!$R:$R,$A28) -> 12.404738 | I28: =SUMIFS('Total-corrected counts Z<3'!K:K,'Total-corrected counts Z<3'!$R:$R,$A28) -> 9.4360811 | J28: =SUMIFS('Total-corrected counts Z<3'!L:L,'Total-corrected counts Z<3'!$R:$R,$A28) -> 16.406494 | K28: =SUMIFS('Total-corrected counts Z<3'!M:M,'Total-corrected counts Z<3'!$R:$R,$A28) -> 6.3989991 | L28: =SUMIFS('Total-corrected counts Z<3'!N:N,'Total-corrected counts Z<3'!$R:$R,$A28) -> 26.970264 | M28: =SUMIFS('Total-corrected counts Z<3'!O:O,'Total-corrected counts Z<3'!$R:$R,$A28) -> 4.1925575 | N28: =SUMIFS('Total-corrected counts Z<3'!P:P,'Total-corrected counts Z<3'!$R:$R,$A28) -> 16.441882 | O28: =IF(AND(Q28=0,R28=0),0,1) -> 1 | P28: =_xlfn.T.TEST(C28:I28,J28:N28,2,2) -> 0.7905788 | Q28: =AVERAGE(C28:I28) -> 15.788662 | R28: =AVERAGE(J28:N28) -> 14.082039 | S28: =STDEV(C28:I28)/SQRT(COUNT(C28:I28)) -> 4.3856434 | T28: =STDEV(J28:N28)/SQRT(COUNT(J28:N28)) -> 4.086008
A29: 27 | B29: =IFERROR(VLOOKUP(A29,Tabel35[],2,FALSE),"") -> lateral orbital | C29: =SUMIFS('Total-corrected counts Z<3'!E:E,'Total-corrected counts Z<3'!$R:$R,$A29) -> 27.087202 | D29: =SUMIFS('Total-corrected counts Z<3'!F:F,'Total-corrected counts Z<3'!$R:$R,$A29) -> 21.735825 | E29: =SUMIFS('Total-corrected counts Z<3'!G:G,'Total-corrected counts Z<3'!$R:$R,$A29) -> 37.428906 | F29: =SUMIFS('Total-corrected counts Z<3'!H:H,'Total-corrected counts Z<3'!$R:$R,$A29) -> 21.119501 | G29: =SUMIFS('Total-corrected counts Z<3'!I:I,'Total-corrected counts Z<3'!$R:$R,$A29) -> 18.713871 | H29: =SUMIFS('Total-corrected counts Z<3'!J:J,'Total-corrected counts Z<3'!$R:$R,$A29) -> 38.409065 | I29: =SUMIFS('Total-corrected counts Z<3'!K:K,'Total-corrected counts Z<3'!$R:$R,$A29) -> 17.13468 | J29: =SUMIFS('Total-corrected counts Z<3'!L:L,'Total-corrected counts Z<3'!$R:$R,$A29) -> 37.468885 | K29: =SUMIFS('Total-corrected counts Z<3'!M:M,'Total-corrected counts Z<3'!$R:$R,$A29) -> 30.155028 | L29: =SUMIFS('Total-corrected counts Z<3'!N:N,'Total-corrected counts Z<3'!$R:$R,$A29) -> 44.421108 | M29: =SUMIFS('Total-corrected counts Z<3'!O:O,'Total-corrected counts Z<3'!$R:$R,$A29) -> 25.164724 | N29: =SUMIFS('Total-corrected counts Z<3'!P:P,'Total-corrected counts Z<3'!$R:$R,$A29) -> 44.832382 | O29: =IF(AND(Q29=0,R29=0),0,1) -> 1 | P29: =_xlfn.T.TEST(C29:I29,J29:N29,2,2) -> 0.06776925 | Q29: =AVERAGE(C29:I29) -> 25.947007 | R29: =AVERAGE(J29:N29) -> 36.408425 | S29: =STDEV(C29:I29)/SQRT(COUNT(C29:I29)) -> 3.3074633 | T29: =STDEV(J29:N29)/SQRT(COUNT(J29:N29)) -> 3.8846912
A30: 28 | B30: =IFERROR(VLOOKUP(A30,Tabel35[],2,FALSE),"") -> medial orbital | C30: =SUMIFS('Total-corrected counts Z<3'!E:E,'Total-corrected counts Z<3'!$R:$R,$A30) -> 4.0671474 | D30: =SUMIFS('Total-corrected counts Z<3'!F:F,'Total-corrected counts Z<3'!$R:$R,$A30) -> 8.733393 | E30: =SUMIFS('Total-corrected counts Z<3'!G:G,'Total-corrected counts Z<3'!$R:$R,$A30) -> 4.6964705 | F30: =SUMIFS('Total-corrected counts Z<3'!H:H,'Total-corrected counts Z<3'!$R:$R,$A30) -> 2.7086066 | G30: =SUMIFS('Total-corrected counts Z<3'!I:I,'Total-corrected counts Z<3'!$R:$R,$A30) -> 1.713589 | H30: =SUMIFS('Total-corrected counts Z<3'!J:J,'Total-corrected counts Z<3'!$R:$R,$A30) -> 5.1052773 | I30: =SUMIFS('Total-corrected counts Z<3'!K:K,'Total-corrected counts Z<3'!$R:$R,$A30) -> 6.3425156 | J30: =SUMIFS('Total-corrected counts Z<3'!L:L,'Total-corrected counts Z<3'!$R:$R,$A30) -> 4.9985387 | K30: =SUMIFS('Total-corrected counts Z<3'!M:M,'Total-corrected counts Z<3'!$R:$R,$A30) -> 1.880856 | L30: =SUMIFS('Total-corrected counts Z<3'!N:N,'Total-corrected counts Z<3'!$R:$R,$A30) -> 21.711105 | M30: =SUMIFS('Total-corrected counts Z<3'!O:O,'Total-corrected counts Z<3'!$R:$R,$A30) -> 1.6038643 | N30: =SUMIFS('Total-corrected counts Z<3'!P:P,'Total-corrected counts Z<3'!$R:$R,$A30) -> 7.7287782 | O30: =IF(AND(Q30=0,R30=0),0,1) -> 1 | P30: =_xlfn.T.TEST(C30:I30,J30:N30,2,2) -> 0.40541337 | Q30: =AVERAGE(C30:I30) -> 4.7667142 | R30: =AVERAGE(J30:N30) -> 7.5846284 | S30: =STDEV(C30:I30)/SQRT(COUNT(C30:I30)) -> 0.87809349 | T30: =STDEV(J30:N30)/SQRT(COUNT(J30:N30)) -> 3.7051892
A31: 29 | B31: =IFERROR(VLOOKUP(A31,Tabel35[],2,FALSE),"") -> ventral orbital | C31: =SUMIFS('Total-corrected counts Z<3'!E:E,'Total-corrected counts Z<3'!$R:$R,$A31) -> 14.490665 | D31: =SUMIFS('Total-corrected counts Z<3'!F:F,'Total-corrected counts Z<3'!$R:$R,$A31) -> 13.197747 | E31: =SUMIFS('Total-corrected counts Z<3'!G:G,'Total-corrected counts Z<3'!$R:$R,$A31) -> 16.321574 | F31: =SUMIFS('Total-corrected counts Z<3'!H:H,'Total-corrected counts Z<3'!$R:$R,$A31) -> 12.932643 | G31: =SUMIFS('Total-corrected counts Z<3'!I:I,'Total-corrected counts Z<3'!$R:$R,$A31) -> 11.46502 | H31: =SUMIFS('Total-corrected counts Z<3'!J:J,'Total-corrected counts Z<3'!$R:$R,$A31) -> 16.619307 | I31: =SUMIFS('Total-corrected counts Z<3'!K:K,'Total-corrected counts Z<3'!$R:$R,$A31) -> 12.670905 | J31: =SUMIFS('Total-corrected counts Z<3'!L:L,'Total-corrected counts Z<3'!$R:$R,$A31) -> 28.842375 | K31: =SUMIFS('Total-corrected counts Z<3'!M:M,'Total-corrected counts Z<3'!$R:$R,$A31) -> 19.421882 | L31: =SUMIFS('Total-corrected counts Z<3'!N:N,'Total-corrected counts Z<3'!$R:$R,$A31) -> 17.152029 | M31: =SUMIFS('Total-corrected counts Z<3'!O:O,'Total-corrected counts Z<3'!$R:$R,$A31) -> 9.7357376 | N31: =SUMIFS('Total-corrected counts Z<3'!P:P,'Total-corrected counts Z<3'!$R:$R,$A31) -> 26.46742 | O31: =IF(AND(Q31=0,R31=0),0,1) -> 1 | P31: =_xlfn.T.TEST(C31:I31,J31:N31,2,2) -> 0.057045343 | Q31: =AVERAGE(C31:I31) -> 13.956837 | R31: =AVERAGE(J31:N31) -> 20.323889 | S31: =STDEV(C31:I31)/SQRT(COUNT(C31:I31)) -> 0.73117104 | T31: =STDEV(J31:N31)/SQRT(COUNT(J31:N31)) -> 3.4153392
A32: 30 | B32: =IFERROR(VLOOKUP(A32,Tabel35[],2,FALSE),"") -> agranular insula, dorsal | C32: =SUMIFS('Total-corrected counts Z<3'!E:E,'Total-corrected counts Z<3'!$R:$R,$A32) -> 33.803805 | D32: =SUMIFS('Total-corrected counts Z<3'!F:F,'Total-corrected counts Z<3'!$R:$R,$A32) -> 84.557659 | E32: =SUMIFS('Total-corrected counts Z<3'!G:G,'Total-corrected counts Z<3'!$R:$R,$A32) -> 73.87566 | F32: =SUMIFS('Total-corrected counts Z<3'!H:H,'Total-corrected counts Z<3'!$R:$R,$A32) -> 33.609611 | G32: =SUMIFS('Total-corrected counts Z<3'!I:I,'Total-corrected counts Z<3'!$R:$R,$A32) -> 50.544712 | H32: =SUMIFS('Total-corrected counts Z<3'!J:J,'Total-corrected counts Z<3'!$R:$R,$A32) -> 60.198823 | I32: =SUMIFS('Total-corrected counts Z<3'!K:K,'Total-corrected counts Z<3'!$R:$R,$A32) -> 20.6944 | J32: =SUMIFS('Total-corrected counts Z<3'!L:L,'Total-corrected counts Z<3'!$R:$R,$A32) -> 55.245946 | K32: =SUMIFS('Total-corrected counts Z<3'!M:M,'Total-corrected counts Z<3'!$R:$R,$A32) -> 77.217315 | L32: =SUMIFS('Total-corrected counts Z<3'!N:N,'Total-corrected counts Z<3'!$R:$R,$A32) -> 101.53762 | M32: =SUMIFS('Total-corrected counts Z<3'!O:O,'Total-corrected counts Z<3'!$R:$R,$A32) -> 47.853307 | N32: =SUMIFS('Total-corrected counts Z<3'!P:P,'Total-corrected counts Z<3'!$R:$R,$A32) -> 42.599421 | O32: =IF(AND(Q32=0,R32=0),0,1) -> 1 | P32: =_xlfn.T.TEST(C32:I32,J32:N32,2,2) -> 0.34216847 | Q32: =AVERAGE(C32:I32) -> 51.040667 | R32: =AVERAGE(J32:N32) -> 64.890722 | S32: =STDEV(C32:I32)/SQRT(COUNT(C32:I32)) -> 8.7977141 | T32: =STDEV(J32:N32)/SQRT(COUNT(J32:N32)) -> 10.897562
A33: 31 | B33: =IFERROR(VLOOKUP(A33,Tabel35[],2,FALSE),"") -> agranular insula posterior | C33: =SUMIFS('Total-corrected counts Z<3'!E:E,'Total-corrected counts Z<3'!$R:$R,$A33) -> 13.828301 | D33: =SUMIFS('Total-corrected counts Z<3'!F:F,'Total-corrected counts Z<3'!$R:$R,$A33) -> 125.92269 | E33: =SUMIFS('Total-corrected counts Z<3'!G:G,'Total-corrected counts Z<3'!$R:$R,$A33) -> 74.250663 | F33: =SUMIFS('Total-corrected counts Z<3'!H:H,'Total-corrected counts Z<3'!$R:$R,$A33) -> 22.874373 | G33: =SUMIFS('Total-corrected counts Z<3'!I:I,'Total-corrected counts Z<3'!$R:$R,$A33) -> 35.49225 | H33: =SUMIFS('Total-corrected counts Z<3'!J:J,'Total-corrected counts Z<3'!$R:$R,$A33) -> 34.020699 | I33: =SUMIFS('Total-corrected counts Z<3'!K:K,'Total-corrected counts Z<3'!$R:$R,$A33) -> 19.253561 | J33: =SUMIFS('Total-corrected counts Z<3'!L:L,'Total-corrected counts Z<3'!$R:$R,$A33) -> 64.29572 | K33: =SUMIFS('Total-corrected counts Z<3'!M:M,'Total-corrected counts Z<3'!$R:$R,$A33) -> 75.213794 | L33: =SUMIFS('Total-corrected counts Z<3'!N:N,'Total-corrected counts Z<3'!$R:$R,$A33) -> 27.789873 | M33: =SUMIFS('Total-corrected counts Z<3'!O:O,'Total-corrected counts Z<3'!$R:$R,$A33) -> 32.471217 | N33: =SUMIFS('Total-corrected counts Z<3'!P:P,'Total-corrected counts Z<3'!$R:$R,$A33) -> 22.457205 | O33: =IF(AND(Q33=0,R33=0),0,1) -> 1 | P33: =_xlfn.T.TEST(C33:I33,J33:N33,2,2) -> 0.92044338 | Q33: =AVERAGE(C33:I33) -> 46.520363 | R33: =AVERAGE(J33:N33) -> 44.445562 | S33: =STDEV(C33:I33)/SQRT(COUNT(C33:I33)) -> 15.215079 | T33: =STDEV(J33:N33)/SQRT(COUNT(J33:N33)) -> 10.594805
A34: 32 | B34: =IFERROR(VLOOKUP(A34,Tabel35[],2,FALSE),"") -> agranular insula, ventral | C34: =SUMIFS('Total-corrected counts Z<3'!E:E,'Total-corrected counts Z<3'!$R:$R,$A34) -> 15.001964 | D34: =SUMIFS('Total-corrected counts Z<3'!F:F,'Total-corrected counts Z<3'!$R:$R,$A34) -> 45.006271 | E34: =SUMIFS('Total-corrected counts Z<3'!G:G,'Total-corrected counts Z<3'!$R:$R,$A34) -> 42.214663 | F34: =SUMIFS('Total-corrected counts Z<3'!H:H,'Total-corrected counts Z<3'!$R:$R,$A34) -> 15.931185 | G34: =SUMIFS('Total-corrected counts Z<3'!I:I,'Total-corrected counts Z<3'!$R:$R,$A34) -> 24.840877 | H34: =SUMIFS('Total-corrected counts Z<3'!J:J,'Total-corrected counts Z<3'!$R:$R,$A34) -> 29.849579 | I34: =SUMIFS('Total-corrected counts Z<3'!K:K,'Total-corrected counts Z<3'!$R:$R,$A34) -> 15.609086 | J34: =SUMIFS('Total-corrected counts Z<3'!L:L,'Total-corrected counts Z<3'!$R:$R,$A34) -> 29.406726 | K34: =SUMIFS('Total-corrected counts Z<3'!M:M,'Total-corrected counts Z<3'!$R:$R,$A34) -> 47.512057 | L34: =SUMIFS('Total-corrected counts Z<3'!N:N,'Total-corrected counts Z<3'!$R:$R,$A34) -> 64.117341 | M34: =SUMIFS('Total-corrected counts Z<3'!O:O,'Total-corrected counts Z<3'!$R:$R,$A34) -> 21.863203 | N34: =SUMIFS('Total-corrected counts Z<3'!P:P,'Total-corrected counts Z<3'!$R:$R,$A34) -> 26.786414 | O34: =IF(AND(Q34=0,R34=0),0,1) -> 1 | P34: =_xlfn.T.TEST(C34:I34,J34:N34,2,2) -> 0.23314576 | Q34: =AVERAGE(C34:I34) -> 26.921946 | R34: =AVERAGE(J34:N34) -> 37.937148 | S34: =STDEV(C34:I34)/SQRT(COUNT(C34:I34)) -> 4.7925425 | T34: =STDEV(J34:N34)/SQRT(COUNT(J34:N34)) -> 7.8503505
A35: 33 | B35: =IFERROR(VLOOKUP(A35,Tabel35[],2,FALSE),"") -> RSP lateral agranular | C35: =SUMIFS('Total-corrected counts Z<3'!E:E,'Total-corrected counts Z<3'!$R:$R,$A35) -> 29.643695 | D35: =SUMIFS('Total-corrected counts Z<3'!F:F,'Total-corrected counts Z<3'!$R:$R,$A35) -> 10.895815 | E35: =SUMIFS('Total-corrected counts Z<3'!G:G,'Total-corrected counts Z<3'!$R:$R,$A35) -> 33.714587 | F35: =SUMIFS('Total-corrected counts Z<3'!H:H,'Total-corrected counts Z<3'!$R:$R,$A35) -> 19.227292 | G35: =SUMIFS('Total-corrected counts Z<3'!I:I,'Total-corrected counts Z<3'!$R:$R,$A35) -> 16.260604 | H35: =SUMIFS('Total-corrected counts Z<3'!J:J,'Total-corrected counts Z<3'!$R:$R,$A35) -> 38.734934 | I35: =SUMIFS('Total-corrected counts Z<3'!K:K,'Total-corrected counts Z<3'!$R:$R,$A35) -> 7.2889489 | J35: =SUMIFS('Total-corrected counts Z<3'!L:L,'Total-corrected counts Z<3'!$R:$R,$A35) -> 39.202249 | K35: =SUMIFS('Total-corrected counts Z<3'!M:M,'Total-corrected counts Z<3'!$R:$R,$A35) -> 36.860688 | L35: =SUMIFS('Total-corrected counts Z<3'!N:N,'Total-corrected counts Z<3'!$R:$R,$A35) -> 16.503172 | M35: =SUMIFS('Total-corrected counts Z<3'!O:O,'Total-corrected counts Z<3'!$R:$R,$A35) -> 26.731071 | N35: =SUMIFS('Total-corrected counts Z<3'!P:P,'Total-corrected counts Z<3'!$R:$R,$A35) -> 14.655513 | O35: =IF(AND(Q35=0,R35=0),0,1) -> 1 | P35: =_xlfn.T.TEST(C35:I35,J35:N35,2,2) -> 0.52195631 | Q35: =AVERAGE(C35:I35) -> 22.252268 | R35: =AVERAGE(J35:N35) -> 26.790539 | S35: =STDEV(C35:I35)/SQRT(COUNT(C35:I35)) -> 4.5135159 | T35: =STDEV(J35:N35)/SQRT(COUNT(J35:N35)) -> 5.0425726
A36: 34 | B36: =IFERROR(VLOOKUP(A36,Tabel35[],2,FALSE),"") -> RSP dorsal | C36: =SUMIFS('Total-corrected counts Z<3'!E:E,'Total-corrected counts Z<3'!$R:$R,$A36) -> 57.428122 | D36: =SUMIFS('Total-corrected counts Z<3'!F:F,'Total-corrected counts Z<3'!$R:$R,$A36) -> 25.823499 | E36: =SUMIFS('Total-corrected counts Z<3'!G:G,'Total-corrected counts Z<3'!$R:$R,$A36) -> 34.893169 | F36: =SUMIFS('Total-corrected counts Z<3'!H:H,'Total-corrected counts Z<3'!$R:$R,$A36) -> 38.324876 | G36: =SUMIFS('Total-corrected counts Z<3'!I:I,'Total-corrected counts Z<3'!$R:$R,$A36) -> 28.970749 | H36: =SUMIFS('Total-corrected counts Z<3'!J:J,'Total-corrected counts Z<3'!$R:$R,$A36) -> 59.481912 | I36: =SUMIFS('Total-corrected counts Z<3'!K:K,'Total-corrected counts Z<3'!$R:$R,$A36) -> 40.173974 | J36: =SUMIFS('Total-corrected counts Z<3'!L:L,'Total-corrected counts Z<3'!$R:$R,$A36) -> 41.459654 | K36: =SUMIFS('Total-corrected counts Z<3'!M:M,'Total-corrected counts Z<3'!$R:$R,$A36) -> 60.044282 | L36: =SUMIFS('Total-corrected counts Z<3'!N:N,'Total-corrected counts Z<3'!$R:$R,$A36) -> 53.53926 | M36: =SUMIFS('Total-corrected counts Z<3'!O:O,'Total-corrected counts Z<3'!$R:$R,$A36) -> 72.867963 | N36: =SUMIFS('Total-corrected counts Z<3'!P:P,'Total-corrected counts Z<3'!$R:$R,$A36) -> 103.28127 | O36: =IF(AND(Q36=0,R36=0),0,1) -> 1 | P36: =_xlfn.T.TEST(C36:I36,J36:N36,2,2) -> 0.036517109 | Q36: =AVERAGE(C36:I36) -> 40.728043 | R36: =AVERAGE(J36:N36) -> 66.238485 | S36: =STDEV(C36:I36)/SQRT(COUNT(C36:I36)) -> 4.9548139 | T36: =STDEV(J36:N36)/SQRT(COUNT(J36:N36)) -> 10.558756
A37: 35 | B37: =IFERROR(VLOOKUP(A37,#REF!,2,FALSE),"") | C37: =SUMIFS('Total-corrected counts Z<3'!E:E,'Total-corrected counts Z<3'!$R:$R,$A37) -> 57.37002 | D37: =SUMIFS('Total-corrected counts Z<3'!F:F,'Total-corrected counts Z<3'!$R:$R,$A37) -> 9.8634326 | E37: =SUMIFS('Total-corrected counts Z<3'!G:G,'Total-corrected counts Z<3'!$R:$R,$A37) -> 11.660818 | F37: =SUMIFS('Total-corrected counts Z<3'!H:H,'Total-corrected counts Z<3'!$R:$R,$A37) -> 34.647275 | G37: =SUMIFS('Total-corrected counts Z<3'!I:I,'Total-corrected counts Z<3'!$R:$R,$A37) -> 36.145633 | H37: =SUMIFS('Total-corrected counts Z<3'!J:J,'Total-corrected counts Z<3'!$R:$R,$A37) -> 59.981578 | I37: =SUMIFS('Total-corrected counts Z<3'!K:K,'Total-corrected counts Z<3'!$R:$R,$A37) -> 45.372294 | J37: =SUMIFS('Total-corrected counts Z<3'!L:L,'Total-corrected counts Z<3'!$R:$R,$A37) -> 18.986385 | K37: =SUMIFS('Total-corrected counts Z<3'!M:M,'Total-corrected counts Z<3'!$R:$R,$A37) -> 34.714059 | L37: =SUMIFS('Total-corrected counts Z<3'!N:N,'Total-corrected counts Z<3'!$R:$R,$A37) -> 80.099719 | M37: =SUMIFS('Total-corrected counts Z<3'!O:O,'Total-corrected counts Z<3'!$R:$R,$A37) -> 54.446972 | N37: =SUMIFS('Total-corrected counts Z<3'!P:P,'Total-corrected counts Z<3'!$R:$R,$A37) -> 121.51863 | O37: =IF(AND(Q37=0,R37=0),0,1) -> 1 | P37: =_xlfn.T.TEST(C37:I37,J37:N37,2,2) -> 0.17513611 | Q37: =AVERAGE(C37:I37) -> 36.434436 | R37: =AVERAGE(J37:N37) -> 61.953153 | S37: =STDEV(C37:I37)/SQRT(COUNT(C37:I37)) -> 7.5524823 | T37: =STDEV(J37:N37)/SQRT(COUNT(J37:N37)) -> 18.05796
A38: 36 | B38: =IFERROR(VLOOKUP(A38,Tabel35[],2,FALSE),"") -> temporal association | C38: =SUMIFS('Total-corrected counts Z<3'!E:E,'Total-corrected counts Z<3'!$R:$R,$A38) -> 15.071686 | D38: =SUMIFS('Total-corrected counts Z<3'!F:F,'Total-corrected counts Z<3'!$R:$R,$A38) -> 74.9872 | E38: =SUMIFS('Total-corrected counts Z<3'!G:G,'Total-corrected counts Z<3'!$R:$R,$A38) -> 118.89392 | F38: =SUMIFS('Total-corrected counts Z<3'!H:H,'Total-corrected counts Z<3'!$R:$R,$A38) -> 105.68907 | G38: =SUMIFS('Total-corrected counts Z<3'!I:I,'Total-corrected counts Z<3'!$R:$R,$A38) -> 84.853476 | H38: =SUMIFS('Total-corrected counts Z<3'!J:J,'Total-corrected counts Z<3'!$R:$R,$A38) -> 100.62827 | I38: =SUMIFS('Total-corrected counts Z<3'!K:K,'Total-corrected counts Z<3'!$R:$R,$A38) -> 38.210478 | J38: =SUMIFS('Total-corrected counts Z<3'!L:L,'Total-corrected counts Z<3'!$R:$R,$A38) -> 62.098782 | K38: =SUMIFS('Total-corrected counts Z<3'!M:M,'Total-corrected counts Z<3'!$R:$R,$A38) -> 79.99771 | L38: =SUMIFS('Total-corrected counts Z<3'!N:N,'Total-corrected counts Z<3'!$R:$R,$A38) -> 66.661544 | M38: =SUMIFS('Total-corrected counts Z<3'!O:O,'Total-corrected counts Z<3'!$R:$R,$A38) -> 26.271485 | N38: =SUMIFS('Total-corrected counts Z<3'!P:P,'Total-corrected counts Z<3'!$R:$R,$A38) -> 61.966938 | O38: =IF(AND(Q38=0,R38=0),0,1) -> 1 | P38: =_xlfn.T.TEST(C38:I38,J38:N38,2,2) -> 0.36970426 | Q38: =AVERAGE(C38:I38) -> 76.904871 | R38: =AVERAGE(J38:N38) -> 59.399292 | S38: =STDEV(C38:I38)/SQRT(COUNT(C38:I38)) -> 14.261058 | T38: =STDEV(J38:N38)/SQRT(COUNT(J38:N38)) -> 8.9116969
A39: 37 | B39: =IFERROR(VLOOKUP(A39,Tabel35[],2,FALSE),"") -> PRh | C39: =SUMIFS('Total-corrected counts Z<3'!E:E,'Total-corrected counts Z<3'!$R:$R,$A39) -> 9.6798109 | D39: =SUMIFS('Total-corrected counts Z<3'!F:F,'Total-corrected counts Z<3'!$R:$R,$A39) -> 64.844745 | E39: =SUMIFS('Total-corrected counts Z<3'!G:G,'Total-corrected counts Z<3'!$R:$R,$A39) -> 79.197136 | F39: =SUMIFS('Total-corrected counts Z<3'!H:H,'Total-corrected counts Z<3'!$R:$R,$A39) -> 73.323125 | G39: =SUMIFS('Total-corrected counts Z<3'!I:I,'Total-corrected counts Z<3'!$R:$R,$A39) -> 77.838856 | H39: =SUMIFS('Total-corrected counts Z<3'!J:J,'Total-corrected counts Z<3'!$R:$R,$A39) -> 70.604899 | I39: =SUMIFS('Total-corrected counts Z<3'!K:K,'Total-corrected counts Z<3'!$R:$R,$A39) -> 27.432439 | J39: =SUMIFS('Total-corrected counts Z<3'!L:L,'Total-corrected counts Z<3'!$R:$R,$A39) -> 20.23602 | K39: =SUMIFS('Total-corrected counts Z<3'!M:M,'Total-corrected counts Z<3'!$R:$R,$A39) -> 71.881408 | L39: =SUMIFS('Total-corrected counts Z<3'!N:N,'Total-corrected counts Z<3'!$R:$R,$A39) -> 26.073816 | M39: =SUMIFS('Total-corrected counts Z<3'!O:O,'Total-corrected counts Z<3'!$R:$R,$A39) -> 25.417966 | N39: =SUMIFS('Total-corrected counts Z<3'!P:P,'Total-corrected counts Z<3'!$R:$R,$A39) -> 35.125839 | O39: =IF(AND(Q39=0,R39=0),0,1) -> 1 | P39: =_xlfn.T.TEST(C39:I39,J39:N39,2,2) -> 0.16852427 | Q39: =AVERAGE(C39:I39) -> 57.560144 | R39: =AVERAGE(J39:N39) -> 35.74701 | S39: =STDEV(C39:I39)/SQRT(COUNT(C39:I39)) -> 10.409809 | T39: =STDEV(J39:N39)/SQRT(COUNT(J39:N39)) -> 9.3459382
A40: 38 | B40: =IFERROR(VLOOKUP(A40,Tabel35[],2,FALSE),"") -> Ectorhinal | C40: =SUMIFS('Total-corrected counts Z<3'!E:E,'Total-corrected counts Z<3'!$R:$R,$A40) -> 9.6217088 | D40: =SUMIFS('Total-corrected counts Z<3'!F:F,'Total-corrected counts Z<3'!$R:$R,$A40) -> 56.320619 | E40: =SUMIFS('Total-corrected counts Z<3'!G:G,'Total-corrected counts Z<3'!$R:$R,$A40) -> 78.857847 | F40: =SUMIFS('Total-corrected counts Z<3'!H:H,'Total-corrected counts Z<3'!$R:$R,$A40) -> 65.960293 | G40: =SUMIFS('Total-corrected counts Z<3'!I:I,'Total-corrected counts Z<3'!$R:$R,$A40) -> 60.061911 | H40: =SUMIFS('Total-corrected counts Z<3'!J:J,'Total-corrected counts Z<3'!$R:$R,$A40) -> 77.252622 | I40: =SUMIFS('Total-corrected counts Z<3'!K:K,'Total-corrected counts Z<3'!$R:$R,$A40) -> 26.584887 | J40: =SUMIFS('Total-corrected counts Z<3'!L:L,'Total-corrected counts Z<3'!$R:$R,$A40) -> 40.51235 | K40: =SUMIFS('Total-corrected counts Z<3'!M:M,'Total-corrected counts Z<3'!$R:$R,$A40) -> 69.305453 | L40: =SUMIFS('Total-corrected counts Z<3'!N:N,'Total-corrected counts Z<3'!$R:$R,$A40) -> 27.380068 | M40: =SUMIFS('Total-corrected counts Z<3'!O:O,'Total-corrected counts Z<3'!$R:$R,$A40) -> 19.659062 | N40: =SUMIFS('Total-corrected counts Z<3'!P:P,'Total-corrected counts Z<3'!$R:$R,$A40) -> 38.899087 | O40: =IF(AND(Q40=0,R40=0),0,1) -> 1 | P40: =_xlfn.T.TEST(C40:I40,J40:N40,2,2) -> 0.31963837 | Q40: =AVERAGE(C40:I40) -> 53.522841 | R40: =AVERAGE(J40:N40) -> 39.151204 | S40: =STDEV(C40:I40)/SQRT(COUNT(C40:I40)) -> 9.8358007 | T40: =STDEV(J40:N40)/SQRT(COUNT(J40:N40)) -> 8.4548751
A41: 39 | B41: =IFERROR(VLOOKUP(A41,Tabel35[],2,FALSE),"") -> main olfactory bulb | C41: =SUMIFS('Total-corrected counts Z<3'!E:E,'Total-corrected counts Z<3'!$R:$R,$A41) -> 52.013006 | D41: =SUMIFS('Total-corrected counts Z<3'!F:F,'Total-corrected counts Z<3'!$R:$R,$A41) -> 58.971329 | E41: =SUMIFS('Total-corrected counts Z<3'!G:G,'Total-corrected counts Z<3'!$R:$R,$A41) -> 203.37682 | F41: =SUMIFS('Total-corrected counts Z<3'!H:H,'Total-corrected counts Z<3'!$R:$R,$A41) -> 71.881078 | G41: =SUMIFS('Total-corrected counts Z<3'!I:I,'Total-corrected counts Z<3'!$R:$R,$A41) -> 25.987379 | H41: =SUMIFS('Total-corrected counts Z<3'!J:J,'Total-corrected counts Z<3'!$R:$R,$A41) -> 49.42343 | I41: =SUMIFS('Total-corrected counts Z<3'!K:K,'Total-corrected counts Z<3'!$R:$R,$A41) -> 45.202784 | J41: =SUMIFS('Total-corrected counts Z<3'!L:L,'Total-corrected counts Z<3'!$R:$R,$A41) -> 54.480041 | K41: =SUMIFS('Total-corrected counts Z<3'!M:M,'Total-corrected counts Z<3'!$R:$R,$A41) -> 57.836321 | L41: =SUMIFS('Total-corrected counts Z<3'!N:N,'Total-corrected counts Z<3'!$R:$R,$A41) -> 30.530441 | M41: =SUMIFS('Total-corrected counts Z<3'!O:O,'Total-corrected counts Z<3'!$R:$R,$A41) -> 118.88292 | N41: =SUMIFS('Total-corrected counts Z<3'!P:P,'Total-corrected counts Z<3'!$R:$R,$A41) -> 60.791215 | O41: =IF(AND(Q41=0,R41=0),0,1) -> 1 | P41: =_xlfn.T.TEST(C41:I41,J41:N41,2,2) -> 0.79444124 | Q41: =AVERAGE(C41:I41) -> 72.407974 | R41: =AVERAGE(J41:N41) -> 64.504188 | S41: =STDEV(C41:I41)/SQRT(COUNT(C41:I41)) -> 22.452541 | T41: =STDEV(J41:N41)/SQRT(COUNT(J41:N41)) -> 14.611626
A42: 40 | B42: =IFERROR(VLOOKUP(A42,Tabel35[],2,FALSE),"") -> accessory olfactory bulb | C42: =SUMIFS('Total-corrected counts Z<3'!E:E,'Total-corrected counts Z<3'!$R:$R,$A42) -> 2.3473251 | D42: =SUMIFS('Total-corrected counts Z<3'!F:F,'Total-corrected counts Z<3'!$R:$R,$A42) -> 4.1574299 | E42: =SUMIFS('Total-corrected counts Z<3'!G:G,'Total-corrected counts Z<3'!$R:$R,$A42) -> 10.178662 | F42: =SUMIFS('Total-corrected counts Z<3'!H:H,'Total-corrected counts Z<3'!$R:$R,$A42) -> 3.2884773 | G42: =SUMIFS('Total-corrected counts Z<3'!I:I,'Total-corrected counts Z<3'!$R:$R,$A42) -> 1.4793574 | H42: =SUMIFS('Total-corrected counts Z<3'!J:J,'Total-corrected counts Z<3'!$R:$R,$A42) -> 1.8683143 | I42: =SUMIFS('Total-corrected counts Z<3'!K:K,'Total-corrected counts Z<3'!$R:$R,$A42) -> 11.809227 | J42: =SUMIFS('Total-corrected counts Z<3'!L:L,'Total-corrected counts Z<3'!$R:$R,$A42) -> 3.5876609 | K42: =SUMIFS('Total-corrected counts Z<3'!M:M,'Total-corrected counts Z<3'!$R:$R,$A42) -> 5.4994593 | L42: =SUMIFS('Total-corrected counts Z<3'!N:N,'Total-corrected counts Z<3'!$R:$R,$A42) -> 1.8441206 | M42: =SUMIFS('Total-corrected counts Z<3'!O:O,'Total-corrected counts Z<3'!$R:$R,$A42) -> 3.8736605 | N42: =SUMIFS('Total-corrected counts Z<3'!P:P,'Total-corrected counts Z<3'!$R:$R,$A42) -> 2.1053629 | O42: =IF(AND(Q42=0,R42=0),0,1) -> 1 | P42: =_xlfn.T.TEST(C42:I42,J42:N42,2,2) -> 0.4287658 | Q42: =AVERAGE(C42:I42) -> 5.0183991 | R42: =AVERAGE(J42:N42) -> 3.3820528 | S42: =STDEV(C42:I42)/SQRT(COUNT(C42:I42)) -> 1.5891001 | T42: =STDEV(J42:N42)/SQRT(COUNT(J42:N42)) -> 0.66191145
A43: 41 | B43: =IFERROR(VLOOKUP(A43,Tabel35[],2,FALSE),"") -> anterior olfactory nucleus | C43: =SUMIFS('Total-corrected counts Z<3'!E:E,'Total-corrected counts Z<3'!$R:$R,$A43) -> 21.5094 | D43: =SUMIFS('Total-corrected counts Z<3'!F:F,'Total-corrected counts Z<3'!$R:$R,$A43) -> 16.573915 | E43: =SUMIFS('Total-corrected counts Z<3'!G:G,'Total-corrected counts Z<3'!$R:$R,$A43) -> 58.893383 | F43: =SUMIFS('Total-corrected counts Z<3'!H:H,'Total-corrected counts Z<3'!$R:$R,$A43) -> 41.888028 | G43: =SUMIFS('Total-corrected counts Z<3'!I:I,'Total-corrected counts Z<3'!$R:$R,$A43) -> 3.2052744 | H43: =SUMIFS('Total-corrected counts Z<3'!J:J,'Total-corrected counts Z<3'!$R:$R,$A43) -> 23.853594 | I43: =SUMIFS('Total-corrected counts Z<3'!K:K,'Total-corrected counts Z<3'!$R:$R,$A43) -> 32.969781 | J43: =SUMIFS('Total-corrected counts Z<3'!L:L,'Total-corrected counts Z<3'!$R:$R,$A43) -> 30.515273 | K43: =SUMIFS('Total-corrected counts Z<3'!M:M,'Total-corrected counts Z<3'!$R:$R,$A43) -> 9.3633916 | L43: =SUMIFS('Total-corrected counts Z<3'!N:N,'Total-corrected counts Z<3'!$R:$R,$A43) -> 13.369874 | M43: =SUMIFS('Total-corrected counts Z<3'!O:O,'Total-corrected counts Z<3'!$R:$R,$A43) -> 62.325603 | N43: =SUMIFS('Total-corrected counts Z<3'!P:P,'Total-corrected counts Z<3'!$R:$R,$A43) -> 37.295001 | O43: =IF(AND(Q43=0,R43=0),0,1) -> 1 | P43: =_xlfn.T.TEST(C43:I43,J43:N43,2,2) -> 0.85317606 | Q43: =AVERAGE(C43:I43) -> 28.413339 | R43: =AVERAGE(J43:N43) -> 30.573828 | S43: =STDEV(C43:I43)/SQRT(COUNT(C43:I43)) -> 6.8581471 | T43: =STDEV(J43:N43)/SQRT(COUNT(J43:N43)) -> 9.4847548
A44: 42 | B44: =IFERROR(VLOOKUP(A44,Tabel35[],2,FALSE),"") -> Taenia tecta - peduncular area | C44: =SUMIFS('Total-corrected counts Z<3'!E:E,'Total-corrected counts Z<3'!$R:$R,$A44) -> 2.7424194 | D44: =SUMIFS('Total-corrected counts Z<3'!F:F,'Total-corrected counts Z<3'!$R:$R,$A44) -> 3.3203635 | E44: =SUMIFS('Total-corrected counts Z<3'!G:G,'Total-corrected counts Z<3'!$R:$R,$A44) -> 1.8750167 | F44: =SUMIFS('Total-corrected counts Z<3'!H:H,'Total-corrected counts Z<3'!$R:$R,$A44) -> 4.5626669 | G44: =SUMIFS('Total-corrected counts Z<3'!I:I,'Total-corrected counts Z<3'!$R:$R,$A44) -> 1.2081419 | H44: =SUMIFS('Total-corrected counts Z<3'!J:J,'Total-corrected counts Z<3'!$R:$R,$A44) -> 2.2810814 | I44: =SUMIFS('Total-corrected counts Z<3'!K:K,'Total-corrected counts Z<3'!$R:$R,$A44) -> 0.45202784 | J44: =SUMIFS('Total-corrected counts Z<3'!L:L,'Total-corrected counts Z<3'!$R:$R,$A44) -> 7.3567203 | K44: =SUMIFS('Total-corrected counts Z<3'!M:M,'Total-corrected counts Z<3'!$R:$R,$A44) -> 4.0683732 | L44: =SUMIFS('Total-corrected counts Z<3'!N:N,'Total-corrected counts Z<3'!$R:$R,$A44) -> 3.7650795 | M44: =SUMIFS('Total-corrected counts Z<3'!O:O,'Total-corrected counts Z<3'!$R:$R,$A44) -> 2.0822098 | N44: =SUMIFS('Total-corrected counts Z<3'!P:P,'Total-corrected counts Z<3'!$R:$R,$A44) -> 4.4932638 | O44: =IF(AND(Q44=0,R44=0),0,1) -> 1 | P44: =_xlfn.T.TEST(C44:I44,J44:N44,2,2) -> 0.058722306 | Q44: =AVERAGE(C44:I44) -> 2.3488168 | R44: =AVERAGE(J44:N44) -> 4.3531293 | S44: =STDEV(C44:I44)/SQRT(COUNT(C44:I44)) -> 0.5147348 | T44: =STDEV(J44:N44)/SQRT(COUNT(J44:N44)) -> 0.85513627
A45: 43 | B45: =IFERROR(VLOOKUP(A45,Tabel35[],2,FALSE),"") -> piriform area | C45: =SUMIFS('Total-corrected counts Z<3'!E:E,'Total-corrected counts Z<3'!$R:$R,$A45) -> 87.745801 | D45: =SUMIFS('Total-corrected counts Z<3'!F:F,'Total-corrected counts Z<3'!$R:$R,$A45) -> 570.00038 | E45: =SUMIFS('Total-corrected counts Z<3'!G:G,'Total-corrected counts Z<3'!$R:$R,$A45) -> 481.16501 | F45: =SUMIFS('Total-corrected counts Z<3'!H:H,'Total-corrected counts Z<3'!$R:$R,$A45) -> 176.94449 | G45: =SUMIFS('Total-corrected counts Z<3'!I:I,'Total-corrected counts Z<3'!$R:$R,$A45) -> 125.81935 | H45: =SUMIFS('Total-corrected counts Z<3'!J:J,'Total-corrected counts Z<3'!$R:$R,$A45) -> 259.08739 | I45: =SUMIFS('Total-corrected counts Z<3'!K:K,'Total-corrected counts Z<3'!$R:$R,$A45) -> 187.11127 | J45: =SUMIFS('Total-corrected counts Z<3'!L:L,'Total-corrected counts Z<3'!$R:$R,$A45) -> 241.42136 | K45: =SUMIFS('Total-corrected counts Z<3'!M:M,'Total-corrected counts Z<3'!$R:$R,$A45) -> 419.24688 | L45: =SUMIFS('Total-corrected counts Z<3'!N:N,'Total-corrected counts Z<3'!$R:$R,$A45) -> 167.6613 | M45: =SUMIFS('Total-corrected counts Z<3'!O:O,'Total-corrected counts Z<3'!$R:$R,$A45) -> 374.99472 | N45: =SUMIFS('Total-corrected counts Z<3'!P:P,'Total-corrected counts Z<3'!$R:$R,$A45) -> 139.98385 | O45: =IF(AND(Q45=0,R45=0),0,1) -> 1 | P45: =_xlfn.T.TEST(C45:I45,J45:N45,2,2) -> 0.99156476 | Q45: =AVERAGE(C45:I45) -> 269.69624 | R45: =AVERAGE(J45:N45) -> 268.66162 | S45: =STDEV(C45:I45)/SQRT(COUNT(C45:I45)) -> 69.734846 | T45: =STDEV(J45:N45)/SQRT(COUNT(J45:N45)) -> 55.44534
A46: 44 | B46: =IFERROR(VLOOKUP(A46,Tabel35[],2,FALSE),"") -> nucleus of the lateral olfactory tract | C46: =SUMIFS('Total-corrected counts Z<3'!E:E,'Total-corrected counts Z<3'!$R:$R,$A46) -> 1.9522308 | D46: =SUMIFS('Total-corrected counts Z<3'!F:F,'Total-corrected counts Z<3'!$R:$R,$A46) -> 0.083706642 | E46: =SUMIFS('Total-corrected counts Z<3'!G:G,'Total-corrected counts Z<3'!$R:$R,$A46) -> 0.60714828 | F46: =SUMIFS('Total-corrected counts Z<3'!H:H,'Total-corrected counts Z<3'!$R:$R,$A46) -> 1.060553 | G46: =SUMIFS('Total-corrected counts Z<3'!I:I,'Total-corrected counts Z<3'!$R:$R,$A46) -> 0.64105488 | H46: =SUMIFS('Total-corrected counts Z<3'!J:J,'Total-corrected counts Z<3'!$R:$R,$A46) -> 0.80380962 | I46: =SUMIFS('Total-corrected counts Z<3'!K:K,'Total-corrected counts Z<3'!$R:$R,$A46) -> 1.5538457 | J46: =SUMIFS('Total-corrected counts Z<3'!L:L,'Total-corrected counts Z<3'!$R:$R,$A46) -> 0.66512814 | K46: =SUMIFS('Total-corrected counts Z<3'!M:M,'Total-corrected counts Z<3'!$R:$R,$A46) -> 0.47021399 | L46: =SUMIFS('Total-corrected counts Z<3'!N:N,'Total-corrected counts Z<3'!$R:$R,$A46) -> 1.1440378 | M46: =SUMIFS('Total-corrected counts Z<3'!O:O,'Total-corrected counts Z<3'!$R:$R,$A46) -> 0.9660703 | N46: =SUMIFS('Total-corrected counts Z<3'!P:P,'Total-corrected counts Z<3'!$R:$R,$A46) -> 1.3488905 | O46: =IF(AND(Q46=0,R46=0),0,1) -> 1 | P46: =_xlfn.T.TEST(C46:I46,J46:N46,2,2) -> 0.90446651 | Q46: =AVERAGE(C46:I46) -> 0.95747841 | R46: =AVERAGE(J46:N46) -> 0.91886815 | S46: =STDEV(C46:I46)/SQRT(COUNT(C46:I46)) -> 0.23733424 | T46: =STDEV(J46:N46)/SQRT(COUNT(J46:N46)) -> 0.15866997
A47: 45 | B47: =IFERROR(VLOOKUP(A47,Tabel35[],2,FALSE),"") -> cortical amygdalar area | C47: =SUMIFS('Total-corrected counts Z<3'!E:E,'Total-corrected counts Z<3'!$R:$R,$A47) -> 9.0871694 | D47: =SUMIFS('Total-corrected counts Z<3'!F:F,'Total-corrected counts Z<3'!$R:$R,$A47) -> 4.8689363 | E47: =SUMIFS('Total-corrected counts Z<3'!G:G,'Total-corrected counts Z<3'!$R:$R,$A47) -> 13.017973 | F47: =SUMIFS('Total-corrected counts Z<3'!H:H,'Total-corrected counts Z<3'!$R:$R,$A47) -> 8.9422166 | G47: =SUMIFS('Total-corrected counts Z<3'!I:I,'Total-corrected counts Z<3'!$R:$R,$A47) -> 16.16198 | H47: =SUMIFS('Total-corrected counts Z<3'!J:J,'Total-corrected counts Z<3'!$R:$R,$A47) -> 9.3415713 | I47: =SUMIFS('Total-corrected counts Z<3'!K:K,'Total-corrected counts Z<3'!$R:$R,$A47) -> 7.8822354 | J47: =SUMIFS('Total-corrected counts Z<3'!L:L,'Total-corrected counts Z<3'!$R:$R,$A47) -> 5.8047547 | K47: =SUMIFS('Total-corrected counts Z<3'!M:M,'Total-corrected counts Z<3'!$R:$R,$A47) -> 31.1159 | L47: =SUMIFS('Total-corrected counts Z<3'!N:N,'Total-corrected counts Z<3'!$R:$R,$A47) -> 8.5205201 | M47: =SUMIFS('Total-corrected counts Z<3'!O:O,'Total-corrected counts Z<3'!$R:$R,$A47) -> 7.7660797 | N47: =SUMIFS('Total-corrected counts Z<3'!P:P,'Total-corrected counts Z<3'!$R:$R,$A47) -> 10.125793 | O47: =IF(AND(Q47=0,R47=0),0,1) -> 1 | P47: =_xlfn.T.TEST(C47:I47,J47:N47,2,2) -> 0.52532422 | Q47: =AVERAGE(C47:I47) -> 9.9002975 | R47: =AVERAGE(J47:N47) -> 12.666609 | S47: =STDEV(C47:I47)/SQRT(COUNT(C47:I47)) -> 1.3819156 | T47: =STDEV(J47:N47)/SQRT(COUNT(J47:N47)) -> 4.6643454
A48: 46 | B48: =IFERROR(VLOOKUP(A48,Tabel35[],2,FALSE),"") -> piriform-amygdalar area | C48: =SUMIFS('Total-corrected counts Z<3'!E:E,'Total-corrected counts Z<3'!$R:$R,$A48) -> 4.0903883 | D48: =SUMIFS('Total-corrected counts Z<3'!F:F,'Total-corrected counts Z<3'!$R:$R,$A48) -> 7.9102776 | E48: =SUMIFS('Total-corrected counts Z<3'!G:G,'Total-corrected counts Z<3'!$R:$R,$A48) -> 6.6964884 | F48: =SUMIFS('Total-corrected counts Z<3'!H:H,'Total-corrected counts Z<3'!$R:$R,$A48) -> 4.6618553 | G48: =SUMIFS('Total-corrected counts Z<3'!I:I,'Total-corrected counts Z<3'!$R:$R,$A48) -> 3.1066506 | H48: =SUMIFS('Total-corrected counts Z<3'!J:J,'Total-corrected counts Z<3'!$R:$R,$A48) -> 3.7800777 | I48: =SUMIFS('Total-corrected counts Z<3'!K:K,'Total-corrected counts Z<3'!$R:$R,$A48) -> 1.4408387 | J48: =SUMIFS('Total-corrected counts Z<3'!L:L,'Total-corrected counts Z<3'!$R:$R,$A48) -> 2.5395802 | K48: =SUMIFS('Total-corrected counts Z<3'!M:M,'Total-corrected counts Z<3'!$R:$R,$A48) -> 12.675334 | L48: =SUMIFS('Total-corrected counts Z<3'!N:N,'Total-corrected counts Z<3'!$R:$R,$A48) -> 3.355275 | M48: =SUMIFS('Total-corrected counts Z<3'!O:O,'Total-corrected counts Z<3'!$R:$R,$A48) -> 16.291885 | N48: =SUMIFS('Total-corrected counts Z<3'!P:P,'Total-corrected counts Z<3'!$R:$R,$A48) -> 1.6132002 | O48: =IF(AND(Q48=0,R48=0),0,1) -> 1 | P48: =_xlfn.T.TEST(C48:I48,J48:N48,2,2) -> 0.3251596 | Q48: =AVERAGE(C48:I48) -> 4.5266538 | R48: =AVERAGE(J48:N48) -> 7.2950547 | S48: =STDEV(C48:I48)/SQRT(COUNT(C48:I48)) -> 0.82320134 | T48: =STDEV(J48:N48)/SQRT(COUNT(J48:N48)) -> 3.0025841
A49: 47 | B49: =IFERROR(VLOOKUP(A49,Tabel35[],2,FALSE),"") -> postpiriform transition area | C49: =SUMIFS('Total-corrected counts Z<3'!E:E,'Total-corrected counts Z<3'!$R:$R,$A49) -> 7.3905879 | D49: =SUMIFS('Total-corrected counts Z<3'!F:F,'Total-corrected counts Z<3'!$R:$R,$A49) -> 11.59337 | E49: =SUMIFS('Total-corrected counts Z<3'!G:G,'Total-corrected counts Z<3'!$R:$R,$A49) -> 33.750301 | F49: =SUMIFS('Total-corrected counts Z<3'!H:H,'Total-corrected counts Z<3'!$R:$R,$A49) -> 12.024687 | G49: =SUMIFS('Total-corrected counts Z<3'!I:I,'Total-corrected counts Z<3'!$R:$R,$A49) -> 3.9572811 | H49: =SUMIFS('Total-corrected counts Z<3'!J:J,'Total-corrected counts Z<3'!$R:$R,$A49) -> 7.2342866 | I49: =SUMIFS('Total-corrected counts Z<3'!K:K,'Total-corrected counts Z<3'!$R:$R,$A49) -> 2.8816775 | J49: =SUMIFS('Total-corrected counts Z<3'!L:L,'Total-corrected counts Z<3'!$R:$R,$A49) -> 2.8016003 | K49: =SUMIFS('Total-corrected counts Z<3'!M:M,'Total-corrected counts Z<3'!$R:$R,$A49) -> 40.254406 | L49: =SUMIFS('Total-corrected counts Z<3'!N:N,'Total-corrected counts Z<3'!$R:$R,$A49) -> 6.8386138 | M49: =SUMIFS('Total-corrected counts Z<3'!O:O,'Total-corrected counts Z<3'!$R:$R,$A49) -> 20.737684 | N49: =SUMIFS('Total-corrected counts Z<3'!P:P,'Total-corrected counts Z<3'!$R:$R,$A49) -> 2.1965042 | O49: =IF(AND(Q49=0,R49=0),0,1) -> 1 | P49: =_xlfn.T.TEST(C49:I49,J49:N49,2,2) -> 0.67528235 | Q49: =AVERAGE(C49:I49) -> 11.261742 | R49: =AVERAGE(J49:N49) -> 14.565762 | S49: =STDEV(C49:I49)/SQRT(COUNT(C49:I49)) -> 3.9677696 | T49: =STDEV(J49:N49)/SQRT(COUNT(J49:N49)) -> 7.242589
... A65: 63 | B65: =IFERROR(VLOOKUP(A65,Tabel35[],2,FALSE),"") -> dorsal striatum | C65: =SUMIFS('Total-corrected counts Z<3'!E:E,'Total-corrected counts Z<3'!$R:$R,$A65) -> 951.23606 | D65: =SUMIFS('Total-corrected counts Z<3'!F:F,'Total-corrected counts Z<3'!$R:$R,$A65) -> 988.54754 | E65: =SUMIFS('Total-corrected counts Z<3'!G:G,'Total-corrected counts Z<3'!$R:$R,$A65) -> 596.23747 | F65: =SUMIFS('Total-corrected counts Z<3'!H:H,'Total-corrected counts Z<3'!$R:$R,$A65) -> 991.83069 | G65: =SUMIFS('Total-corrected counts Z<3'!I:I,'Total-corrected counts Z<3'!$R:$R,$A65) -> 793.92181 | H65: =SUMIFS('Total-corrected counts Z<3'!J:J,'Total-corrected counts Z<3'!$R:$R,$A65) -> 988.01237 | I65: =SUMIFS('Total-corrected counts Z<3'!K:K,'Total-corrected counts Z<3'!$R:$R,$A65) -> 992.22936 | J65: =SUMIFS('Total-corrected counts Z<3'!L:L,'Total-corrected counts Z<3'!$R:$R,$A65) -> 1008.7575 | K65: =SUMIFS('Total-corrected counts Z<3'!M:M,'Total-corrected counts Z<3'!$R:$R,$A65) -> 982.6859 | L65: =SUMIFS('Total-corrected counts Z<3'!N:N,'Total-corrected counts Z<3'!$R:$R,$A65) -> 746.98836 | M65: =SUMIFS('Total-corrected counts Z<3'!O:O,'Total-corrected counts Z<3'!$R:$R,$A65) -> 844.56116 | N65: =SUMIFS('Total-corrected counts Z<3'!P:P,'Total-corrected counts Z<3'!$R:$R,$A65) -> 787.66093 | O65: =IF(AND(Q65=0,R65=0),0,1) -> 1 | P65: =_xlfn.T.TEST(C65:I65,J65:N65,2,2) -> 0.7544717 | Q65: =AVERAGE(C65:I65) -> 900.2879 | R65: =AVERAGE(J65:N65) -> 874.13078 | S65: =STDEV(C65:I65)/SQRT(COUNT(C65:I65)) -> 57.461123 | T65: =STDEV(J65:N65)/SQRT(COUNT(J65:N65)) -> 52.165681
A66: 64 | B66: =IFERROR(VLOOKUP(A66,#REF!,2,FALSE),"") | C66: =SUMIFS('Total-corrected counts Z<3'!E:E,'Total-corrected counts Z<3'!$R:$R,$A66) -> 87.234502 | D66: =SUMIFS('Total-corrected counts Z<3'!F:F,'Total-corrected counts Z<3'!$R:$R,$A66) -> 69.378855 | E66: =SUMIFS('Total-corrected counts Z<3'!G:G,'Total-corrected counts Z<3'!$R:$R,$A66) -> 55.107635 | F66: =SUMIFS('Total-corrected counts Z<3'!H:H,'Total-corrected counts Z<3'!$R:$R,$A66) -> 107.4592 | G66: =SUMIFS('Total-corrected counts Z<3'!I:I,'Total-corrected counts Z<3'!$R:$R,$A66) -> 53.947234 | H66: =SUMIFS('Total-corrected counts Z<3'!J:J,'Total-corrected counts Z<3'!$R:$R,$A66) -> 42.493287 | I66: =SUMIFS('Total-corrected counts Z<3'!K:K,'Total-corrected counts Z<3'!$R:$R,$A66) -> 93.908784 | J66: =SUMIFS('Total-corrected counts Z<3'!L:L,'Total-corrected counts Z<3'!$R:$R,$A66) -> 53.935845 | K66: =SUMIFS('Total-corrected counts Z<3'!M:M,'Total-corrected counts Z<3'!$R:$R,$A66) -> 74.355142 | L66: =SUMIFS('Total-corrected counts Z<3'!N:N,'Total-corrected counts Z<3'!$R:$R,$A66) -> 116.99067 | M66: =SUMIFS('Total-corrected counts Z<3'!O:O,'Total-corrected counts Z<3'!$R:$R,$A66) -> 185.65433 | N66: =SUMIFS('Total-corrected counts Z<3'!P:P,'Total-corrected counts Z<3'!$R:$R,$A66) -> 103.64583 | O66: =IF(AND(Q66=0,R66=0),0,1) -> 1 | P66: =_xlfn.T.TEST(C66:I66,J66:N66,2,2) -> 0.14553378 | Q66: =AVERAGE(C66:I66) -> 72.789928 | R66: =AVERAGE(J66:N66) -> 106.91636 | S66: =STDEV(C66:I66)/SQRT(COUNT(C66:I66)) -> 9.0683155 | T66: =STDEV(J66:N66)/SQRT(COUNT(J66:N66)) -> 22.559946
A67: 65 | B67: =IFERROR(VLOOKUP(A67,Tabel35[],2,FALSE),"") -> LS complex | C67: =SUMIFS('Total-corrected counts Z<3'!E:E,'Total-corrected counts Z<3'!$R:$R,$A67) -> 19.440965 | D67: =SUMIFS('Total-corrected counts Z<3'!F:F,'Total-corrected counts Z<3'!$R:$R,$A67) -> 11.997952 | E67: =SUMIFS('Total-corrected counts Z<3'!G:G,'Total-corrected counts Z<3'!$R:$R,$A67) -> 12.44654 | F67: =SUMIFS('Total-corrected counts Z<3'!H:H,'Total-corrected counts Z<3'!$R:$R,$A67) -> 9.3771197 | G67: =SUMIFS('Total-corrected counts Z<3'!I:I,'Total-corrected counts Z<3'!$R:$R,$A67) -> 37.255151 | H67: =SUMIFS('Total-corrected counts Z<3'!J:J,'Total-corrected counts Z<3'!$R:$R,$A67) -> 14.816167 | I67: =SUMIFS('Total-corrected counts Z<3'!K:K,'Total-corrected counts Z<3'!$R:$R,$A67) -> 22.16349 | J67: =SUMIFS('Total-corrected counts Z<3'!L:L,'Total-corrected counts Z<3'!$R:$R,$A67) -> 20.538351 | K67: =SUMIFS('Total-corrected counts Z<3'!M:M,'Total-corrected counts Z<3'!$R:$R,$A67) -> 18.113461 | L67: =SUMIFS('Total-corrected counts Z<3'!N:N,'Total-corrected counts Z<3'!$R:$R,$A67) -> 48.117887 | M67: =SUMIFS('Total-corrected counts Z<3'!O:O,'Total-corrected counts Z<3'!$R:$R,$A67) -> 19.133819 | N67: =SUMIFS('Total-corrected counts Z<3'!P:P,'Total-corrected counts Z<3'!$R:$R,$A67) -> 5.5869588 | O67: =IF(AND(Q67=0,R67=0),0,1) -> 1 | P67: =_xlfn.T.TEST(C67:I67,J67:N67,2,2) -> 0.58375835 | Q67: =AVERAGE(C67:I67) -> 18.213912 | R67: =AVERAGE(J67:N67) -> 22.298095 | S67: =STDEV(C67:I67)/SQRT(COUNT(C67:I67)) -> 3.589694 | T67: =STDEV(J67:N67)/SQRT(COUNT(J67:N67)) -> 6.9876471
A68: 66 | B68: =IFERROR(VLOOKUP(A68,Tabel35[],2,FALSE),"") -> striatum-like amygdalar nuclei | C68: =SUMIFS('Total-corrected counts Z<3'!E:E,'Total-corrected counts Z<3'!$R:$R,$A68) -> 19.661753 | D68: =SUMIFS('Total-corrected counts Z<3'!F:F,'Total-corrected counts Z<3'!$R:$R,$A68) -> 14.36964 | E68: =SUMIFS('Total-corrected counts Z<3'!G:G,'Total-corrected counts Z<3'!$R:$R,$A68) -> 22.821632 | F68: =SUMIFS('Total-corrected counts Z<3'!H:H,'Total-corrected counts Z<3'!$R:$R,$A68) -> 33.098409 | G68: =SUMIFS('Total-corrected counts Z<3'!I:I,'Total-corrected counts Z<3'!$R:$R,$A68) -> 49.989953 | H68: =SUMIFS('Total-corrected counts Z<3'!J:J,'Total-corrected counts Z<3'!$R:$R,$A68) -> 35.324174 | I68: =SUMIFS('Total-corrected counts Z<3'!K:K,'Total-corrected counts Z<3'!$R:$R,$A68) -> 31.359431 | J68: =SUMIFS('Total-corrected counts Z<3'!L:L,'Total-corrected counts Z<3'!$R:$R,$A68) -> 16.426649 | K68: =SUMIFS('Total-corrected counts Z<3'!M:M,'Total-corrected counts Z<3'!$R:$R,$A68) -> 19.115221 | L68: =SUMIFS('Total-corrected counts Z<3'!N:N,'Total-corrected counts Z<3'!$R:$R,$A68) -> 23.213722 | M68: =SUMIFS('Total-corrected counts Z<3'!O:O,'Total-corrected counts Z<3'!$R:$R,$A68) -> 16.854644 | N68: =SUMIFS('Total-corrected counts Z<3'!P:P,'Total-corrected counts Z<3'!$R:$R,$A68) -> 91.915953 | O68: =IF(AND(Q68=0,R68=0),0,1) -> 1 | P68: =_xlfn.T.TEST(C68:I68,J68:N68,2,2) -> 0.76992449 | Q68: =AVERAGE(C68:I68) -> 29.517856 | R68: =AVERAGE(J68:N68) -> 33.505238 | S68: =STDEV(C68:I68)/SQRT(COUNT(C68:I68)) -> 4.4734201 | T68: =STDEV(J68:N68)/SQRT(COUNT(J68:N68)) -> 14.652167
A69: 72 | B69: =IFERROR(VLOOKUP(A69,Tabel35[],2,FALSE),"") -> pallidum, dorsal | C69: =SUMIFS('Total-corrected counts Z<3'!E:E,'Total-corrected counts Z<3'!$R:$R,$A69) -> 229.81707 | D69: =SUMIFS('Total-corrected counts Z<3'!F:F,'Total-corrected counts Z<3'!$R:$R,$A69) -> 252.57084 | E69: =SUMIFS('Total-corrected counts Z<3'!G:G,'Total-corrected counts Z<3'!$R:$R,$A69) -> 78.893562 | F69: =SUMIFS('Total-corrected counts Z<3'!H:H,'Total-corrected counts Z<3'!$R:$R,$A69) -> 304.34819 | G69: =SUMIFS('Total-corrected counts Z<3'!I:I,'Total-corrected counts Z<3'!$R:$R,$A69) -> 171.28493 | H69: =SUMIFS('Total-corrected counts Z<3'!J:J,'Total-corrected counts Z<3'!$R:$R,$A69) -> 260.47777 | I69: =SUMIFS('Total-corrected counts Z<3'!K:K,'Total-corrected counts Z<3'!$R:$R,$A69) -> 213.66791 | J69: =SUMIFS('Total-corrected counts Z<3'!L:L,'Total-corrected counts Z<3'!$R:$R,$A69) -> 198.40974 | K69: =SUMIFS('Total-corrected counts Z<3'!M:M,'Total-corrected counts Z<3'!$R:$R,$A69) -> 109.53942 | L69: =SUMIFS('Total-corrected counts Z<3'!N:N,'Total-corrected counts Z<3'!$R:$R,$A69) -> 108.54699 | M69: =SUMIFS('Total-corrected counts Z<3'!O:O,'Total-corrected counts Z<3'!$R:$R,$A69) -> 274.25141 | N69: =SUMIFS('Total-corrected counts Z<3'!P:P,'Total-corrected counts Z<3'!$R:$R,$A69) -> 165.06592 | O69: =IF(AND(Q69=0,R69=0),0,1) -> 1 | P69: =_xlfn.T.TEST(C69:I69,J69:N69,2,2) -> 0.31125259 | Q69: =AVERAGE(C69:I69) -> 215.86575 | R69: =AVERAGE(J69:N69) -> 171.1627 | S69: =STDEV(C69:I69)/SQRT(COUNT(C69:I69)) -> 27.652149 | T69: =STDEV(J69:N69)/SQRT(COUNT(J69:N69)) -> 30.923301
A70: 73 | B70: =IFERROR(VLOOKUP(A70,Tabel35[],2,FALSE),"") -> pallidum, ventral | C70: =SUMIFS('Total-corrected counts Z<3'!E:E,'Total-corrected counts Z<3'!$R:$R,$A70) -> 1.4990343 | D70: =SUMIFS('Total-corrected counts Z<3'!F:F,'Total-corrected counts Z<3'!$R:$R,$A70) -> 0.54409317 | E70: =SUMIFS('Total-corrected counts Z<3'!G:G,'Total-corrected counts Z<3'!$R:$R,$A70) -> 0.67857749 | F70: =SUMIFS('Total-corrected counts Z<3'!H:H,'Total-corrected counts Z<3'!$R:$R,$A70) -> 4.98994 | G70: =SUMIFS('Total-corrected counts Z<3'!I:I,'Total-corrected counts Z<3'!$R:$R,$A70) -> 1.9108367 | H70: =SUMIFS('Total-corrected counts Z<3'!J:J,'Total-corrected counts Z<3'!$R:$R,$A70) -> 1.3686488 | I70: =SUMIFS('Total-corrected counts Z<3'!K:K,'Total-corrected counts Z<3'!$R:$R,$A70) -> 7.9387389 | J70: =SUMIFS('Total-corrected counts Z<3'!L:L,'Total-corrected counts Z<3'!$R:$R,$A70) -> 0.40310796 | K70: =SUMIFS('Total-corrected counts Z<3'!M:M,'Total-corrected counts Z<3'!$R:$R,$A70) -> 0.14310861 | L70: =SUMIFS('Total-corrected counts Z<3'!N:N,'Total-corrected counts Z<3'!$R:$R,$A70) -> 3.6114028 | M70: =SUMIFS('Total-corrected counts Z<3'!O:O,'Total-corrected counts Z<3'!$R:$R,$A70) -> 2.1853823 | N70: =SUMIFS('Total-corrected counts Z<3'!P:P,'Total-corrected counts Z<3'!$R:$R,$A70) -> 14.673742 | O70: =IF(AND(Q70=0,R70=0),0,1) -> 1 | P70: =_xlfn.T.TEST(C70:I70,J70:N70,2,2) -> 0.57023462 | Q70: =AVERAGE(C70:I70) -> 2.7042671 | R70: =AVERAGE(J70:N70) -> 4.2033487 | S70: =STDEV(C70:I70)/SQRT(COUNT(C70:I70)) -> 1.0380816 | T70: =STDEV(J70:N70)/SQRT(COUNT(J70:N70)) -> 2.6923883
A71: 74 | B71: =IFERROR(VLOOKUP(A71,Tabel35[],2,FALSE),"") -> pallidum, medial | C71: =SUMIFS('Total-corrected counts Z<3'!E:E,'Total-corrected counts Z<3'!$R:$R,$A71) -> 0.90639286 | D71: =SUMIFS('Total-corrected counts Z<3'!F:F,'Total-corrected counts Z<3'!$R:$R,$A71) -> 0.58594649 | E71: =SUMIFS('Total-corrected counts Z<3'!G:G,'Total-corrected counts Z<3'!$R:$R,$A71) -> 1.357155 | F71: =SUMIFS('Total-corrected counts Z<3'!H:H,'Total-corrected counts Z<3'!$R:$R,$A71) -> 3.7233803 | G71: =SUMIFS('Total-corrected counts Z<3'!I:I,'Total-corrected counts Z<3'!$R:$R,$A71) -> 0.83830254 | H71: =SUMIFS('Total-corrected counts Z<3'!J:J,'Total-corrected counts Z<3'!$R:$R,$A71) -> 5.4311461 | I71: =SUMIFS('Total-corrected counts Z<3'!K:K,'Total-corrected counts Z<3'!$R:$R,$A71) -> 2.7262929 | J71: =SUMIFS('Total-corrected counts Z<3'!L:L,'Total-corrected counts Z<3'!$R:$R,$A71) -> 1.6325872 | K71: =SUMIFS('Total-corrected counts Z<3'!M:M,'Total-corrected counts Z<3'!$R:$R,$A71) -> 1.4719742 | L71: =SUMIFS('Total-corrected counts Z<3'!N:N,'Total-corrected counts Z<3'!$R:$R,$A71) -> 2.8515568 | M71: =SUMIFS('Total-corrected counts Z<3'!O:O,'Total-corrected counts Z<3'!$R:$R,$A71) -> 7.2971135 | N71: =SUMIFS('Total-corrected counts Z<3'!P:P,'Total-corrected counts Z<3'!$R:$R,$A71) -> 5.7783554 | O71: =IF(AND(Q71=0,R71=0),0,1) -> 1 | P71: =_xlfn.T.TEST(C71:I71,J71:N71,2,2) -> 0.24119245 | Q71: =AVERAGE(C71:I71) -> 2.224088 | R71: =AVERAGE(J71:N71) -> 3.8063174 | S71: =STDEV(C71:I71)/SQRT(COUNT(C71:I71)) -> 0.68794226 | T71: =STDEV(J71:N71)/SQRT(COUNT(J71:N71)) -> 1.1653416
A72: 75 | B72: =IFERROR(VLOOKUP(A72,Tabel35[],2,FALSE),"") -> pallidum, caudal | C72: =SUMIFS('Total-corrected counts Z<3'!E:E,'Total-corrected counts Z<3'!$R:$R,$A72) -> 0.77856822 | D72: =SUMIFS('Total-corrected counts Z<3'!F:F,'Total-corrected counts Z<3'!$R:$R,$A72) -> 0.71150645 | E72: =SUMIFS('Total-corrected counts Z<3'!G:G,'Total-corrected counts Z<3'!$R:$R,$A72) -> 3.3750301 | F72: =SUMIFS('Total-corrected counts Z<3'!H:H,'Total-corrected counts Z<3'!$R:$R,$A72) -> 20.905865 | G72: =SUMIFS('Total-corrected counts Z<3'!I:I,'Total-corrected counts Z<3'!$R:$R,$A72) -> 6.4105488 | H72: =SUMIFS('Total-corrected counts Z<3'!J:J,'Total-corrected counts Z<3'!$R:$R,$A72) -> 5.1270019 | I72: =SUMIFS('Total-corrected counts Z<3'!K:K,'Total-corrected counts Z<3'!$R:$R,$A72) -> 6.2295087 | J72: =SUMIFS('Total-corrected counts Z<3'!L:L,'Total-corrected counts Z<3'!$R:$R,$A72) -> 11.045158 | K72: =SUMIFS('Total-corrected counts Z<3'!M:M,'Total-corrected counts Z<3'!$R:$R,$A72) -> 8.8318453 | L72: =SUMIFS('Total-corrected counts Z<3'!N:N,'Total-corrected counts Z<3'!$R:$R,$A72) -> 6.7532379 | M72: =SUMIFS('Total-corrected counts Z<3'!O:O,'Total-corrected counts Z<3'!$R:$R,$A72) -> 10.373532 | N72: =SUMIFS('Total-corrected counts Z<3'!P:P,'Total-corrected counts Z<3'!$R:$R,$A72) -> 8.7677885 | O72: =IF(AND(Q72=0,R72=0),0,1) -> 1 | P72: =_xlfn.T.TEST(C72:I72,J72:N72,2,2) -> 0.37866798 | Q72: =AVERAGE(C72:I72) -> 6.2197184 | R72: =AVERAGE(J72:N72) -> 9.1543123 | S72: =STDEV(C72:I72)/SQRT(COUNT(C72:I72)) -> 2.6047219 | T72: =STDEV(J72:N72)/SQRT(COUNT(J72:N72)) -> 0.7443231
A73: 76 | B73: =IFERROR(VLOOKUP(A73,Tabel35[],2,FALSE),"") -> ventral group dorsal thalamus | C73: =SUMIFS('Total-corrected counts Z<3'!E:E,'Total-corrected counts Z<3'!$R:$R,$A73) -> 319.60807 | D73: =SUMIFS('Total-corrected counts Z<3'!F:F,'Total-corrected counts Z<3'!$R:$R,$A73) -> 152.27633 | E73: =SUMIFS('Total-corrected counts Z<3'!G:G,'Total-corrected counts Z<3'!$R:$R,$A73) -> 52.929044 | F73: =SUMIFS('Total-corrected counts Z<3'!H:H,'Total-corrected counts Z<3'!$R:$R,$A73) -> 305.66816 | G73: =SUMIFS('Total-corrected counts Z<3'!I:I,'Total-corrected counts Z<3'!$R:$R,$A73) -> 235.87121 | H73: =SUMIFS('Total-corrected counts Z<3'!J:J,'Total-corrected counts Z<3'!$R:$R,$A73) -> 167.64862 | I73: =SUMIFS('Total-corrected counts Z<3'!K:K,'Total-corrected counts Z<3'!$R:$R,$A73) -> 267.67111 | J73: =SUMIFS('Total-corrected counts Z<3'!L:L,'Total-corrected counts Z<3'!$R:$R,$A73) -> 120.56959 | K73: =SUMIFS('Total-corrected counts Z<3'!M:M,'Total-corrected counts Z<3'!$R:$R,$A73) -> 81.776346 | L73: =SUMIFS('Total-corrected counts Z<3'!N:N,'Total-corrected counts Z<3'!$R:$R,$A73) -> 212.91055 | M73: =SUMIFS('Total-corrected counts Z<3'!O:O,'Total-corrected counts Z<3'!$R:$R,$A73) -> 185.27915 | N73: =SUMIFS('Total-corrected counts Z<3'!P:P,'Total-corrected counts Z<3'!$R:$R,$A73) -> 157.9569 | O73: =IF(AND(Q73=0,R73=0),0,1) -> 1 | P73: =_xlfn.T.TEST(C73:I73,J73:N73,2,2) -> 0.21468891 | Q73: =AVERAGE(C73:I73) -> 214.52465 | R73: =AVERAGE(J73:N73) -> 151.69851 | S73: =STDEV(C73:I73)/SQRT(COUNT(C73:I73)) -> 36.126511 | T73: =STDEV(J73:N73)/SQRT(COUNT(J73:N73)) -> 23.207606
A74: 77 | B74: =IFERROR(VLOOKUP(A74,Tabel35[],2,FALSE),"") -> geniculate group, dorsal thalamus | C74: =SUMIFS('Total-corrected counts Z<3'!E:E,'Total-corrected counts Z<3'!$R:$R,$A74) -> 105.2694 | D74: =SUMIFS('Total-corrected counts Z<3'!F:F,'Total-corrected counts Z<3'!$R:$R,$A74) -> 76.033533 | E74: =SUMIFS('Total-corrected counts Z<3'!G:G,'Total-corrected counts Z<3'!$R:$R,$A74) -> 8.4643613 | F74: =SUMIFS('Total-corrected counts Z<3'!H:H,'Total-corrected counts Z<3'!$R:$R,$A74) -> 97.067304 | G74: =SUMIFS('Total-corrected counts Z<3'!I:I,'Total-corrected counts Z<3'!$R:$R,$A74) -> 75.86638 | H74: =SUMIFS('Total-corrected counts Z<3'!J:J,'Total-corrected counts Z<3'!$R:$R,$A74) -> 61.524023 | I74: =SUMIFS('Total-corrected counts Z<3'!K:K,'Total-corrected counts Z<3'!$R:$R,$A74) -> 94.205427 | J74: =SUMIFS('Total-corrected counts Z<3'!L:L,'Total-corrected counts Z<3'!$R:$R,$A74) -> 69.556279 | K74: =SUMIFS('Total-corrected counts Z<3'!M:M,'Total-corrected counts Z<3'!$R:$R,$A74) -> 37.596675 | L74: =SUMIFS('Total-corrected counts Z<3'!N:N,'Total-corrected counts Z<3'!$R:$R,$A74) -> 75.472342 | M74: =SUMIFS('Total-corrected counts Z<3'!O:O,'Total-corrected counts Z<3'!$R:$R,$A74) -> 62.147396 | N74: =SUMIFS('Total-corrected counts Z<3'!P:P,'Total-corrected counts Z<3'!$R:$R,$A74) -> 75.346473 | O74: =IF(AND(Q74=0,R74=0),0,1) -> 1 | P74: =_xlfn.T.TEST(C74:I74,J74:N74,2,2) -> 0.54185635 | Q74: =AVERAGE(C74:I74) -> 74.061489 | R74: =AVERAGE(J74:N74) -> 64.023833 | S74: =STDEV(C74:I74)/SQRT(COUNT(C74:I74)) -> 12.321388 | T74: =STDEV(J74:N74)/SQRT(COUNT(J74:N74)) -> 7.0419962
A75: 78 | B75: =IFERROR(VLOOKUP(A75,Tabel35[],2,FALSE),"") -> thalamus, lateral | C75: =SUMIFS('Total-corrected counts Z<3'!E:E,'Total-corrected counts Z<3'!$R:$R,$A75) -> 132.39146 | D75: =SUMIFS('Total-corrected counts Z<3'!F:F,'Total-corrected counts Z<3'!$R:$R,$A75) -> 69.546268 | E75: =SUMIFS('Total-corrected counts Z<3'!G:G,'Total-corrected counts Z<3'!$R:$R,$A75) -> 11.51796 | F75: =SUMIFS('Total-corrected counts Z<3'!H:H,'Total-corrected counts Z<3'!$R:$R,$A75) -> 172.08426 | G75: =SUMIFS('Total-corrected counts Z<3'!I:I,'Total-corrected counts Z<3'!$R:$R,$A75) -> 101.81677 | H75: =SUMIFS('Total-corrected counts Z<3'!J:J,'Total-corrected counts Z<3'!$R:$R,$A75) -> 41.124638 | I75: =SUMIFS('Total-corrected counts Z<3'!K:K,'Total-corrected counts Z<3'!$R:$R,$A75) -> 192.57799 | J75: =SUMIFS('Total-corrected counts Z<3'!L:L,'Total-corrected counts Z<3'!$R:$R,$A75) -> 35.130859 | K75: =SUMIFS('Total-corrected counts Z<3'!M:M,'Total-corrected counts Z<3'!$R:$R,$A75) -> 16.66193 | L75: =SUMIFS('Total-corrected counts Z<3'!N:N,'Total-corrected counts Z<3'!$R:$R,$A75) -> 158.95295 | M75: =SUMIFS('Total-corrected counts Z<3'!O:O,'Total-corrected counts Z<3'!$R:$R,$A75) -> 38.821019 | N75: =SUMIFS('Total-corrected counts Z<3'!P:P,'Total-corrected counts Z<3'!$R:$R,$A75) -> 175.27374 | O75: =IF(AND(Q75=0,R75=0),0,1) -> 1 | P75: =_xlfn.T.TEST(C75:I75,J75:N75,2,2) -> 0.67195049 | Q75: =AVERAGE(C75:I75) -> 103.00848 | R75: =AVERAGE(J75:N75) -> 84.9681 | S75: =STDEV(C75:I75)/SQRT(COUNT(C75:I75)) -> 25.344664 | T75: =STDEV(J75:N75)/SQRT(COUNT(J75:N75)) -> 33.843687
A76: 79 | B76: =IFERROR(VLOOKUP(A76,Tabel35[],2,FALSE),"") -> thalamus, anterior | C76: =SUMIFS('Total-corrected counts Z<3'!E:E,'Total-corrected counts Z<3'!$R:$R,$A76) -> 121.9447 | D76: =SUMIFS('Total-corrected counts Z<3'!F:F,'Total-corrected counts Z<3'!$R:$R,$A76) -> 34.194163 | E76: =SUMIFS('Total-corrected counts Z<3'!G:G,'Total-corrected counts Z<3'!$R:$R,$A76) -> 15.55371 | F76: =SUMIFS('Total-corrected counts Z<3'!H:H,'Total-corrected counts Z<3'!$R:$R,$A76) -> 98.791656 | G76: =SUMIFS('Total-corrected counts Z<3'!I:I,'Total-corrected counts Z<3'!$R:$R,$A76) -> 81.882433 | H76: =SUMIFS('Total-corrected counts Z<3'!J:J,'Total-corrected counts Z<3'!$R:$R,$A76) -> 44.231254 | I76: =SUMIFS('Total-corrected counts Z<3'!K:K,'Total-corrected counts Z<3'!$R:$R,$A76) -> 99.446125 | J76: =SUMIFS('Total-corrected counts Z<3'!L:L,'Total-corrected counts Z<3'!$R:$R,$A76) -> 18.74452 | K76: =SUMIFS('Total-corrected counts Z<3'!M:M,'Total-corrected counts Z<3'!$R:$R,$A76) -> 15.149068 | L76: =SUMIFS('Total-corrected counts Z<3'!N:N,'Total-corrected counts Z<3'!$R:$R,$A76) -> 65.483356 | M76: =SUMIFS('Total-corrected counts Z<3'!O:O,'Total-corrected counts Z<3'!$R:$R,$A76) -> 71.986306 | N76: =SUMIFS('Total-corrected counts Z<3'!P:P,'Total-corrected counts Z<3'!$R:$R,$A76) -> 83.521844 | O76: =IF(AND(Q76=0,R76=0),0,1) -> 1 | P76: =_xlfn.T.TEST(C76:I76,J76:N76,2,2) -> 0.37663718 | Q76: =AVERAGE(C76:I76) -> 70.863435 | R76: =AVERAGE(J76:N76) -> 50.977019 | S76: =STDEV(C76:I76)/SQRT(COUNT(C76:I76)) -> 14.992652 | T76: =STDEV(J76:N76)/SQRT(COUNT(J76:N76)) -> 14.201348
A77: 80 | B77: =IFERROR(VLOOKUP(A77,Tabel35[],2,FALSE),"") -> thalamus, medial-midline | C77: =SUMIFS('Total-corrected counts Z<3'!E:E,'Total-corrected counts Z<3'!$R:$R,$A77) -> 20.033606 | D77: =SUMIFS('Total-corrected counts Z<3'!F:F,'Total-corrected counts Z<3'!$R:$R,$A77) -> 0.87891974 | E77: =SUMIFS('Total-corrected counts Z<3'!G:G,'Total-corrected counts Z<3'!$R:$R,$A77) -> 0.91072242 | F77: =SUMIFS('Total-corrected counts Z<3'!H:H,'Total-corrected counts Z<3'!$R:$R,$A77) -> 11.399037 | G77: =SUMIFS('Total-corrected counts Z<3'!I:I,'Total-corrected counts Z<3'!$R:$R,$A77) -> 15.188069 | H77: =SUMIFS('Total-corrected counts Z<3'!J:J,'Total-corrected counts Z<3'!$R:$R,$A77) -> 1.9552126 | I77: =SUMIFS('Total-corrected counts Z<3'!K:K,'Total-corrected counts Z<3'!$R:$R,$A77) -> 28.774397 | J77: =SUMIFS('Total-corrected counts Z<3'!L:L,'Total-corrected counts Z<3'!$R:$R,$A77) -> 0.82637132 | K77: =SUMIFS('Total-corrected counts Z<3'!M:M,'Total-corrected counts Z<3'!$R:$R,$A77) -> 2.1466291 | L77: =SUMIFS('Total-corrected counts Z<3'!N:N,'Total-corrected counts Z<3'!$R:$R,$A77) -> 17.049578 | M77: =SUMIFS('Total-corrected counts Z<3'!O:O,'Total-corrected counts Z<3'!$R:$R,$A77) -> 4.3989026 | N77: =SUMIFS('Total-corrected counts Z<3'!P:P,'Total-corrected counts Z<3'!$R:$R,$A77) -> 14.008411 | O77: =IF(AND(Q77=0,R77=0),0,1) -> 1 | P77: =_xlfn.T.TEST(C77:I77,J77:N77,2,2) -> 0.5330566 | Q77: =AVERAGE(C77:I77) -> 11.305709 | R77: =AVERAGE(J77:N77) -> 7.6859783 | S77: =STDEV(C77:I77)/SQRT(COUNT(C77:I77)) -> 4.0842851 | T77: =STDEV(J77:N77)/SQRT(COUNT(J77:N77)) -> 3.2878079
