Workbook

Sheet Raw counts
E1: 0 | F1: 0 | G1: 0 | H1: 0 | I1: 0 | J1: 0 | K1: 0 | L1: 0 | M1: 0 | N1: 0 | O1: 1 | P1: 1 | Q1: 1 | R1: 1 | S1: 1 | T1: 1
A2: id | B2: name | C2: structure_order | D2: parent_id | E2: 345391 | F2: 348028 | G2: 348030 | H2: 348035 | I2: 348465 | J2: 349038 | K2: 349438 | L2: 354044 | M2: 354519 | N2: 354522 | O2: 348034 | P2: 349022 | Q2: 349440 | R2: 350322 | S2: 350324 | T2: 354043 | U2: Filter | V2: Cluster | W2: T-test | X2: Gem 0 | Y2: Gem 1
A3: 0 | B3: background | C3: 0 | E3: 409976 | F3: 335651 | G3: 251576 | H3: 349440 | I3: 372074 | J3: 363773 | K3: 315889 | L3: 303738 | M3: 234665 | N3: 247709 | O3: 363766 | P3: 525215 | Q3: 350378 | R3: 285271 | S3: 318028 | T3: 355637 | U3: =IF(AND(X3=0,Y3=0),0,1) -> 1 | V3: =SUMIFS(Tabel132[Cluster],Tabel132[ID],A3) -> 0 | W3: =IFERROR(_xlfn.T.TEST(E3:N3,O3:T3,2,2),"") -> 0.19722229 | X3: =AVERAGE(E3:N3) -> 318449.1 | Y3: =AVERAGE(O3:T3) -> 366382.5
A4: 1 | B4: Tuberomammillary nucleus, ventral part | C4: 75500 | D4: 557 | E4: 19 | F4: 1 | G4: 19 | H4: 46 | I4: 51 | J4: 0 | K4: 1 | L4: 14 | M4: 0 | N4: 89 | O4: 360 | P4: 4 | Q4: 7 | R4: 27 | S4: 47 | T4: 0 | U4: =IF(AND(X4=0,Y4=0),0,1) -> 1 | V4: =SUMIFS(Tabel132[Cluster],Tabel132[ID],A4) -> 84 | W4: =IFERROR(_xlfn.T.TEST(E4:N4,O4:T4,2,2),"") -> 0.28604589 | X4: =AVERAGE(E4:N4) -> 24 | Y4: =AVERAGE(O4:T4) -> 74.166667
A5: 2 | B5: Primary somatosensory area, mouth, layer 6b | C5: 6200 | D5: 345 | E5: 643 | F5: 613 | G5: 937 | H5: 618 | I5: 780 | J5: 1663 | K5: 469 | L5: 589 | M5: 557 | N5: 636 | O5: 551 | P5: 680 | Q5: 738 | R5: 612 | S5: 694 | T5: 320 | U5: =IF(AND(X5=0,Y5=0),0,1) -> 1 | V5: =SUMIFS(Tabel132[Cluster],Tabel132[ID],A5) -> 8 | W5: =IFERROR(_xlfn.T.TEST(E5:N5,O5:T5,2,2),"") -> 0.33136571 | X5: =AVERAGE(E5:N5) -> 750.5 | Y5: =AVERAGE(O5:T5) -> 599.16667
A6: 3 | B6: secondary fissure | C6: 118200 | D6: 1040 | E6: 0 | F6: 0 | G6: 0 | H6: 0 | I6: 0 | J6: 0 | K6: 0 | L6: 0 | M6: 0 | N6: 0 | O6: 0 | P6: 0 | Q6: 0 | R6: 0 | S6: 0 | T6: 0 | U6: =IF(AND(X6=0,Y6=0),0,1) -> 0 | V6: =SUMIFS(Tabel132[Cluster],Tabel132[ID],A6) -> 0 | W6: =IFERROR(_xlfn.T.TEST(E6:N6,O6:T6,2,2),"") | X6: =AVERAGE(E6:N6) -> 0 | Y6: =AVERAGE(O6:T6) -> 0
A7: 4 | B7: Inferior colliculus | C7: 79100 | D7: 339 | E7: 10234 | F7: 24062 | G7: 11035 | H7: 6232 | I7: 7301 | J7: 17416 | K7: 9290 | L7: 15429 | M7: 7409 | N7: 11101 | O7: 20742 | P7: 25984 | Q7: 18856 | R7: 26916 | S7: 18871 | T7: 4678 | U7: =IF(AND(X7=0,Y7=0),0,1) -> 1 | V7: =SUMIFS(Tabel132[Cluster],Tabel132[ID],A7) -> 86 | W7: =IFERROR(_xlfn.T.TEST(E7:N7,O7:T7,2,2),"") -> 0.045366564 | X7: =AVERAGE(E7:N7) -> 11950.9 | Y7: =AVERAGE(O7:T7) -> 19341.167
A8: 6 | B8: internal capsule | C8: 107000 | D8: 784 | E8: 24387 | F8: 24092 | G8: 29631 | H8: 21120 | I8: 17399 | J8: 15541 | K8: 16818 | L8: 16337 | M8: 15595 | N8: 21078 | O8: 19550 | P8: 22803 | Q8: 23398 | R8: 19948 | S8: 19063 | T8: 18508 | U8: =IF(AND(X8=0,Y8=0),0,1) -> 1 | V8: =SUMIFS(Tabel132[Cluster],Tabel132[ID],A8) -> 0 | W8: =IFERROR(_xlfn.T.TEST(E8:N8,O8:T8,2,2),"") -> 0.86887801 | X8: =AVERAGE(E8:N8) -> 20199.8 | Y8: =AVERAGE(O8:T8) -> 20545
A9: 7 | B9: Principal sensory nucleus of the trigeminal | C9: 85300 | D9: 1132 | E9: 1588 | F9: 5745 | G9: 2043 | H9: 218 | I9: 718 | J9: 1064 | K9: 156 | L9: 4558 | M9: 2932 | N9: 1075 | O9: 6120 | P9: 710 | Q9: 1964 | R9: 4570 | S9: 5464 | T9: 58 | U9: =IF(AND(X9=0,Y9=0),0,1) -> 1 | V9: =SUMIFS(Tabel132[Cluster],Tabel132[ID],A9) -> 93 | W9: =IFERROR(_xlfn.T.TEST(E9:N9,O9:T9,2,2),"") -> 0.32260944 | X9: =AVERAGE(E9:N9) -> 2009.7 | Y9: =AVERAGE(O9:T9) -> 3147.6667
A10: 8 | B10: Basic cell groups and regions | C10: 100 | D10: 997 | E10: 0 | F10: 0 | G10: 0 | H10: 0 | I10: 0 | J10: 0 | K10: 0 | L10: 0 | M10: 0 | N10: 0 | O10: 0 | P10: 0 | Q10: 0 | R10: 0 | S10: 0 | T10: 0 | U10: =IF(AND(X10=0,Y10=0),0,1) -> 0 | V10: =SUMIFS(Tabel132[Cluster],Tabel132[ID],A10) -> 0 | W10: =IFERROR(_xlfn.T.TEST(E10:N10,O10:T10,2,2),"") | X10: =AVERAGE(E10:N10) -> 0 | Y10: =AVERAGE(O10:T10) -> 0
A11: 9 | B11: Primary somatosensory area, trunk, layer 6a | C11: 7500 | D11: 361 | E11: 732 | F11: 1224 | G11: 2250 | H11: 200 | I11: 1087 | J11: 179 | K11: 711 | L11: 607 | M11: 1045 | N11: 460 | O11: 822 | P11: 1375 | Q11: 867 | R11: 1031 | S11: 1196 | T11: 393 | U11: =IF(AND(X11=0,Y11=0),0,1) -> 1 | V11: =SUMIFS(Tabel132[Cluster],Tabel132[ID],A11) -> 10 | W11: =IFERROR(_xlfn.T.TEST(E11:N11,O11:T11,2,2),"") -> 0.72473121 | X11: =AVERAGE(E11:N11) -> 849.5 | Y11: =AVERAGE(O11:T11) -> 947.33333
A12: 10 | B12: Superior colliculus, motor related, intermediate gray layer | C12: 81100 | D12: 294 | E12: 7362 | F12: 7856 | G12: 8732 | H12: 3835 | I12: 4745 | J12: 3761 | K12: 3199 | L12: 6627 | M12: 4127 | N12: 5817 | O12: 11715 | P12: 7423 | Q12: 12650 | R12: 4499 | S12: 4611 | T12: 4121 | U12: =IF(AND(X12=0,Y12=0),0,1) -> 1 | V12: =SUMIFS(Tabel132[Cluster],Tabel132[ID],A12) -> 89 | W12: =IFERROR(_xlfn.T.TEST(E12:N12,O12:T12,2,2),"") -> 0.20581846 | X12: =AVERAGE(E12:N12) -> 5606.1 | Y12: =AVERAGE(O12:T12) -> 7503.1667
A13: 11 | B13: posterolateral fissure | C13: 118300 | D13: 1040 | E13: 0 | F13: 0 | G13: 0 | H13: 0 | I13: 0 | J13: 0 | K13: 0 | L13: 0 | M13: 0 | N13: 0 | O13: 0 | P13: 0 | Q13: 0 | R13: 0 | S13: 0 | T13: 0 | U13: =IF(AND(X13=0,Y13=0),0,1) -> 0 | V13: =SUMIFS(Tabel132[Cluster],Tabel132[ID],A13) -> 0 | W13: =IFERROR(_xlfn.T.TEST(E13:N13,O13:T13,2,2),"") | X13: =AVERAGE(E13:N13) -> 0 | Y13: =AVERAGE(O13:T13) -> 0
A14: 12 | B14: Interfascicular nucleus raphÈ | C14: 84100 | D14: 165 | E14: 0 | F14: 0 | G14: 0 | H14: 0 | I14: 0 | J14: 0 | K14: 0 | L14: 0 | M14: 0 | N14: 0 | O14: 0 | P14: 0 | Q14: 0 | R14: 0 | S14: 0 | T14: 0 | U14: =IF(AND(X14=0,Y14=0),0,1) -> 0 | V14: =SUMIFS(Tabel132[Cluster],Tabel132[ID],A14) -> 92 | W14: =IFERROR(_xlfn.T.TEST(E14:N14,O14:T14,2,2),"") | X14: =AVERAGE(E14:N14) -> 0 | Y14: =AVERAGE(O14:T14) -> 0
A15: 14 | B15: internal medullary lamina of the thalamus | C15: 108200 | D15: 896 | E15: 11 | F15: 11 | G15: 6 | H15: 6 | I15: 1 | J15: 10 | K15: 12 | L15: 6 | M15: 1 | N15: 8 | O15: 11 | P15: 6 | Q15: 7 | R15: 5 | S15: 9 | T15: 0 | U15: =IF(AND(X15=0,Y15=0),0,1) -> 1 | V15: =SUMIFS(Tabel132[Cluster],Tabel132[ID],A15) -> 0 | W15: =IFERROR(_xlfn.T.TEST(E15:N15,O15:T15,2,2),"") -> 0.67350048 | X15: =AVERAGE(E15:N15) -> 7.2 | Y15: =AVERAGE(O15:T15) -> 6.3333333
... A988: 996 | B988: Agranular insular area, dorsal part, layer 1 | C988: 23500 | D988: 104 | E988: 1563 | F988: 1738 | G988: 878 | H988: 1386 | I988: 2252 | J988: 1244 | K988: 2757 | L988: 1118 | M988: 1038 | N988: 767 | O988: 983 | P988: 1156 | Q988: 1947 | R988: 1053 | S988: 2019 | T988: 5877 | U988: =IF(AND(X988=0,Y988=0),0,1) -> 1 | V988: =SUMIFS(Tabel132[Cluster],Tabel132[ID],A988) -> 30 | W988: =IFERROR(_xlfn.T.TEST(E988:N988,O988:T988,2,2),"") -> 0.28876357 | X988: =AVERAGE(E988:N988) -> 1474.1 | Y988: =AVERAGE(O988:T988) -> 2172.5
A989: 997 | B989: root | C989: 0 | E989: 2 | F989: 3 | G989: 3 | H989: 1 | I989: 0 | J989: 1 | K989: 5 | L989: 0 | M989: 0 | N989: 0 | O989: 2 | P989: 4 | Q989: 3 | R989: 1 | S989: 8 | T989: 7 | U989: =IF(AND(X989=0,Y989=0),0,1) -> 1 | V989: =SUMIFS(Tabel132[Cluster],Tabel132[ID],A989) -> 0 | W989: =IFERROR(_xlfn.T.TEST(E989:N989,O989:T989,2,2),"") -> 0.031438048 | X989: =AVERAGE(E989:N989) -> 1.5 | Y989: =AVERAGE(O989:T989) -> 4.1666667
A990: 998 | B990: Fundus of striatum | C990: 48500 | D990: 493 | E990: 2673 | F990: 2128 | G990: 1711 | H990: 2658 | I990: 2323 | J990: 1350 | K990: 2010 | L990: 1270 | M990: 905 | N990: 859 | O990: 2204 | P990: 2077 | Q990: 2683 | R990: 2008 | S990: 1340 | T990: 1254 | U990: =IF(AND(X990=0,Y990=0),0,1) -> 1 | V990: =SUMIFS(Tabel132[Cluster],Tabel132[ID],A990) -> 64 | W990: =IFERROR(_xlfn.T.TEST(E990:N990,O990:T990,2,2),"") -> 0.67626123 | X990: =AVERAGE(E990:N990) -> 1788.7 | Y990: =AVERAGE(O990:T990) -> 1927.6667
A991: 999 | B991: Entorhinal area, lateral part, layer 2/3 | C991: 41600 | D991: 918 | E991: 0 | F991: 0 | G991: 0 | H991: 0 | I991: 0 | J991: 0 | K991: 0 | L991: 0 | M991: 0 | N991: 0 | O991: 0 | P991: 0 | Q991: 0 | R991: 0 | S991: 0 | T991: 0 | U991: =IF(AND(X991=0,Y991=0),0,1) -> 0 | V991: =SUMIFS(Tabel132[Cluster],Tabel132[ID],A991) -> 54 | W991: =IFERROR(_xlfn.T.TEST(E991:N991,O991:T991,2,2),"") | X991: =AVERAGE(E991:N991) -> 0 | Y991: =AVERAGE(O991:T991) -> 0
A992: 1000 | B992: extrapyramidal fiber systems | C992: 108500 | D992: 1009 | E992: 0 | F992: 0 | G992: 0 | H992: 0 | I992: 0 | J992: 0 | K992: 0 | L992: 0 | M992: 0 | N992: 0 | O992: 0 | P992: 0 | Q992: 0 | R992: 0 | S992: 0 | T992: 0 | U992: =IF(AND(X992=0,Y992=0),0,1) -> 0 | V992: =SUMIFS(Tabel132[Cluster],Tabel132[ID],A992) -> 0 | W992: =IFERROR(_xlfn.T.TEST(E992:N992,O992:T992,2,2),"") | X992: =AVERAGE(E992:N992) -> 0 | Y992: =AVERAGE(O992:T992) -> 0
A993: 1001 | B993: Lobule V | C993: 56800 | D993: 928 | E993: 0 | F993: 0 | G993: 0 | H993: 0 | I993: 0 | J993: 0 | K993: 0 | L993: 0 | M993: 0 | N993: 0 | O993: 0 | P993: 0 | Q993: 0 | R993: 0 | S993: 0 | T993: 0 | U993: =IF(AND(X993=0,Y993=0),0,1) -> 0 | V993: =SUMIFS(Tabel132[Cluster],Tabel132[ID],A993) -> 0 | W993: =IFERROR(_xlfn.T.TEST(E993:N993,O993:T993,2,2),"") | X993: =AVERAGE(E993:N993) -> 0 | Y993: =AVERAGE(O993:T993) -> 0
A994: 1002 | B994: Primary auditory area | C994: 11300 | D994: 247 | E994: 0 | F994: 0 | G994: 0 | H994: 0 | I994: 0 | J994: 0 | K994: 0 | L994: 0 | M994: 0 | N994: 0 | O994: 0 | P994: 0 | Q994: 0 | R994: 0 | S994: 0 | T994: 0 | U994: =IF(AND(X994=0,Y994=0),0,1) -> 0 | V994: =SUMIFS(Tabel132[Cluster],Tabel132[ID],A994) -> 15 | W994: =IFERROR(_xlfn.T.TEST(E994:N994,O994:T994,2,2),"") | X994: =AVERAGE(E994:N994) -> 0 | Y994: =AVERAGE(O994:T994) -> 0
A995: 1003 | B995: corticopontine tract | C995: 107400 | D995: 784 | E995: 0 | F995: 0 | G995: 0 | H995: 0 | I995: 0 | J995: 0 | K995: 0 | L995: 0 | M995: 0 | N995: 0 | O995: 0 | P995: 0 | Q995: 0 | R995: 0 | S995: 0 | T995: 0 | U995: =IF(AND(X995=0,Y995=0),0,1) -> 0 | V995: =SUMIFS(Tabel132[Cluster],Tabel132[ID],A995) -> 0 | W995: =IFERROR(_xlfn.T.TEST(E995:N995,O995:T995,2,2),"") | X995: =AVERAGE(E995:N995) -> 0 | Y995: =AVERAGE(O995:T995) -> 0
A996: 1004 | B996: Ventral premammillary nucleus | C996: 76100 | D996: 467 | E996: 61 | F996: 18 | G996: 56 | H996: 1 | I996: 406 | J996: 5 | K996: 0 | L996: 74 | M996: 1 | N996: 12 | O996: 385 | P996: 0 | Q996: 33 | R996: 80 | S996: 86 | T996: 0 | U996: =IF(AND(X996=0,Y996=0),0,1) -> 1 | V996: =SUMIFS(Tabel132[Cluster],Tabel132[ID],A996) -> 84 | W996: =IFERROR(_xlfn.T.TEST(E996:N996,O996:T996,2,2),"") -> 0.62620175 | X996: =AVERAGE(E996:N996) -> 63.4 | Y996: =AVERAGE(O996:T996) -> 97.333333
A997: 1005 | B997: Primary auditory area, layer 6b | C997: 11900 | D997: 1002 | E997: 489 | F997: 682 | G997: 421 | H997: 242 | I997: 56 | J997: 546 | K997: 351 | L997: 141 | M997: 452 | N997: 140 | O997: 511 | P997: 222 | Q997: 973 | R997: 718 | S997: 531 | T997: 365 | U997: =IF(AND(X997=0,Y997=0),0,1) -> 1 | V997: =SUMIFS(Tabel132[Cluster],Tabel132[ID],A997) -> 15 | W997: =IFERROR(_xlfn.T.TEST(E997:N997,O997:T997,2,2),"") -> 0.10760298 | X997: =AVERAGE(E997:N997) -> 352 | Y997: =AVERAGE(O997:T997) -> 553.33333
A998: 1006 | B998: Primary somatosensory area, trunk, layer 1 | C998: 7100 | D998: 361 | E998: 973 | F998: 478 | G998: 106 | H998: 255 | I998: 803 | J998: 567 | K998: 1060 | L998: 368 | M998: 662 | N998: 89 | O998: 303 | P998: 93 | Q998: 268 | R998: 46 | S998: 1326 | T998: 665 | U998: =IF(AND(X998=0,Y998=0),0,1) -> 1 | V998: =SUMIFS(Tabel132[Cluster],Tabel132[ID],A998) -> 10 | W998: =IFERROR(_xlfn.T.TEST(E998:N998,O998:T998,2,2),"") -> 0.68154964 | X998: =AVERAGE(E998:N998) -> 536.1 | Y998: =AVERAGE(O998:T998) -> 450.16667
A999: 1007 | B999: Simple lobule | C999: 59700 | D999: 1073 | E999: 1446 | F999: 541 | G999: 24 | H999: 526 | I999: 131 | J999: 2738 | K999: 53 | L999: 2861 | M999: 925 | N999: 1305 | O999: 1901 | P999: 563 | Q999: 165 | R999: 658 | S999: 677 | T999: 0 | U999: =IF(AND(X999=0,Y999=0),0,1) -> 1 | V999: =SUMIFS(Tabel132[Cluster],Tabel132[ID],A999) -> 0 | W999: =IFERROR(_xlfn.T.TEST(E999:N999,O999:T999,2,2),"") -> 0.42371922 | X999: =AVERAGE(E999:N999) -> 1055 | Y999: =AVERAGE(O999:T999) -> 660.66667
A1000: 1008 | B1000: Geniculate group, dorsal thalamus | C1000: 65000 | D1000: 864 | E1000: 0 | F1000: 0 | G1000: 0 | H1000: 0 | I1000: 0 | J1000: 0 | K1000: 0 | L1000: 0 | M1000: 0 | N1000: 0 | O1000: 0 | P1000: 0 | Q1000: 0 | R1000: 0 | S1000: 0 | T1000: 0 | U1000: =IF(AND(X1000=0,Y1000=0),0,1) -> 0 | V1000: =SUMIFS(Tabel132[Cluster],Tabel132[ID],A1000) -> 77 | W1000: =IFERROR(_xlfn.T.TEST(E1000:N1000,O1000:T1000,2,2),"") | X1000: =AVERAGE(E1000:N1000) -> 0 | Y1000: =AVERAGE(O1000:T1000) -> 0
A1001: 1009 | B1001: fiber tracts | C1001: 97200 | D1001: 997 | E1001: 11313 | F1001: 11645 | G1001: 12892 | H1001: 6833 | I1001: 11656 | J1001: 12226 | K1001: 7162 | L1001: 6697 | M1001: 5620 | N1001: 7895 | O1001: 8727 | P1001: 9419 | Q1001: 9411 | R1001: 6192 | S1001: 7909 | T1001: 7081 | U1001: =IF(AND(X1001=0,Y1001=0),0,1) -> 1 | V1001: =SUMIFS(Tabel132[Cluster],Tabel132[ID],A1001) -> 0 | W1001: =IFERROR(_xlfn.T.TEST(E1001:N1001,O1001:T1001,2,2),"") -> 0.31480884 | X1001: =AVERAGE(E1001:N1001) -> 9393.9 | Y1001: =AVERAGE(O1001:T1001) -> 8123.1667
... A1244: 312782656 | B1244: Unlabeled | C1244: 300 | D1244: 688 | E1244: 2592 | F1244: 1411 | G1244: 1238 | H1244: 912 | I1244: 1099 | J1244: 1712 | K1244: 1406 | L1244: 925 | M1244: 978 | N1244: 913 | O1244: 1522 | P1244: 1482 | Q1244: 810 | R1244: 1457 | S1244: 1336 | T1244: 1366 | U1244: =IF(AND(X1244=0,Y1244=0),0,1) -> 1 | V1244: =SUMIFS(Tabel132[Cluster],Tabel132[ID],A1244) -> 0 | W1244: =IFERROR(_xlfn.T.TEST(E1244:N1244,O1244:T1244,2,2),"") -> 0.96525574 | X1244: =AVERAGE(E1244:N1244) -> 1318.6 | Y1244: =AVERAGE(O1244:T1244) -> 1328.8333
E1246: =SUM(E3:E1244) -> 2018495 | F1246: =SUM(F3:F1244) -> 2117853 | G1246: =SUM(G3:G1244) -> 2016571 | H1246: =SUM(H3:H1244) -> 1657960 | I1246: =SUM(I3:I1244) -> 1777031 | J1246: =SUM(J3:J1244) -> 1670406 | K1246: =SUM(K3:K1244) -> 1705155 | L1246: =SUM(L3:L1244) -> 1474158 | ... T1246: =SUM(T3:T1244) -> 1464993

Sheet Total-corrected counts
E1: 0 | F1: 0 | G1: 0 | H1: 0 | I1: 0 | J1: 0 | K1: 0 | L1: 0 | M1: 0 | N1: 0 | O1: 1 | P1: 1 | Q1: 1 | R1: 1 | S1: 1 | T1: 1
A2: id | B2: name | C2: structure_order | D2: parent_id | E2: 345391 | F2: 348028 | G2: 348030 | H2: 348035 | I2: 348465 | J2: 349038 | K2: 349438 | L2: 354044 | M2: 354519 | N2: 354522 | O2: 348034 | P2: 349022 | Q2: 349440 | R2: 350322 | S2: 350324 | T2: 354043 | U2: Filter | V2: T-test | W2: Gem 0 | X2: Gem 1
A3: 0 | B3: background | C3: 0 | E3: ='Raw counts'!E3/'Raw counts'!E$1246*10000 -> 2031.0974 | F3: ='Raw counts'!F3/'Raw counts'!F$1246*10000 -> 1584.8645 | G3: ='Raw counts'!G3/'Raw counts'!G$1246*10000 -> 1247.5435 | H3: ='Raw counts'!H3/'Raw counts'!H$1246*10000 -> 2107.6504 | I3: ='Raw counts'!I3/'Raw counts'!I$1246*10000 -> 2093.7958 | J3: ='Raw counts'!J3/'Raw counts'!J$1246*10000 -> 2177.752 | K3: ='Raw counts'!K3/'Raw counts'!K$1246*10000 -> 1852.553 | L3: ='Raw counts'!L3/'Raw counts'!L$1246*10000 -> 2060.4169 | ... T3: ='Raw counts'!T3/'Raw counts'!T$1246*10000 -> 2427.5679 | U3: =IFERROR(IF(W3-X3=0,0,1),0) -> 1 | V3: =IFERROR(_xlfn.T.TEST(E3:N3,O3:T3,2,2),"") -> 0.86264014 | W3: =AVERAGE(E3:N3) -> 1909.8094 | X3: =AVERAGE(O3:T3) -> 1942.6681
A4: 1 | B4: Tuberomammillary nucleus, ventral part | C4: 75500 | D4: 557 | E4: ='Raw counts'!E4/'Raw counts'!E$1246*10000 -> 0.094129537 | F4: ='Raw counts'!F4/'Raw counts'!F$1246*10000 -> 0.004721763 | G4: ='Raw counts'!G4/'Raw counts'!G$1246*10000 -> 0.094219346 | H4: ='Raw counts'!H4/'Raw counts'!H$1246*10000 -> 0.2774494 | I4: ='Raw counts'!I4/'Raw counts'!I$1246*10000 -> 0.28699556 | J4: ='Raw counts'!J4/'Raw counts'!J$1246*10000 -> 0 | K4: ='Raw counts'!K4/'Raw counts'!K$1246*10000 -> 0.0058645695 | L4: ='Raw counts'!L4/'Raw counts'!L$1246*10000 -> 0.094969467 | ... T4: ='Raw counts'!T4/'Raw counts'!T$1246*10000 -> 0 | U4: =IFERROR(IF(W4-X4=0,0,1),0) -> 1 | V4: =IFERROR(_xlfn.T.TEST(E4:N4,O4:T4,2,2),"") -> 0.3940355 | W4: =AVERAGE(E4:N4) -> 0.15560802 | X4: =AVERAGE(O4:T4) -> 0.34183668
A5: 2 | B5: Primary somatosensory area, mouth, layer 6b | C5: 6200 | D5: 345 | E5: ='Raw counts'!E5/'Raw counts'!E$1246*10000 -> 3.1855417 | F5: ='Raw counts'!F5/'Raw counts'!F$1246*10000 -> 2.8944407 | G5: ='Raw counts'!G5/'Raw counts'!G$1246*10000 -> 4.6465014 | H5: ='Raw counts'!H5/'Raw counts'!H$1246*10000 -> 3.7274723 | I5: ='Raw counts'!I5/'Raw counts'!I$1246*10000 -> 4.3893438 | J5: ='Raw counts'!J5/'Raw counts'!J$1246*10000 -> 9.9556635 | K5: ='Raw counts'!K5/'Raw counts'!K$1246*10000 -> 2.7504831 | L5: ='Raw counts'!L5/'Raw counts'!L$1246*10000 -> 3.9955012 | ... T5: ='Raw counts'!T5/'Raw counts'!T$1246*10000 -> 2.1843108 | U5: =IFERROR(IF(W5-X5=0,0,1),0) -> 1 | V5: =IFERROR(_xlfn.T.TEST(E5:N5,O5:T5,2,2),"") -> 0.13299639 | W5: =AVERAGE(E5:N5) -> 4.5279271 | X5: =AVERAGE(O5:T5) -> 3.1238889
A6: 3 | B6: secondary fissure | C6: 118200 | D6: 1040 | E6: ='Raw counts'!E6/'Raw counts'!E$1246*10000 -> 0 | F6: ='Raw counts'!F6/'Raw counts'!F$1246*10000 -> 0 | G6: ='Raw counts'!G6/'Raw counts'!G$1246*10000 -> 0 | H6: ='Raw counts'!H6/'Raw counts'!H$1246*10000 -> 0 | I6: ='Raw counts'!I6/'Raw counts'!I$1246*10000 -> 0 | J6: ='Raw counts'!J6/'Raw counts'!J$1246*10000 -> 0 | K6: ='Raw counts'!K6/'Raw counts'!K$1246*10000 -> 0 | L6: ='Raw counts'!L6/'Raw counts'!L$1246*10000 -> 0 | ... T6: ='Raw counts'!T6/'Raw counts'!T$1246*10000 -> 0 | U6: =IFERROR(IF(W6-X6=0,0,1),0) -> 0 | V6: =IFERROR(_xlfn.T.TEST(E6:N6,O6:T6,2,2),"") | W6: =AVERAGE(E6:N6) -> 0 | X6: =AVERAGE(O6:T6) -> 0
A7: 4 | B7: Inferior colliculus | C7: 79100 | D7: 339 | E7: ='Raw counts'!E7/'Raw counts'!E$1246*10000 -> 50.701141 | F7: ='Raw counts'!F7/'Raw counts'!F$1246*10000 -> 113.61506 | G7: ='Raw counts'!G7/'Raw counts'!G$1246*10000 -> 54.721604 | H7: ='Raw counts'!H7/'Raw counts'!H$1246*10000 -> 37.588362 | I7: ='Raw counts'!I7/'Raw counts'!I$1246*10000 -> 41.085383 | J7: ='Raw counts'!J7/'Raw counts'!J$1246*10000 -> 104.26208 | K7: ='Raw counts'!K7/'Raw counts'!K$1246*10000 -> 54.481851 | L7: ='Raw counts'!L7/'Raw counts'!L$1246*10000 -> 104.66314 | ... T7: ='Raw counts'!T7/'Raw counts'!T$1246*10000 -> 31.931893 | U7: =IFERROR(IF(W7-X7=0,0,1),0) -> 1 | V7: =IFERROR(_xlfn.T.TEST(E7:N7,O7:T7,2,2),"") -> 0.11959718 | W7: =AVERAGE(E7:N7) -> 71.130676 | X7: =AVERAGE(O7:T7) -> 98.616753
A8: 6 | B8: internal capsule | C8: 107000 | D8: 784 | E8: ='Raw counts'!E8/'Raw counts'!E$1246*10000 -> 120.81774 | F8: ='Raw counts'!F8/'Raw counts'!F$1246*10000 -> 113.75671 | G8: ='Raw counts'!G8/'Raw counts'!G$1246*10000 -> 146.93755 | H8: ='Raw counts'!H8/'Raw counts'!H$1246*10000 -> 127.38546 | I8: ='Raw counts'!I8/'Raw counts'!I$1246*10000 -> 97.910504 | J8: ='Raw counts'!J8/'Raw counts'!J$1246*10000 -> 93.037262 | K8: ='Raw counts'!K8/'Raw counts'!K$1246*10000 -> 98.63033 | L8: ='Raw counts'!L8/'Raw counts'!L$1246*10000 -> 110.82258 | ... T8: ='Raw counts'!T8/'Raw counts'!T$1246*10000 -> 126.33507 | U8: =IFERROR(IF(W8-X8=0,0,1),0) -> 1 | V8: =IFERROR(_xlfn.T.TEST(E8:N8,O8:T8,2,2),"") -> 0.27163021 | W8: =AVERAGE(E8:N8) -> 120.74864 | X8: =AVERAGE(O8:T8) -> 108.81222
A9: 7 | B9: Principal sensory nucleus of the trigeminal | C9: 85300 | D9: 1132 | E9: ='Raw counts'!E9/'Raw counts'!E$1246*10000 -> 7.8672476 | F9: ='Raw counts'!F9/'Raw counts'!F$1246*10000 -> 27.126529 | G9: ='Raw counts'!G9/'Raw counts'!G$1246*10000 -> 10.131059 | H9: ='Raw counts'!H9/'Raw counts'!H$1246*10000 -> 1.3148689 | I9: ='Raw counts'!I9/'Raw counts'!I$1246*10000 -> 4.0404472 | J9: ='Raw counts'!J9/'Raw counts'!J$1246*10000 -> 6.3697089 | K9: ='Raw counts'!K9/'Raw counts'!K$1246*10000 -> 0.91487284 | L9: ='Raw counts'!L9/'Raw counts'!L$1246*10000 -> 30.919345 | ... T9: ='Raw counts'!T9/'Raw counts'!T$1246*10000 -> 0.39590633 | U9: =IFERROR(IF(W9-X9=0,0,1),0) -> 1 | V9: =IFERROR(_xlfn.T.TEST(E9:N9,O9:T9,2,2),"") -> 0.55999512 | W9: =AVERAGE(E9:N9) -> 12.210633 | X9: =AVERAGE(O9:T9) -> 15.858311
A10: 8 | B10: Basic cell groups and regions | C10: 100 | D10: 997 | E10: ='Raw counts'!E10/'Raw counts'!E$1246*10000 -> 0 | F10: ='Raw counts'!F10/'Raw counts'!F$1246*10000 -> 0 | G10: ='Raw counts'!G10/'Raw counts'!G$1246*10000 -> 0 | H10: ='Raw counts'!H10/'Raw counts'!H$1246*10000 -> 0 | I10: ='Raw counts'!I10/'Raw counts'!I$1246*10000 -> 0 | J10: ='Raw counts'!J10/'Raw counts'!J$1246*10000 -> 0 | K10: ='Raw counts'!K10/'Raw counts'!K$1246*10000 -> 0 | L10: ='Raw counts'!L10/'Raw counts'!L$1246*10000 -> 0 | ... T10: ='Raw counts'!T10/'Raw counts'!T$1246*10000 -> 0 | U10: =IFERROR(IF(W10-X10=0,0,1),0) -> 0 | V10: =IFERROR(_xlfn.T.TEST(E10:N10,O10:T10,2,2),"") | W10: =AVERAGE(E10:N10) -> 0 | X10: =AVERAGE(O10:T10) -> 0
A11: 9 | B11: Primary somatosensory area, trunk, layer 6a | C11: 7500 | D11: 361 | E11: ='Raw counts'!E11/'Raw counts'!E$1246*10000 -> 3.6264643 | F11: ='Raw counts'!F11/'Raw counts'!F$1246*10000 -> 5.7794379 | G11: ='Raw counts'!G11/'Raw counts'!G$1246*10000 -> 11.157554 | H11: ='Raw counts'!H11/'Raw counts'!H$1246*10000 -> 1.2063017 | I11: ='Raw counts'!I11/'Raw counts'!I$1246*10000 -> 6.1169445 | J11: ='Raw counts'!J11/'Raw counts'!J$1246*10000 -> 1.0715958 | K11: ='Raw counts'!K11/'Raw counts'!K$1246*10000 -> 4.1697089 | L11: ='Raw counts'!L11/'Raw counts'!L$1246*10000 -> 4.1176048 | ... T11: ='Raw counts'!T11/'Raw counts'!T$1246*10000 -> 2.6826067 | U11: =IFERROR(IF(W11-X11=0,0,1),0) -> 1 | V11: =IFERROR(_xlfn.T.TEST(E11:N11,O11:T11,2,2),"") -> 0.97011626 | W11: =AVERAGE(E11:N11) -> 4.9760238 | X11: =AVERAGE(O11:T11) -> 4.9222271
A12: 10 | B12: Superior colliculus, motor related, intermediate gray layer | C12: 81100 | D12: 294 | E12: ='Raw counts'!E12/'Raw counts'!E$1246*10000 -> 36.472719 | F12: ='Raw counts'!F12/'Raw counts'!F$1246*10000 -> 37.09417 | G12: ='Raw counts'!G12/'Raw counts'!G$1246*10000 -> 43.301228 | H12: ='Raw counts'!H12/'Raw counts'!H$1246*10000 -> 23.130835 | I12: ='Raw counts'!I12/'Raw counts'!I$1246*10000 -> 26.701841 | J12: ='Raw counts'!J12/'Raw counts'!J$1246*10000 -> 22.515484 | K12: ='Raw counts'!K12/'Raw counts'!K$1246*10000 -> 18.760758 | L12: ='Raw counts'!L12/'Raw counts'!L$1246*10000 -> 44.954476 | ... T12: ='Raw counts'!T12/'Raw counts'!T$1246*10000 -> 28.129827 | U12: =IFERROR(IF(W12-X12=0,0,1),0) -> 1 | V12: =IFERROR(_xlfn.T.TEST(E12:N12,O12:T12,2,2),"") -> 0.46816688 | W12: =AVERAGE(E12:N12) -> 33.371657 | X12: =AVERAGE(O12:T12) -> 38.154258
A13: 11 | B13: posterolateral fissure | C13: 118300 | D13: 1040 | E13: ='Raw counts'!E13/'Raw counts'!E$1246*10000 -> 0 | F13: ='Raw counts'!F13/'Raw counts'!F$1246*10000 -> 0 | G13: ='Raw counts'!G13/'Raw counts'!G$1246*10000 -> 0 | H13: ='Raw counts'!H13/'Raw counts'!H$1246*10000 -> 0 | I13: ='Raw counts'!I13/'Raw counts'!I$1246*10000 -> 0 | J13: ='Raw counts'!J13/'Raw counts'!J$1246*10000 -> 0 | K13: ='Raw counts'!K13/'Raw counts'!K$1246*10000 -> 0 | L13: ='Raw counts'!L13/'Raw counts'!L$1246*10000 -> 0 | ... T13: ='Raw counts'!T13/'Raw counts'!T$1246*10000 -> 0 | U13: =IFERROR(IF(W13-X13=0,0,1),0) -> 0 | V13: =IFERROR(_xlfn.T.TEST(E13:N13,O13:T13,2,2),"") | W13: =AVERAGE(E13:N13) -> 0 | X13: =AVERAGE(O13:T13) -> 0
A14: 12 | B14: Interfascicular nucleus raphÈ | C14: 84100 | D14: 165 | E14: ='Raw counts'!E14/'Raw counts'!E$1246*10000 -> 0 | F14: ='Raw counts'!F14/'Raw counts'!F$1246*10000 -> 0 | G14: ='Raw counts'!G14/'Raw counts'!G$1246*10000 -> 0 | H14: ='Raw counts'!H14/'Raw counts'!H$1246*10000 -> 0 | I14: ='Raw counts'!I14/'Raw counts'!I$1246*10000 -> 0 | J14: ='Raw counts'!J14/'Raw counts'!J$1246*10000 -> 0 | K14: ='Raw counts'!K14/'Raw counts'!K$1246*10000 -> 0 | L14: ='Raw counts'!L14/'Raw counts'!L$1246*10000 -> 0 | ... T14: ='Raw counts'!T14/'Raw counts'!T$1246*10000 -> 0 | U14: =IFERROR(IF(W14-X14=0,0,1),0) -> 0 | V14: =IFERROR(_xlfn.T.TEST(E14:N14,O14:T14,2,2),"") | W14: =AVERAGE(E14:N14) -> 0 | X14: =AVERAGE(O14:T14) -> 0
A15: 14 | B15: internal medullary lamina of the thalamus | C15: 108200 | D15: 896 | E15: ='Raw counts'!E15/'Raw counts'!E$1246*10000 -> 0.054496048 | F15: ='Raw counts'!F15/'Raw counts'!F$1246*10000 -> 0.051939393 | G15: ='Raw counts'!G15/'Raw counts'!G$1246*10000 -> 0.029753478 | H15: ='Raw counts'!H15/'Raw counts'!H$1246*10000 -> 0.036189052 | I15: ='Raw counts'!I15/'Raw counts'!I$1246*10000 -> 0.0056273638 | J15: ='Raw counts'!J15/'Raw counts'!J$1246*10000 -> 0.059865685 | K15: ='Raw counts'!K15/'Raw counts'!K$1246*10000 -> 0.070374834 | L15: ='Raw counts'!L15/'Raw counts'!L$1246*10000 -> 0.0407012 | ... T15: ='Raw counts'!T15/'Raw counts'!T$1246*10000 -> 0 | U15: =IFERROR(IF(W15-X15=0,0,1),0) -> 1 | V15: =IFERROR(_xlfn.T.TEST(E15:N15,O15:T15,2,2),"") -> 0.35429644 | W15: =AVERAGE(E15:N15) -> 0.042018917 | X15: =AVERAGE(O15:T15) -> 0.031650686
... A988: 996 | B988: Agranular insular area, dorsal part, layer 1 | C988: 23500 | D988: 104 | E988: ='Raw counts'!E988/'Raw counts'!E$1246*10000 -> 7.743393 | F988: ='Raw counts'!F988/'Raw counts'!F$1246*10000 -> 8.2064241 | G988: ='Raw counts'!G988/'Raw counts'!G$1246*10000 -> 4.3539255 | H988: ='Raw counts'!H988/'Raw counts'!H$1246*10000 -> 8.3596709 | I988: ='Raw counts'!I988/'Raw counts'!I$1246*10000 -> 12.672823 | J988: ='Raw counts'!J988/'Raw counts'!J$1246*10000 -> 7.4472913 | K988: ='Raw counts'!K988/'Raw counts'!K$1246*10000 -> 16.168618 | L988: ='Raw counts'!L988/'Raw counts'!L$1246*10000 -> 7.5839903 | ... T988: ='Raw counts'!T988/'Raw counts'!T$1246*10000 -> 40.116233 | U988: =IFERROR(IF(W988-X988=0,0,1),0) -> 1 | V988: =IFERROR(_xlfn.T.TEST(E988:N988,O988:T988,2,2),"") -> 0.3774266 | W988: =AVERAGE(E988:N988) -> 8.7397868 | X988: =AVERAGE(O988:T988) -> 12.787935
A989: 997 | B989: root | C989: 0 | E989: ='Raw counts'!E989/'Raw counts'!E$1246*10000 -> 0.0099083723 | F989: ='Raw counts'!F989/'Raw counts'!F$1246*10000 -> 0.014165289 | G989: ='Raw counts'!G989/'Raw counts'!G$1246*10000 -> 0.014876739 | H989: ='Raw counts'!H989/'Raw counts'!H$1246*10000 -> 0.0060315086 | I989: ='Raw counts'!I989/'Raw counts'!I$1246*10000 -> 0 | J989: ='Raw counts'!J989/'Raw counts'!J$1246*10000 -> 0.0059865685 | K989: ='Raw counts'!K989/'Raw counts'!K$1246*10000 -> 0.029322847 | L989: ='Raw counts'!L989/'Raw counts'!L$1246*10000 -> 0 | ... T989: ='Raw counts'!T989/'Raw counts'!T$1246*10000 -> 0.047781798 | U989: =IFERROR(IF(W989-X989=0,0,1),0) -> 1 | V989: =IFERROR(_xlfn.T.TEST(E989:N989,O989:T989,2,2),"") -> 0.040444738 | W989: =AVERAGE(E989:N989) -> 0.0080291325 | X989: =AVERAGE(O989:T989) -> 0.023644307
A990: 998 | B990: Fundus of striatum | C990: 48500 | D990: 493 | E990: ='Raw counts'!E990/'Raw counts'!E$1246*10000 -> 13.24254 | F990: ='Raw counts'!F990/'Raw counts'!F$1246*10000 -> 10.047912 | G990: ='Raw counts'!G990/'Raw counts'!G$1246*10000 -> 8.4847 | H990: ='Raw counts'!H990/'Raw counts'!H$1246*10000 -> 16.03175 | I990: ='Raw counts'!I990/'Raw counts'!I$1246*10000 -> 13.072366 | J990: ='Raw counts'!J990/'Raw counts'!J$1246*10000 -> 8.0818675 | K990: ='Raw counts'!K990/'Raw counts'!K$1246*10000 -> 11.787785 | L990: ='Raw counts'!L990/'Raw counts'!L$1246*10000 -> 8.6150874 | ... T990: ='Raw counts'!T990/'Raw counts'!T$1246*10000 -> 8.5597679 | U990: =IFERROR(IF(W990-X990=0,0,1),0) -> 1 | V990: =IFERROR(_xlfn.T.TEST(E990:N990,O990:T990,2,2),"") -> 0.77573473 | W990: =AVERAGE(E990:N990) -> 10.381319 | X990: =AVERAGE(O990:T990) -> 9.9782263
A991: 999 | B991: Entorhinal area, lateral part, layer 2/3 | C991: 41600 | D991: 918 | E991: ='Raw counts'!E991/'Raw counts'!E$1246*10000 -> 0 | F991: ='Raw counts'!F991/'Raw counts'!F$1246*10000 -> 0 | G991: ='Raw counts'!G991/'Raw counts'!G$1246*10000 -> 0 | H991: ='Raw counts'!H991/'Raw counts'!H$1246*10000 -> 0 | I991: ='Raw counts'!I991/'Raw counts'!I$1246*10000 -> 0 | J991: ='Raw counts'!J991/'Raw counts'!J$1246*10000 -> 0 | K991: ='Raw counts'!K991/'Raw counts'!K$1246*10000 -> 0 | L991: ='Raw counts'!L991/'Raw counts'!L$1246*10000 -> 0 | ... T991: ='Raw counts'!T991/'Raw counts'!T$1246*10000 -> 0 | U991: =IFERROR(IF(W991-X991=0,0,1),0) -> 0 | V991: =IFERROR(_xlfn.T.TEST(E991:N991,O991:T991,2,2),"") | W991: =AVERAGE(E991:N991) -> 0 | X991: =AVERAGE(O991:T991) -> 0
A992: 1000 | B992: extrapyramidal fiber systems | C992: 108500 | D992: 1009 | E992: ='Raw counts'!E992/'Raw counts'!E$1246*10000 -> 0 | F992: ='Raw counts'!F992/'Raw counts'!F$1246*10000 -> 0 | G992: ='Raw counts'!G992/'Raw counts'!G$1246*10000 -> 0 | H992: ='Raw counts'!H992/'Raw counts'!H$1246*10000 -> 0 | I992: ='Raw counts'!I992/'Raw counts'!I$1246*10000 -> 0 | J992: ='Raw counts'!J992/'Raw counts'!J$1246*10000 -> 0 | K992: ='Raw counts'!K992/'Raw counts'!K$1246*10000 -> 0 | L992: ='Raw counts'!L992/'Raw counts'!L$1246*10000 -> 0 | ... T992: ='Raw counts'!T992/'Raw counts'!T$1246*10000 -> 0 | U992: =IFERROR(IF(W992-X992=0,0,1),0) -> 0 | V992: =IFERROR(_xlfn.T.TEST(E992:N992,O992:T992,2,2),"") | W992: =AVERAGE(E992:N992) -> 0 | X992: =AVERAGE(O992:T992) -> 0
A993: 1001 | B993: Lobule V | C993: 56800 | D993: 928 | E993: ='Raw counts'!E993/'Raw counts'!E$1246*10000 -> 0 | F993: ='Raw counts'!F993/'Raw counts'!F$1246*10000 -> 0 | G993: ='Raw counts'!G993/'Raw counts'!G$1246*10000 -> 0 | H993: ='Raw counts'!H993/'Raw counts'!H$1246*10000 -> 0 | I993: ='Raw counts'!I993/'Raw counts'!I$1246*10000 -> 0 | J993: ='Raw counts'!J993/'Raw counts'!J$1246*10000 -> 0 | K993: ='Raw counts'!K993/'Raw counts'!K$1246*10000 -> 0 | L993: ='Raw counts'!L993/'Raw counts'!L$1246*10000 -> 0 | ... T993: ='Raw counts'!T993/'Raw counts'!T$1246*10000 -> 0 | U993: =IFERROR(IF(W993-X993=0,0,1),0) -> 0 | V993: =IFERROR(_xlfn.T.TEST(E993:N993,O993:T993,2,2),"") | W993: =AVERAGE(E993:N993) -> 0 | X993: =AVERAGE(O993:T993) -> 0
A994: 1002 | B994: Primary auditory area | C994: 11300 | D994: 247 | E994: ='Raw counts'!E994/'Raw counts'!E$1246*10000 -> 0 | F994: ='Raw counts'!F994/'Raw counts'!F$1246*10000 -> 0 | G994: ='Raw counts'!G994/'Raw counts'!G$1246*10000 -> 0 | H994: ='Raw counts'!H994/'Raw counts'!H$1246*10000 -> 0 | I994: ='Raw counts'!I994/'Raw counts'!I$1246*10000 -> 0 | J994: ='Raw counts'!J994/'Raw counts'!J$1246*10000 -> 0 | K994: ='Raw counts'!K994/'Raw counts'!K$1246*10000 -> 0 | L994: ='Raw counts'!L994/'Raw counts'!L$1246*10000 -> 0 | ... T994: ='Raw counts'!T994/'Raw counts'!T$1246*10000 -> 0 | U994: =IFERROR(IF(W994-X994=0,0,1),0) -> 0 | V994: =IFERROR(_xlfn.T.TEST(E994:N994,O994:T994,2,2),"") | W994: =AVERAGE(E994:N994) -> 0 | X994: =AVERAGE(O994:T994) -> 0
A995: 1003 | B995: corticopontine tract | C995: 107400 | D995: 784 | E995: ='Raw counts'!E995/'Raw counts'!E$1246*10000 -> 0 | F995: ='Raw counts'!F995/'Raw counts'!F$1246*10000 -> 0 | G995: ='Raw counts'!G995/'Raw counts'!G$1246*10000 -> 0 | H995: ='Raw counts'!H995/'Raw counts'!H$1246*10000 -> 0 | I995: ='Raw counts'!I995/'Raw counts'!I$1246*10000 -> 0 | J995: ='Raw counts'!J995/'Raw counts'!J$1246*10000 -> 0 | K995: ='Raw counts'!K995/'Raw counts'!K$1246*10000 -> 0 | L995: ='Raw counts'!L995/'Raw counts'!L$1246*10000 -> 0 | ... T995: ='Raw counts'!T995/'Raw counts'!T$1246*10000 -> 0 | U995: =IFERROR(IF(W995-X995=0,0,1),0) -> 0 | V995: =IFERROR(_xlfn.T.TEST(E995:N995,O995:T995,2,2),"") | W995: =AVERAGE(E995:N995) -> 0 | X995: =AVERAGE(O995:T995) -> 0
A996: 1004 | B996: Ventral premammillary nucleus | C996: 76100 | D996: 467 | E996: ='Raw counts'!E996/'Raw counts'!E$1246*10000 -> 0.30220536 | F996: ='Raw counts'!F996/'Raw counts'!F$1246*10000 -> 0.084991735 | G996: ='Raw counts'!G996/'Raw counts'!G$1246*10000 -> 0.27769912 | H996: ='Raw counts'!H996/'Raw counts'!H$1246*10000 -> 0.0060315086 | I996: ='Raw counts'!I996/'Raw counts'!I$1246*10000 -> 2.2847097 | J996: ='Raw counts'!J996/'Raw counts'!J$1246*10000 -> 0.029932843 | K996: ='Raw counts'!K996/'Raw counts'!K$1246*10000 -> 0 | L996: ='Raw counts'!L996/'Raw counts'!L$1246*10000 -> 0.50198147 | ... T996: ='Raw counts'!T996/'Raw counts'!T$1246*10000 -> 0 | U996: =IFERROR(IF(W996-X996=0,0,1),0) -> 1 | V996: =IFERROR(_xlfn.T.TEST(E996:N996,O996:T996,2,2),"") -> 0.77570697 | W996: =AVERAGE(E996:N996) -> 0.35901526 | X996: =AVERAGE(O996:T996) -> 0.46063615
A997: 1005 | B997: Primary auditory area, layer 6b | C997: 11900 | D997: 1002 | E997: ='Raw counts'!E997/'Raw counts'!E$1246*10000 -> 2.422597 | F997: ='Raw counts'!F997/'Raw counts'!F$1246*10000 -> 3.2202424 | G997: ='Raw counts'!G997/'Raw counts'!G$1246*10000 -> 2.0877023 | H997: ='Raw counts'!H997/'Raw counts'!H$1246*10000 -> 1.4596251 | I997: ='Raw counts'!I997/'Raw counts'!I$1246*10000 -> 0.31513238 | J997: ='Raw counts'!J997/'Raw counts'!J$1246*10000 -> 3.2686664 | K997: ='Raw counts'!K997/'Raw counts'!K$1246*10000 -> 2.0584639 | L997: ='Raw counts'!L997/'Raw counts'!L$1246*10000 -> 0.95647821 | ... T997: ='Raw counts'!T997/'Raw counts'!T$1246*10000 -> 2.4914795 | U997: =IFERROR(IF(W997-X997=0,0,1),0) -> 1 | V997: =IFERROR(_xlfn.T.TEST(E997:N997,O997:T997,2,2),"") -> 0.2022064 | W997: =AVERAGE(E997:N997) -> 2.0739655 | X997: =AVERAGE(O997:T997) -> 2.8972516
A998: 1006 | B998: Primary somatosensory area, trunk, layer 1 | C998: 7100 | D998: 361 | E998: ='Raw counts'!E998/'Raw counts'!E$1246*10000 -> 4.8204231 | F998: ='Raw counts'!F998/'Raw counts'!F$1246*10000 -> 2.2570027 | G998: ='Raw counts'!G998/'Raw counts'!G$1246*10000 -> 0.52564477 | H998: ='Raw counts'!H998/'Raw counts'!H$1246*10000 -> 1.5380347 | I998: ='Raw counts'!I998/'Raw counts'!I$1246*10000 -> 4.5187732 | J998: ='Raw counts'!J998/'Raw counts'!J$1246*10000 -> 3.3943844 | K998: ='Raw counts'!K998/'Raw counts'!K$1246*10000 -> 6.2164437 | L998: ='Raw counts'!L998/'Raw counts'!L$1246*10000 -> 2.4963403 | ... T998: ='Raw counts'!T998/'Raw counts'!T$1246*10000 -> 4.5392708 | U998: =IFERROR(IF(W998-X998=0,0,1),0) -> 1 | V998: =IFERROR(_xlfn.T.TEST(E998:N998,O998:T998,2,2),"") -> 0.60754203 | W998: =AVERAGE(E998:N998) -> 3.2108171 | X998: =AVERAGE(O998:T998) -> 2.5695177
A999: 1007 | B999: Simple lobule | C999: 59700 | D999: 1073 | E999: ='Raw counts'!E999/'Raw counts'!E$1246*10000 -> 7.1637532 | F999: ='Raw counts'!F999/'Raw counts'!F$1246*10000 -> 2.5544738 | G999: ='Raw counts'!G999/'Raw counts'!G$1246*10000 -> 0.11901391 | H999: ='Raw counts'!H999/'Raw counts'!H$1246*10000 -> 3.1725735 | I999: ='Raw counts'!I999/'Raw counts'!I$1246*10000 -> 0.73718466 | J999: ='Raw counts'!J999/'Raw counts'!J$1246*10000 -> 16.391225 | K999: ='Raw counts'!K999/'Raw counts'!K$1246*10000 -> 0.31082218 | L999: ='Raw counts'!L999/'Raw counts'!L$1246*10000 -> 19.407689 | ... T999: ='Raw counts'!T999/'Raw counts'!T$1246*10000 -> 0 | U999: =IFERROR(IF(W999-X999=0,0,1),0) -> 1 | V999: =IFERROR(_xlfn.T.TEST(E999:N999,O999:T999,2,2),"") -> 0.24627021 | W999: =AVERAGE(E999:N999) -> 6.797291 | X999: =AVERAGE(O999:T999) -> 3.2063644
A1000: 1008 | B1000: Geniculate group, dorsal thalamus | C1000: 65000 | D1000: 864 | E1000: ='Raw counts'!E1000/'Raw counts'!E$1246*10000 -> 0 | F1000: ='Raw counts'!F1000/'Raw counts'!F$1246*10000 -> 0 | G1000: ='Raw counts'!G1000/'Raw counts'!G$1246*10000 -> 0 | H1000: ='Raw counts'!H1000/'Raw counts'!H$1246*10000 -> 0 | I1000: ='Raw counts'!I1000/'Raw counts'!I$1246*10000 -> 0 | J1000: ='Raw counts'!J1000/'Raw counts'!J$1246*10000 -> 0 | K1000: ='Raw counts'!K1000/'Raw counts'!K$1246*10000 -> 0 | L1000: ='Raw counts'!L1000/'Raw counts'!L$1246*10000 -> 0 | ... T1000: ='Raw counts'!T1000/'Raw counts'!T$1246*10000 -> 0 | U1000: =IFERROR(IF(W1000-X1000=0,0,1),0) -> 0 | V1000: =IFERROR(_xlfn.T.TEST(E1000:N1000,O1000:T1000,2,2),"") | W1000: =AVERAGE(E1000:N1000) -> 0 | X1000: =AVERAGE(O1000:T1000) -> 0
A1001: 1009 | B1001: fiber tracts | C1001: 97200 | D1001: 997 | E1001: ='Raw counts'!E1001/'Raw counts'!E$1246*10000 -> 56.046708 | F1001: ='Raw counts'!F1001/'Raw counts'!F$1246*10000 -> 54.98493 | G1001: ='Raw counts'!G1001/'Raw counts'!G$1246*10000 -> 63.930305 | H1001: ='Raw counts'!H1001/'Raw counts'!H$1246*10000 -> 41.213298 | I1001: ='Raw counts'!I1001/'Raw counts'!I$1246*10000 -> 65.592553 | J1001: ='Raw counts'!J1001/'Raw counts'!J$1246*10000 -> 73.191787 | K1001: ='Raw counts'!K1001/'Raw counts'!K$1246*10000 -> 42.002047 | L1001: ='Raw counts'!L1001/'Raw counts'!L$1246*10000 -> 45.429323 | ... T1001: ='Raw counts'!T1001/'Raw counts'!T$1246*10000 -> 48.334702 | U1001: =IFERROR(IF(W1001-X1001=0,0,1),0) -> 1 | V1001: =IFERROR(_xlfn.T.TEST(E1001:N1001,O1001:T1001,2,2),"") -> 0.025145627 | W1001: =AVERAGE(E1001:N1001) -> 55.219432 | X1001: =AVERAGE(O1001:T1001) -> 42.854644
... A1244: 312782656 | B1244: Unlabeled | C1244: 300 | D1244: 688 | E1244: ='Raw counts'!E1244/'Raw counts'!E$1246*10000 -> 12.841251 | F1244: ='Raw counts'!F1244/'Raw counts'!F$1246*10000 -> 6.6624076 | G1244: ='Raw counts'!G1244/'Raw counts'!G$1246*10000 -> 6.1391342 | H1244: ='Raw counts'!H1244/'Raw counts'!H$1246*10000 -> 5.5007358 | I1244: ='Raw counts'!I1244/'Raw counts'!I$1246*10000 -> 6.1844729 | J1244: ='Raw counts'!J1244/'Raw counts'!J$1246*10000 -> 10.249005 | K1244: ='Raw counts'!K1244/'Raw counts'!K$1246*10000 -> 8.2455847 | L1244: ='Raw counts'!L1244/'Raw counts'!L$1246*10000 -> 6.2747684 | ... T1244: ='Raw counts'!T1244/'Raw counts'!T$1246*10000 -> 9.3242766 | U1244: =IFERROR(IF(W1244-X1244=0,0,1),0) -> 1 | V1244: =IFERROR(_xlfn.T.TEST(E1244:N1244,O1244:T1244,2,2),"") -> 0.54246491 | W1244: =AVERAGE(E1244:N1244) -> 7.7592197 | X1244: =AVERAGE(O1244:T1244) -> 7.083237
E1246: =SUM(E3:E1244) -> 10000 | F1246: =SUM(F3:F1244) -> 10000 | G1246: =SUM(G3:G1244) -> 10000 | H1246: =SUM(H3:H1244) -> 10000 | I1246: =SUM(I3:I1244) -> 10000 | J1246: =SUM(J3:J1244) -> 10000 | K1246: =SUM(K3:K1244) -> 10000 | L1246: =SUM(L3:L1244) -> 10000 | ... T1246: =SUM(T3:T1244) -> 10000

Sheet Activation map
E1: Group | F1: 0 | G1: 0 | H1: 0 | I1: 0 | J1: 0 | K1: 0 | L1: 0 | M1: 0 | N1: 0 | O1: 0 | P1: 1 | Q1: 1 | R1: 1 | S1: 1 | T1: 1 | U1: 1
B2: id | C2: name | D2: structure_order | E2: parent_id | F2: 345391 | G2: 348028 | H2: 348030 | I2: 348035 | J2: 348465 | K2: 349038 | L2: 349438 | M2: 354044 | N2: 354519 | O2: 354522 | P2: 348034 | Q2: 349022 | R2: 349440 | S2: 350322 | T2: 350324 | U2: 354043 | W2: T-test | X2: Gem 0 | Y2: Gem 1
A3: dCA1 | B3: 382 | C3: Field CA1 | D3: 37700 | E3: 375 | F3: =SUMIFS('Raw counts'!E:E,'Raw counts'!$A:$A,'Activation map'!$B3) -> 1900 | G3: =SUMIFS('Raw counts'!F:F,'Raw counts'!$A:$A,'Activation map'!$B3) -> 3509 | H3: =SUMIFS('Raw counts'!G:G,'Raw counts'!$A:$A,'Activation map'!$B3) -> 5872 | I3: =SUMIFS('Raw counts'!H:H,'Raw counts'!$A:$A,'Activation map'!$B3) -> 1758 | J3: =SUMIFS('Raw counts'!I:I,'Raw counts'!$A:$A,'Activation map'!$B3) -> 4336 | K3: =SUMIFS('Raw counts'!J:J,'Raw counts'!$A:$A,'Activation map'!$B3) -> 4723 | L3: =SUMIFS('Raw counts'!K:K,'Raw counts'!$A:$A,'Activation map'!$B3) -> 1646 | M3: =SUMIFS('Raw counts'!L:L,'Raw counts'!$A:$A,'Activation map'!$B3) -> 3505 | N3: =SUMIFS('Raw counts'!M:M,'Raw counts'!$A:$A,'Activation map'!$B3) -> 2737 | O3: =SUMIFS('Raw counts'!N:N,'Raw counts'!$A:$A,'Activation map'!$B3) -> 2570 | P3: =SUMIFS('Raw counts'!O:O,'Raw counts'!$A:$A,'Activation map'!$B3) -> 1737 | Q3: =SUMIFS('Raw counts'!P:P,'Raw counts'!$A:$A,'Activation map'!$B3) -> 3304 | R3: =SUMIFS('Raw counts'!Q:Q,'Raw counts'!$A:$A,'Activation map'!$B3) -> 3136 | S3: =SUMIFS('Raw counts'!R:R,'Raw counts'!$A:$A,'Activation map'!$B3) -> 3062 | T3: =SUMIFS('Raw counts'!S:S,'Raw counts'!$A:$A,'Activation map'!$B3) -> 2475 | U3: =SUMIFS('Raw counts'!T:T,'Raw counts'!$A:$A,'Activation map'!$B3) -> 1547 | W3: =_xlfn.T.TEST(F3:O3,P3:U3,2,2) -> 0.27413536 | X3: =AVERAGE(F3:O3) -> 3255.6 | Y3: =AVERAGE(P3:U3) -> 2543.5
A4: dCA3 | B4: 463 | C4: Field CA3 | D4: 38700 | E4: 375 | F4: =SUMIFS('Raw counts'!E:E,'Raw counts'!$A:$A,'Activation map'!$B4) -> 3640 | G4: =SUMIFS('Raw counts'!F:F,'Raw counts'!$A:$A,'Activation map'!$B4) -> 3311 | H4: =SUMIFS('Raw counts'!G:G,'Raw counts'!$A:$A,'Activation map'!$B4) -> 5319 | I4: =SUMIFS('Raw counts'!H:H,'Raw counts'!$A:$A,'Activation map'!$B4) -> 1759 | J4: =SUMIFS('Raw counts'!I:I,'Raw counts'!$A:$A,'Activation map'!$B4) -> 2953 | K4: =SUMIFS('Raw counts'!J:J,'Raw counts'!$A:$A,'Activation map'!$B4) -> 2057 | L4: =SUMIFS('Raw counts'!K:K,'Raw counts'!$A:$A,'Activation map'!$B4) -> 1146 | M4: =SUMIFS('Raw counts'!L:L,'Raw counts'!$A:$A,'Activation map'!$B4) -> 1052 | N4: =SUMIFS('Raw counts'!M:M,'Raw counts'!$A:$A,'Activation map'!$B4) -> 1776 | O4: =SUMIFS('Raw counts'!N:N,'Raw counts'!$A:$A,'Activation map'!$B4) -> 850 | P4: =SUMIFS('Raw counts'!O:O,'Raw counts'!$A:$A,'Activation map'!$B4) -> 4580 | Q4: =SUMIFS('Raw counts'!P:P,'Raw counts'!$A:$A,'Activation map'!$B4) -> 3095 | R4: =SUMIFS('Raw counts'!Q:Q,'Raw counts'!$A:$A,'Activation map'!$B4) -> 1605 | S4: =SUMIFS('Raw counts'!R:R,'Raw counts'!$A:$A,'Activation map'!$B4) -> 1673 | T4: =SUMIFS('Raw counts'!S:S,'Raw counts'!$A:$A,'Activation map'!$B4) -> 1309 | U4: =SUMIFS('Raw counts'!T:T,'Raw counts'!$A:$A,'Activation map'!$B4) -> 983 | W4: =_xlfn.T.TEST(F4:O4,P4:U4,2,2) -> 0.807682 | X4: =AVERAGE(F4:O4) -> 2386.3 | Y4: =AVERAGE(P4:U4) -> 2207.5
A5: dDG | C5: Dentate gyrus | E5: 726 | F5: =SUMPRODUCT(SUMIFS('Raw counts'!E:E,'Raw counts'!$A:$A,$B16:$B18)) -> 4261 | G5: =SUMPRODUCT(SUMIFS('Raw counts'!F:F,'Raw counts'!$A:$A,$B16:$B18)) -> 6516 | H5: =SUMPRODUCT(SUMIFS('Raw counts'!G:G,'Raw counts'!$A:$A,$B16:$B18)) -> 3341 | I5: =SUMPRODUCT(SUMIFS('Raw counts'!H:H,'Raw counts'!$A:$A,$B16:$B18)) -> 4256 | J5: =SUMPRODUCT(SUMIFS('Raw counts'!I:I,'Raw counts'!$A:$A,$B16:$B18)) -> 5130 | K5: =SUMPRODUCT(SUMIFS('Raw counts'!J:J,'Raw counts'!$A:$A,$B16:$B18)) -> 3187 | L5: =SUMPRODUCT(SUMIFS('Raw counts'!K:K,'Raw counts'!$A:$A,$B16:$B18)) -> 2552 | M5: =SUMPRODUCT(SUMIFS('Raw counts'!L:L,'Raw counts'!$A:$A,$B16:$B18)) -> 7054 | N5: =SUMPRODUCT(SUMIFS('Raw counts'!M:M,'Raw counts'!$A:$A,$B16:$B18)) -> 5486 | O5: =SUMPRODUCT(SUMIFS('Raw counts'!N:N,'Raw counts'!$A:$A,$B16:$B18)) -> 6801 | P5: =SUMPRODUCT(SUMIFS('Raw counts'!O:O,'Raw counts'!$A:$A,$B16:$B18)) -> 3248 | Q5: =SUMPRODUCT(SUMIFS('Raw counts'!P:P,'Raw counts'!$A:$A,$B16:$B18)) -> 3414 | R5: =SUMPRODUCT(SUMIFS('Raw counts'!Q:Q,'Raw counts'!$A:$A,$B16:$B18)) -> 4138 | S5: =SUMPRODUCT(SUMIFS('Raw counts'!R:R,'Raw counts'!$A:$A,$B16:$B18)) -> 3087 | T5: =SUMPRODUCT(SUMIFS('Raw counts'!S:S,'Raw counts'!$A:$A,$B16:$B18)) -> 3838 | U5: =SUMPRODUCT(SUMIFS('Raw counts'!T:T,'Raw counts'!$A:$A,$B16:$B18)) -> 4979 | W5: =_xlfn.T.TEST(F5:O5,P5:U5,2,2) -> 0.14481379 | X5: =AVERAGE(F5:O5) -> 4858.4 | Y5: =AVERAGE(P5:U5) -> 3784
A6: vCA1 | B6: 2382 | C6: Field CA1 ventral | D6: 37700 | E6: 2375 | F6: =SUMIFS('Raw counts'!E:E,'Raw counts'!$A:$A,'Activation map'!$B6) -> 6676 | G6: =SUMIFS('Raw counts'!F:F,'Raw counts'!$A:$A,'Activation map'!$B6) -> 8165 | H6: =SUMIFS('Raw counts'!G:G,'Raw counts'!$A:$A,'Activation map'!$B6) -> 9273 | I6: =SUMIFS('Raw counts'!H:H,'Raw counts'!$A:$A,'Activation map'!$B6) -> 10553 | J6: =SUMIFS('Raw counts'!I:I,'Raw counts'!$A:$A,'Activation map'!$B6) -> 6225 | K6: =SUMIFS('Raw counts'!J:J,'Raw counts'!$A:$A,'Activation map'!$B6) -> 10932 | L6: =SUMIFS('Raw counts'!K:K,'Raw counts'!$A:$A,'Activation map'!$B6) -> 4541 | M6: =SUMIFS('Raw counts'!L:L,'Raw counts'!$A:$A,'Activation map'!$B6) -> 12012 | N6: =SUMIFS('Raw counts'!M:M,'Raw counts'!$A:$A,'Activation map'!$B6) -> 9572 | O6: =SUMIFS('Raw counts'!N:N,'Raw counts'!$A:$A,'Activation map'!$B6) -> 10539 | P6: =SUMIFS('Raw counts'!O:O,'Raw counts'!$A:$A,'Activation map'!$B6) -> 10096 | Q6: =SUMIFS('Raw counts'!P:P,'Raw counts'!$A:$A,'Activation map'!$B6) -> 9186 | R6: =SUMIFS('Raw counts'!Q:Q,'Raw counts'!$A:$A,'Activation map'!$B6) -> 12271 | S6: =SUMIFS('Raw counts'!R:R,'Raw counts'!$A:$A,'Activation map'!$B6) -> 5597 | T6: =SUMIFS('Raw counts'!S:S,'Raw counts'!$A:$A,'Activation map'!$B6) -> 8441 | U6: =SUMIFS('Raw counts'!T:T,'Raw counts'!$A:$A,'Activation map'!$B6) -> 8473 | W6: =_xlfn.T.TEST(F6:O6,P6:U6,2,2) -> 0.89458166 | X6: =AVERAGE(F6:O6) -> 8848.8 | Y6: =AVERAGE(P6:U6) -> 9010.6667
A7: vCA3 | B7: 2463 | C7: Field CA3 ventral | D7: 38700 | E7: 2375 | F7: =SUMIFS('Raw counts'!E:E,'Raw counts'!$A:$A,'Activation map'!$B7) -> 6267 | G7: =SUMIFS('Raw counts'!F:F,'Raw counts'!$A:$A,'Activation map'!$B7) -> 8359 | H7: =SUMIFS('Raw counts'!G:G,'Raw counts'!$A:$A,'Activation map'!$B7) -> 5770 | I7: =SUMIFS('Raw counts'!H:H,'Raw counts'!$A:$A,'Activation map'!$B7) -> 3801 | J7: =SUMIFS('Raw counts'!I:I,'Raw counts'!$A:$A,'Activation map'!$B7) -> 2522 | K7: =SUMIFS('Raw counts'!J:J,'Raw counts'!$A:$A,'Activation map'!$B7) -> 9729 | L7: =SUMIFS('Raw counts'!K:K,'Raw counts'!$A:$A,'Activation map'!$B7) -> 3505 | M7: =SUMIFS('Raw counts'!L:L,'Raw counts'!$A:$A,'Activation map'!$B7) -> 4277 | N7: =SUMIFS('Raw counts'!M:M,'Raw counts'!$A:$A,'Activation map'!$B7) -> 3163 | O7: =SUMIFS('Raw counts'!N:N,'Raw counts'!$A:$A,'Activation map'!$B7) -> 3220 | P7: =SUMIFS('Raw counts'!O:O,'Raw counts'!$A:$A,'Activation map'!$B7) -> 7996 | Q7: =SUMIFS('Raw counts'!P:P,'Raw counts'!$A:$A,'Activation map'!$B7) -> 5774 | R7: =SUMIFS('Raw counts'!Q:Q,'Raw counts'!$A:$A,'Activation map'!$B7) -> 3384 | S7: =SUMIFS('Raw counts'!R:R,'Raw counts'!$A:$A,'Activation map'!$B7) -> 3293 | T7: =SUMIFS('Raw counts'!S:S,'Raw counts'!$A:$A,'Activation map'!$B7) -> 2714 | U7: =SUMIFS('Raw counts'!T:T,'Raw counts'!$A:$A,'Activation map'!$B7) -> 5398 | W7: =_xlfn.T.TEST(F7:O7,P7:U7,2,2) -> 0.80170036 | X7: =AVERAGE(F7:O7) -> 5061.3 | Y7: =AVERAGE(P7:U7) -> 4759.8333
A8: vDG | C8: Dentate gyrus ventral | E8: 2726 | F8: =SUMPRODUCT(SUMIFS('Raw counts'!E:E,'Raw counts'!$A:$A,$B19:$B21)) -> 6992 | G8: =SUMPRODUCT(SUMIFS('Raw counts'!F:F,'Raw counts'!$A:$A,$B19:$B21)) -> 7573 | H8: =SUMPRODUCT(SUMIFS('Raw counts'!G:G,'Raw counts'!$A:$A,$B19:$B21)) -> 4924 | I8: =SUMPRODUCT(SUMIFS('Raw counts'!H:H,'Raw counts'!$A:$A,$B19:$B21)) -> 9062 | J8: =SUMPRODUCT(SUMIFS('Raw counts'!I:I,'Raw counts'!$A:$A,$B19:$B21)) -> 3714 | K8: =SUMPRODUCT(SUMIFS('Raw counts'!J:J,'Raw counts'!$A:$A,$B19:$B21)) -> 6601 | L8: =SUMPRODUCT(SUMIFS('Raw counts'!K:K,'Raw counts'!$A:$A,$B19:$B21)) -> 4025 | M8: =SUMPRODUCT(SUMIFS('Raw counts'!L:L,'Raw counts'!$A:$A,$B19:$B21)) -> 5565 | N8: =SUMPRODUCT(SUMIFS('Raw counts'!M:M,'Raw counts'!$A:$A,$B19:$B21)) -> 7088 | O8: =SUMPRODUCT(SUMIFS('Raw counts'!N:N,'Raw counts'!$A:$A,$B19:$B21)) -> 11342 | P8: =SUMPRODUCT(SUMIFS('Raw counts'!O:O,'Raw counts'!$A:$A,$B19:$B21)) -> 5715 | Q8: =SUMPRODUCT(SUMIFS('Raw counts'!P:P,'Raw counts'!$A:$A,$B19:$B21)) -> 5144 | R8: =SUMPRODUCT(SUMIFS('Raw counts'!Q:Q,'Raw counts'!$A:$A,$B19:$B21)) -> 7107 | S8: =SUMPRODUCT(SUMIFS('Raw counts'!R:R,'Raw counts'!$A:$A,$B19:$B21)) -> 3383 | T8: =SUMPRODUCT(SUMIFS('Raw counts'!S:S,'Raw counts'!$A:$A,$B19:$B21)) -> 3989 | U8: =SUMPRODUCT(SUMIFS('Raw counts'!T:T,'Raw counts'!$A:$A,$B19:$B21)) -> 11030 | W8: =_xlfn.T.TEST(F8:O8,P8:U8,2,2) -> 0.63333191 | X8: =AVERAGE(F8:O8) -> 6688.6 | Y8: =AVERAGE(P8:U8) -> 6061.3333
A9: RSP | C9: Retrosplenial area | F9: =SUMPRODUCT(SUMIFS('Raw counts'!E:E,'Raw counts'!$A:$A,$B22:$B38)) -> 26854 | G9: =SUMPRODUCT(SUMIFS('Raw counts'!F:F,'Raw counts'!$A:$A,$B22:$B38)) -> 36709 | H9: =SUMPRODUCT(SUMIFS('Raw counts'!G:G,'Raw counts'!$A:$A,$B22:$B38)) -> 45888 | I9: =SUMPRODUCT(SUMIFS('Raw counts'!H:H,'Raw counts'!$A:$A,$B22:$B38)) -> 37556 | J9: =SUMPRODUCT(SUMIFS('Raw counts'!I:I,'Raw counts'!$A:$A,$B22:$B38)) -> 24907 | K9: =SUMPRODUCT(SUMIFS('Raw counts'!J:J,'Raw counts'!$A:$A,$B22:$B38)) -> 57924 | L9: =SUMPRODUCT(SUMIFS('Raw counts'!K:K,'Raw counts'!$A:$A,$B22:$B38)) -> 36222 | M9: =SUMPRODUCT(SUMIFS('Raw counts'!L:L,'Raw counts'!$A:$A,$B22:$B38)) -> 24608 | N9: =SUMPRODUCT(SUMIFS('Raw counts'!M:M,'Raw counts'!$A:$A,$B22:$B38)) -> 30613 | O9: =SUMPRODUCT(SUMIFS('Raw counts'!N:N,'Raw counts'!$A:$A,$B22:$B38)) -> 28467 | P9: =SUMPRODUCT(SUMIFS('Raw counts'!O:O,'Raw counts'!$A:$A,$B22:$B38)) -> 35896 | Q9: =SUMPRODUCT(SUMIFS('Raw counts'!P:P,'Raw counts'!$A:$A,$B22:$B38)) -> 25105 | R9: =SUMPRODUCT(SUMIFS('Raw counts'!Q:Q,'Raw counts'!$A:$A,$B22:$B38)) -> 33601 | S9: =SUMPRODUCT(SUMIFS('Raw counts'!R:R,'Raw counts'!$A:$A,$B22:$B38)) -> 25103 | T9: =SUMPRODUCT(SUMIFS('Raw counts'!S:S,'Raw counts'!$A:$A,$B22:$B38)) -> 33057 | U9: =SUMPRODUCT(SUMIFS('Raw counts'!T:T,'Raw counts'!$A:$A,$B22:$B38)) -> 22549 | W9: =_xlfn.T.TEST(F9:O9,P9:U9,2,2) -> 0.23900088 | X9: =AVERAGE(F9:O9) -> 34974.8 | Y9: =AVERAGE(P9:U9) -> 29218.5
A10: ACC | C10: Anterior cingulate area | F10: =SUMPRODUCT(SUMIFS('Raw counts'!E:E,'Raw counts'!$A:$A,$B39:$B48)) -> 13388 | G10: =SUMPRODUCT(SUMIFS('Raw counts'!F:F,'Raw counts'!$A:$A,$B39:$B48)) -> 10712 | H10: =SUMPRODUCT(SUMIFS('Raw counts'!G:G,'Raw counts'!$A:$A,$B39:$B48)) -> 14888 | I10: =SUMPRODUCT(SUMIFS('Raw counts'!H:H,'Raw counts'!$A:$A,$B39:$B48)) -> 9851 | J10: =SUMPRODUCT(SUMIFS('Raw counts'!I:I,'Raw counts'!$A:$A,$B39:$B48)) -> 5492 | K10: =SUMPRODUCT(SUMIFS('Raw counts'!J:J,'Raw counts'!$A:$A,$B39:$B48)) -> 17127 | L10: =SUMPRODUCT(SUMIFS('Raw counts'!K:K,'Raw counts'!$A:$A,$B39:$B48)) -> 34083 | M10: =SUMPRODUCT(SUMIFS('Raw counts'!L:L,'Raw counts'!$A:$A,$B39:$B48)) -> 8370 | N10: =SUMPRODUCT(SUMIFS('Raw counts'!M:M,'Raw counts'!$A:$A,$B39:$B48)) -> 10101 | O10: =SUMPRODUCT(SUMIFS('Raw counts'!N:N,'Raw counts'!$A:$A,$B39:$B48)) -> 6644 | P10: =SUMPRODUCT(SUMIFS('Raw counts'!O:O,'Raw counts'!$A:$A,$B39:$B48)) -> 7343 | Q10: =SUMPRODUCT(SUMIFS('Raw counts'!P:P,'Raw counts'!$A:$A,$B39:$B48)) -> 9143 | R10: =SUMPRODUCT(SUMIFS('Raw counts'!Q:Q,'Raw counts'!$A:$A,$B39:$B48)) -> 15813 | S10: =SUMPRODUCT(SUMIFS('Raw counts'!R:R,'Raw counts'!$A:$A,$B39:$B48)) -> 10284 | T10: =SUMPRODUCT(SUMIFS('Raw counts'!S:S,'Raw counts'!$A:$A,$B39:$B48)) -> 6178 | U10: =SUMPRODUCT(SUMIFS('Raw counts'!T:T,'Raw counts'!$A:$A,$B39:$B48)) -> 6281 | W10: =_xlfn.T.TEST(F10:O10,P10:U10,2,2) -> 0.29537749 | X10: =AVERAGE(F10:O10) -> 13065.6 | Y10: =AVERAGE(P10:U10) -> 9173.6667
A11: PL | C11: Prelimbic area | E11: 972 | F11: =SUMPRODUCT(SUMIFS('Raw counts'!E:E,'Raw counts'!$A:$A,$B49:$B53)) -> 5898 | G11: =SUMPRODUCT(SUMIFS('Raw counts'!F:F,'Raw counts'!$A:$A,$B49:$B53)) -> 3868 | H11: =SUMPRODUCT(SUMIFS('Raw counts'!G:G,'Raw counts'!$A:$A,$B49:$B53)) -> 2352 | I11: =SUMPRODUCT(SUMIFS('Raw counts'!H:H,'Raw counts'!$A:$A,$B49:$B53)) -> 2321 | J11: =SUMPRODUCT(SUMIFS('Raw counts'!I:I,'Raw counts'!$A:$A,$B49:$B53)) -> 3026 | K11: =SUMPRODUCT(SUMIFS('Raw counts'!J:J,'Raw counts'!$A:$A,$B49:$B53)) -> 7984 | L11: =SUMPRODUCT(SUMIFS('Raw counts'!K:K,'Raw counts'!$A:$A,$B49:$B53)) -> 13225 | M11: =SUMPRODUCT(SUMIFS('Raw counts'!L:L,'Raw counts'!$A:$A,$B49:$B53)) -> 3339 | N11: =SUMPRODUCT(SUMIFS('Raw counts'!M:M,'Raw counts'!$A:$A,$B49:$B53)) -> 5049 | O11: =SUMPRODUCT(SUMIFS('Raw counts'!N:N,'Raw counts'!$A:$A,$B49:$B53)) -> 1172 | P11: =SUMPRODUCT(SUMIFS('Raw counts'!O:O,'Raw counts'!$A:$A,$B49:$B53)) -> 2171 | Q11: =SUMPRODUCT(SUMIFS('Raw counts'!P:P,'Raw counts'!$A:$A,$B49:$B53)) -> 3102 | R11: =SUMPRODUCT(SUMIFS('Raw counts'!Q:Q,'Raw counts'!$A:$A,$B49:$B53)) -> 7774 | S11: =SUMPRODUCT(SUMIFS('Raw counts'!R:R,'Raw counts'!$A:$A,$B49:$B53)) -> 3079 | T11: =SUMPRODUCT(SUMIFS('Raw counts'!S:S,'Raw counts'!$A:$A,$B49:$B53)) -> 1590 | U11: =SUMPRODUCT(SUMIFS('Raw counts'!T:T,'Raw counts'!$A:$A,$B49:$B53)) -> 2013 | W11: =_xlfn.T.TEST(F11:O11,P11:U11,2,2) -> 0.36273876 | X11: =AVERAGE(F11:O11) -> 4823.4 | Y11: =AVERAGE(P11:U11) -> 3288.1667
A12: IL | C12: Infralimbic area | E12: 44 | F12: =SUMPRODUCT(SUMIFS('Raw counts'!E:E,'Raw counts'!$A:$A,$B54:$B58)) -> 7080 | G12: =SUMPRODUCT(SUMIFS('Raw counts'!F:F,'Raw counts'!$A:$A,$B54:$B58)) -> 5251 | H12: =SUMPRODUCT(SUMIFS('Raw counts'!G:G,'Raw counts'!$A:$A,$B54:$B58)) -> 2895 | I12: =SUMPRODUCT(SUMIFS('Raw counts'!H:H,'Raw counts'!$A:$A,$B54:$B58)) -> 2729 | J12: =SUMPRODUCT(SUMIFS('Raw counts'!I:I,'Raw counts'!$A:$A,$B54:$B58)) -> 4086 | K12: =SUMPRODUCT(SUMIFS('Raw counts'!J:J,'Raw counts'!$A:$A,$B54:$B58)) -> 2974 | L12: =SUMPRODUCT(SUMIFS('Raw counts'!K:K,'Raw counts'!$A:$A,$B54:$B58)) -> 13899 | M12: =SUMPRODUCT(SUMIFS('Raw counts'!L:L,'Raw counts'!$A:$A,$B54:$B58)) -> 2014 | N12: =SUMPRODUCT(SUMIFS('Raw counts'!M:M,'Raw counts'!$A:$A,$B54:$B58)) -> 5967 | O12: =SUMPRODUCT(SUMIFS('Raw counts'!N:N,'Raw counts'!$A:$A,$B54:$B58)) -> 1047 | P12: =SUMPRODUCT(SUMIFS('Raw counts'!O:O,'Raw counts'!$A:$A,$B54:$B58)) -> 2869 | Q12: =SUMPRODUCT(SUMIFS('Raw counts'!P:P,'Raw counts'!$A:$A,$B54:$B58)) -> 5545 | R12: =SUMPRODUCT(SUMIFS('Raw counts'!Q:Q,'Raw counts'!$A:$A,$B54:$B58)) -> 3787 | S12: =SUMPRODUCT(SUMIFS('Raw counts'!R:R,'Raw counts'!$A:$A,$B54:$B58)) -> 6201 | T12: =SUMPRODUCT(SUMIFS('Raw counts'!S:S,'Raw counts'!$A:$A,$B54:$B58)) -> 2798 | U12: =SUMPRODUCT(SUMIFS('Raw counts'!T:T,'Raw counts'!$A:$A,$B54:$B58)) -> 2045 | W12: =_xlfn.T.TEST(F12:O12,P12:U12,2,2) -> 0.57786715 | X12: =AVERAGE(F12:O12) -> 4794.2 | Y12: =AVERAGE(P12:U12) -> 3874.1667
A13: CeA | B13: 536 | C13: Central amygdalar nucleus | D13: 50300 | E13: 278 | F13: =SUMIFS('Raw counts'!E:E,'Raw counts'!$A:$A,'Activation map'!$B13) -> 5608 | G13: =SUMIFS('Raw counts'!F:F,'Raw counts'!$A:$A,'Activation map'!$B13) -> 5209 | H13: =SUMIFS('Raw counts'!G:G,'Raw counts'!$A:$A,'Activation map'!$B13) -> 5142 | I13: =SUMIFS('Raw counts'!H:H,'Raw counts'!$A:$A,'Activation map'!$B13) -> 3038 | J13: =SUMIFS('Raw counts'!I:I,'Raw counts'!$A:$A,'Activation map'!$B13) -> 3624 | K13: =SUMIFS('Raw counts'!J:J,'Raw counts'!$A:$A,'Activation map'!$B13) -> 4137 | L13: =SUMIFS('Raw counts'!K:K,'Raw counts'!$A:$A,'Activation map'!$B13) -> 4657 | M13: =SUMIFS('Raw counts'!L:L,'Raw counts'!$A:$A,'Activation map'!$B13) -> 1751 | N13: =SUMIFS('Raw counts'!M:M,'Raw counts'!$A:$A,'Activation map'!$B13) -> 1722 | O13: =SUMIFS('Raw counts'!N:N,'Raw counts'!$A:$A,'Activation map'!$B13) -> 777 | P13: =SUMIFS('Raw counts'!O:O,'Raw counts'!$A:$A,'Activation map'!$B13) -> 3627 | Q13: =SUMIFS('Raw counts'!P:P,'Raw counts'!$A:$A,'Activation map'!$B13) -> 2993 | R13: =SUMIFS('Raw counts'!Q:Q,'Raw counts'!$A:$A,'Activation map'!$B13) -> 4030 | S13: =SUMIFS('Raw counts'!R:R,'Raw counts'!$A:$A,'Activation map'!$B13) -> 4983 | T13: =SUMIFS('Raw counts'!S:S,'Raw counts'!$A:$A,'Activation map'!$B13) -> 3170 | U13: =SUMIFS('Raw counts'!T:T,'Raw counts'!$A:$A,'Activation map'!$B13) -> 2915 | W13: =_xlfn.T.TEST(F13:O13,P13:U13,2,2) -> 0.94373435 | X13: =AVERAGE(F13:O13) -> 3566.5 | Y13: =AVERAGE(P13:U13) -> 3619.6667
A14: BLA | C14: Basolateral amygdalar nucleus | E14: 295 | F14: =SUMPRODUCT(SUMIFS('Raw counts'!E:E,'Raw counts'!$A:$A,$B59:$B61)) -> 4020 | G14: =SUMPRODUCT(SUMIFS('Raw counts'!F:F,'Raw counts'!$A:$A,$B59:$B61)) -> 5103 | H14: =SUMPRODUCT(SUMIFS('Raw counts'!G:G,'Raw counts'!$A:$A,$B59:$B61)) -> 5984 | I14: =SUMPRODUCT(SUMIFS('Raw counts'!H:H,'Raw counts'!$A:$A,$B59:$B61)) -> 3288 | J14: =SUMPRODUCT(SUMIFS('Raw counts'!I:I,'Raw counts'!$A:$A,$B59:$B61)) -> 3274 | K14: =SUMPRODUCT(SUMIFS('Raw counts'!J:J,'Raw counts'!$A:$A,$B59:$B61)) -> 3984 | L14: =SUMPRODUCT(SUMIFS('Raw counts'!K:K,'Raw counts'!$A:$A,$B59:$B61)) -> 5387 | M14: =SUMPRODUCT(SUMIFS('Raw counts'!L:L,'Raw counts'!$A:$A,$B59:$B61)) -> 1970 | N14: =SUMPRODUCT(SUMIFS('Raw counts'!M:M,'Raw counts'!$A:$A,$B59:$B61)) -> 2393 | O14: =SUMPRODUCT(SUMIFS('Raw counts'!N:N,'Raw counts'!$A:$A,$B59:$B61)) -> 1841 | P14: =SUMPRODUCT(SUMIFS('Raw counts'!O:O,'Raw counts'!$A:$A,$B59:$B61)) -> 5532 | Q14: =SUMPRODUCT(SUMIFS('Raw counts'!P:P,'Raw counts'!$A:$A,$B59:$B61)) -> 3906 | R14: =SUMPRODUCT(SUMIFS('Raw counts'!Q:Q,'Raw counts'!$A:$A,$B59:$B61)) -> 5707 | S14: =SUMPRODUCT(SUMIFS('Raw counts'!R:R,'Raw counts'!$A:$A,$B59:$B61)) -> 6726 | T14: =SUMPRODUCT(SUMIFS('Raw counts'!S:S,'Raw counts'!$A:$A,$B59:$B61)) -> 3639 | U14: =SUMPRODUCT(SUMIFS('Raw counts'!T:T,'Raw counts'!$A:$A,$B59:$B61)) -> 2722 | W14: =_xlfn.T.TEST(F14:O14,P14:U14,2,2) -> 0.21679415 | X14: =AVERAGE(F14:O14) -> 3724.4 | Y14: =AVERAGE(P14:U14) -> 4705.3333
B16: 632 | C16: Dentate gyrus, granule cell layer | D16: 39600 | E16: 726
B17: 10703 | C17: Dentate gyrus, molecular layer | D17: 39400 | E17: 726
B18: 10704 | C18: Dentate gyrus, polymorph layer | D18: 39500 | E18: 726
B19: 2632 | C19: Dentate gyrus, granule cell layer ventral | D19: 39600 | E19: 2726
B20: 12703 | C20: Dentate gyrus, molecular layer | D20: 39400 | E20: 2726
B21: 12704 | C21: Dentate gyrus, subgranular zone ventral | D21: 39700 | E21: 2726
B22: 894 | C22: Retrosplenial area, lateral agranular part | D22: 25300 | E22: 254
B23: 274 | C23: Retrosplenial area, dorsal part, layer 6a | D23: 26400 | E23: 879
B24: 330 | C24: Retrosplenial area, dorsal part, layer 6b | D24: 26500 | E24: 879
B25: 434 | C25: Retrosplenial area, dorsal part, layer 2/3 | D25: 26100 | E25: 879
B26: 442 | C26: Retrosplenial area, dorsal part, layer 1 | D26: 26000 | E26: 879
B27: 545 | C27: Retrosplenial area, dorsal part, layer 4 | D27: 26200 | E27: 879
... B61: 451 | C61: Basolateral amygdalar nucleus, ventral part | D61: 47400 | E61: 295

Sheet Total-corrected counts Z<3
E1: 0 | F1: 0 | G1: 0 | H1: 0 | I1: 0 | J1: 0 | K1: 0 | L1: 0 | M1: 0 | N1: 0 | O1: 1 | P1: 1 | Q1: 1 | R1: 1 | S1: 1 | T1: 1
A2: id | B2: name | C2: structure_order | D2: parent_id | E2: 345391 | F2: 348028 | G2: 348030 | H2: 348035 | I2: 348465 | J2: 349038 | K2: 349438 | L2: 354044 | M2: 354519 | N2: 354522 | O2: 348034 | P2: 349022 | Q2: 349440 | R2: 350322 | S2: 350324 | T2: 354043 | U2: Filter | V2: Cluster | W2: T-test | X2: Gem 0 | Y2: Gem 1
A3: 0 | B3: background | C3: 0 | E3: =IFERROR(IF(OR(HLOOKUP($A3,'Z-scores'!$C$2:$SK$20,5,FALSE)>3,HLOOKUP($A3,'Z-scores'!$C$2:$SK$20,5,FALSE)<-3),"",'Total-corrected counts'!E3),"") | F3: =IFERROR(IF(OR(HLOOKUP($A3,'Z-scores'!$C$2:$SK$20,5,FALSE)>3,HLOOKUP($A3,'Z-scores'!$C$2:$SK$20,5,FALSE)<-3),"",'Total-corrected counts'!F3),"") | G3: =IFERROR(IF(OR(HLOOKUP($A3,'Z-scores'!$C$2:$SK$20,5,FALSE)>3,HLOOKUP($A3,'Z-scores'!$C$2:$SK$20,5,FALSE)<-3),"",'Total-corrected counts'!G3),"") | H3: =IFERROR(IF(OR(HLOOKUP($A3,'Z-scores'!$C$2:$SK$20,5,FALSE)>3,HLOOKUP($A3,'Z-scores'!$C$2:$SK$20,5,FALSE)<-3),"",'Total-corrected counts'!H3),"") | I3: =IFERROR(IF(OR(HLOOKUP($A3,'Z-scores'!$C$2:$SK$20,5,FALSE)>3,HLOOKUP($A3,'Z-scores'!$C$2:$SK$20,5,FALSE)<-3),"",'Total-corrected counts'!I3),"") | J3: =IFERROR(IF(OR(HLOOKUP($A3,'Z-scores'!$C$2:$SK$20,5,FALSE)>3,HLOOKUP($A3,'Z-scores'!$C$2:$SK$20,5,FALSE)<-3),"",'Total-corrected counts'!J3),"") | K3: =IFERROR(IF(OR(HLOOKUP($A3,'Z-scores'!$C$2:$SK$20,5,FALSE)>3,HLOOKUP($A3,'Z-scores'!$C$2:$SK$20,5,FALSE)<-3),"",'Total-corrected counts'!K3),"") | L3: =IFERROR(IF(OR(HLOOKUP($A3,'Z-scores'!$C$2:$SK$20,5,FALSE)>3,HLOOKUP($A3,'Z-scores'!$C$2:$SK$20,5,FALSE)<-3),"",'Total-corrected counts'!L3),"") | ... T3: =IFERROR(IF(OR(HLOOKUP($A3,'Z-scores'!$C$2:$SK$20,5,FALSE)>3,HLOOKUP($A3,'Z-scores'!$C$2:$SK$20,5,FALSE)<-3),"",'Total-corrected counts'!T3),"") | U3: =IFERROR(IF(X3-Y3=0,0,1),0) -> 0 | V3: =SUMIFS(Tabel132[Cluster],Tabel132[ID],'Total-corrected counts Z<3'!A3) -> 0 | W3: =IFERROR(_xlfn.T.TEST(E3:N3,O3:T3,2,2),"") | X3: =IFERROR(AVERAGE(E3:N3),"") | Y3: =IFERROR(AVERAGE(O3:T3),"")
A4: 1 | B4: Tuberomammillary nucleus, ventral part | C4: 75500 | D4: 557 | E4: =IFERROR(IF(OR(HLOOKUP($A4,'Z-scores'!$C$2:$SK$20,5,FALSE)>3,HLOOKUP($A4,'Z-scores'!$C$2:$SK$20,5,FALSE)<-3),"",'Total-corrected counts'!E4),"") -> 0.094129537 | F4: =IFERROR(IF(OR(HLOOKUP($A4,'Z-scores'!$C$2:$SK$20,5,FALSE)>3,HLOOKUP($A4,'Z-scores'!$C$2:$SK$20,5,FALSE)<-3),"",'Total-corrected counts'!F4),"") -> 0.004721763 | G4: =IFERROR(IF(OR(HLOOKUP($A4,'Z-scores'!$C$2:$SK$20,5,FALSE)>3,HLOOKUP($A4,'Z-scores'!$C$2:$SK$20,5,FALSE)<-3),"",'Total-corrected counts'!G4),"") -> 0.094219346 | H4: =IFERROR(IF(OR(HLOOKUP($A4,'Z-scores'!$C$2:$SK$20,5,FALSE)>3,HLOOKUP($A4,'Z-scores'!$C$2:$SK$20,5,FALSE)<-3),"",'Total-corrected counts'!H4),"") -> 0.2774494 | I4: =IFERROR(IF(OR(HLOOKUP($A4,'Z-scores'!$C$2:$SK$20,5,FALSE)>3,HLOOKUP($A4,'Z-scores'!$C$2:$SK$20,5,FALSE)<-3),"",'Total-corrected counts'!I4),"") -> 0.28699556 | J4: =IFERROR(IF(OR(HLOOKUP($A4,'Z-scores'!$C$2:$SK$20,5,FALSE)>3,HLOOKUP($A4,'Z-scores'!$C$2:$SK$20,5,FALSE)<-3),"",'Total-corrected counts'!J4),"") -> 0 | K4: =IFERROR(IF(OR(HLOOKUP($A4,'Z-scores'!$C$2:$SK$20,5,FALSE)>3,HLOOKUP($A4,'Z-scores'!$C$2:$SK$20,5,FALSE)<-3),"",'Total-corrected counts'!K4),"") -> 0.0058645695 | L4: =IFERROR(IF(OR(HLOOKUP($A4,'Z-scores'!$C$2:$SK$20,5,FALSE)>3,HLOOKUP($A4,'Z-scores'!$C$2:$SK$20,5,FALSE)<-3),"",'Total-corrected counts'!L4),"") -> 0.094969467 | ... T4: =IFERROR(IF(OR(HLOOKUP($A4,'Z-scores'!$C$2:$SK$20,5,FALSE)>3,HLOOKUP($A4,'Z-scores'!$C$2:$SK$20,5,FALSE)<-3),"",'Total-corrected counts'!T4),"") -> 0 | U4: =IFERROR(IF(X4-Y4=0,0,1),0) -> 1 | V4: =SUMIFS(Tabel132[Cluster],Tabel132[ID],'Total-corrected counts Z<3'!A4) -> 84 | W4: =IFERROR(_xlfn.T.TEST(E4:N4,O4:T4,2,2),"") -> 0.3940355 | X4: =IFERROR(AVERAGE(E4:N4),"") -> 0.15560802 | Y4: =IFERROR(AVERAGE(O4:T4),"") -> 0.34183668
A5: 2 | B5: Primary somatosensory area, mouth, layer 6b | C5: 6200 | D5: 345 | E5: =IFERROR(IF(OR(HLOOKUP($A5,'Z-scores'!$C$2:$SK$20,5,FALSE)>3,HLOOKUP($A5,'Z-scores'!$C$2:$SK$20,5,FALSE)<-3),"",'Total-corrected counts'!E5),"") -> 3.1855417 | F5: =IFERROR(IF(OR(HLOOKUP($A5,'Z-scores'!$C$2:$SK$20,5,FALSE)>3,HLOOKUP($A5,'Z-scores'!$C$2:$SK$20,5,FALSE)<-3),"",'Total-corrected counts'!F5),"") -> 2.8944407 | G5: =IFERROR(IF(OR(HLOOKUP($A5,'Z-scores'!$C$2:$SK$20,5,FALSE)>3,HLOOKUP($A5,'Z-scores'!$C$2:$SK$20,5,FALSE)<-3),"",'Total-corrected counts'!G5),"") -> 4.6465014 | H5: =IFERROR(IF(OR(HLOOKUP($A5,'Z-scores'!$C$2:$SK$20,5,FALSE)>3,HLOOKUP($A5,'Z-scores'!$C$2:$SK$20,5,FALSE)<-3),"",'Total-corrected counts'!H5),"") -> 3.7274723 | I5: =IFERROR(IF(OR(HLOOKUP($A5,'Z-scores'!$C$2:$SK$20,5,FALSE)>3,HLOOKUP($A5,'Z-scores'!$C$2:$SK$20,5,FALSE)<-3),"",'Total-corrected counts'!I5),"") -> 4.3893438 | J5: =IFERROR(IF(OR(HLOOKUP($A5,'Z-scores'!$C$2:$SK$20,5,FALSE)>3,HLOOKUP($A5,'Z-scores'!$C$2:$SK$20,5,FALSE)<-3),"",'Total-corrected counts'!J5),"") -> 9.9556635 | K5: =IFERROR(IF(OR(HLOOKUP($A5,'Z-scores'!$C$2:$SK$20,5,FALSE)>3,HLOOKUP($A5,'Z-scores'!$C$2:$SK$20,5,FALSE)<-3),"",'Total-corrected counts'!K5),"") -> 2.7504831 | L5: =IFERROR(IF(OR(HLOOKUP($A5,'Z-scores'!$C$2:$SK$20,5,FALSE)>3,HLOOKUP($A5,'Z-scores'!$C$2:$SK$20,5,FALSE)<-3),"",'Total-corrected counts'!L5),"") -> 3.9955012 | ... T5: =IFERROR(IF(OR(HLOOKUP($A5,'Z-scores'!$C$2:$SK$20,5,FALSE)>3,HLOOKUP($A5,'Z-scores'!$C$2:$SK$20,5,FALSE)<-3),"",'Total-corrected counts'!T5),"") -> 2.1843108 | U5: =IFERROR(IF(X5-Y5=0,0,1),0) -> 1 | V5: =SUMIFS(Tabel132[Cluster],Tabel132[ID],'Total-corrected counts Z<3'!A5) -> 8 | W5: =IFERROR(_xlfn.T.TEST(E5:N5,O5:T5,2,2),"") -> 0.13299639 | X5: =IFERROR(AVERAGE(E5:N5),"") -> 4.5279271 | Y5: =IFERROR(AVERAGE(O5:T5),"") -> 3.1238889
A6: 3 | B6: secondary fissure | C6: 118200 | D6: 1040 | E6: =IFERROR(IF(OR(HLOOKUP($A6,'Z-scores'!$C$2:$SK$20,5,FALSE)>3,HLOOKUP($A6,'Z-scores'!$C$2:$SK$20,5,FALSE)<-3),"",'Total-corrected counts'!E6),"") | F6: =IFERROR(IF(OR(HLOOKUP($A6,'Z-scores'!$C$2:$SK$20,5,FALSE)>3,HLOOKUP($A6,'Z-scores'!$C$2:$SK$20,5,FALSE)<-3),"",'Total-corrected counts'!F6),"") | G6: =IFERROR(IF(OR(HLOOKUP($A6,'Z-scores'!$C$2:$SK$20,5,FALSE)>3,HLOOKUP($A6,'Z-scores'!$C$2:$SK$20,5,FALSE)<-3),"",'Total-corrected counts'!G6),"") | H6: =IFERROR(IF(OR(HLOOKUP($A6,'Z-scores'!$C$2:$SK$20,5,FALSE)>3,HLOOKUP($A6,'Z-scores'!$C$2:$SK$20,5,FALSE)<-3),"",'Total-corrected counts'!H6),"") | I6: =IFERROR(IF(OR(HLOOKUP($A6,'Z-scores'!$C$2:$SK$20,5,FALSE)>3,HLOOKUP($A6,'Z-scores'!$C$2:$SK$20,5,FALSE)<-3),"",'Total-corrected counts'!I6),"") | J6: =IFERROR(IF(OR(HLOOKUP($A6,'Z-scores'!$C$2:$SK$20,5,FALSE)>3,HLOOKUP($A6,'Z-scores'!$C$2:$SK$20,5,FALSE)<-3),"",'Total-corrected counts'!J6),"") | K6: =IFERROR(IF(OR(HLOOKUP($A6,'Z-scores'!$C$2:$SK$20,5,FALSE)>3,HLOOKUP($A6,'Z-scores'!$C$2:$SK$20,5,FALSE)<-3),"",'Total-corrected counts'!K6),"") | L6: =IFERROR(IF(OR(HLOOKUP($A6,'Z-scores'!$C$2:$SK$20,5,FALSE)>3,HLOOKUP($A6,'Z-scores'!$C$2:$SK$20,5,FALSE)<-3),"",'Total-corrected counts'!L6),"") | ... T6: =IFERROR(IF(OR(HLOOKUP($A6,'Z-scores'!$C$2:$SK$20,5,FALSE)>3,HLOOKUP($A6,'Z-scores'!$C$2:$SK$20,5,FALSE)<-3),"",'Total-corrected counts'!T6),"") | U6: =IFERROR(IF(X6-Y6=0,0,1),0) -> 0 | V6: =SUMIFS(Tabel132[Cluster],Tabel132[ID],'Total-corrected counts Z<3'!A6) -> 0 | W6: =IFERROR(_xlfn.T.TEST(E6:N6,O6:T6,2,2),"") | X6: =IFERROR(AVERAGE(E6:N6),"") | Y6: =IFERROR(AVERAGE(O6:T6),"")
A7: 4 | B7: Inferior colliculus | C7: 79100 | D7: 339 | E7: =IFERROR(IF(OR(HLOOKUP($A7,'Z-scores'!$C$2:$SK$20,5,FALSE)>3,HLOOKUP($A7,'Z-scores'!$C$2:$SK$20,5,FALSE)<-3),"",'Total-corrected counts'!E7),"") -> 50.701141 | F7: =IFERROR(IF(OR(HLOOKUP($A7,'Z-scores'!$C$2:$SK$20,5,FALSE)>3,HLOOKUP($A7,'Z-scores'!$C$2:$SK$20,5,FALSE)<-3),"",'Total-corrected counts'!F7),"") -> 113.61506 | G7: =IFERROR(IF(OR(HLOOKUP($A7,'Z-scores'!$C$2:$SK$20,5,FALSE)>3,HLOOKUP($A7,'Z-scores'!$C$2:$SK$20,5,FALSE)<-3),"",'Total-corrected counts'!G7),"") -> 54.721604 | H7: =IFERROR(IF(OR(HLOOKUP($A7,'Z-scores'!$C$2:$SK$20,5,FALSE)>3,HLOOKUP($A7,'Z-scores'!$C$2:$SK$20,5,FALSE)<-3),"",'Total-corrected counts'!H7),"") -> 37.588362 | I7: =IFERROR(IF(OR(HLOOKUP($A7,'Z-scores'!$C$2:$SK$20,5,FALSE)>3,HLOOKUP($A7,'Z-scores'!$C$2:$SK$20,5,FALSE)<-3),"",'Total-corrected counts'!I7),"") -> 41.085383 | J7: =IFERROR(IF(OR(HLOOKUP($A7,'Z-scores'!$C$2:$SK$20,5,FALSE)>3,HLOOKUP($A7,'Z-scores'!$C$2:$SK$20,5,FALSE)<-3),"",'Total-corrected counts'!J7),"") -> 104.26208 | K7: =IFERROR(IF(OR(HLOOKUP($A7,'Z-scores'!$C$2:$SK$20,5,FALSE)>3,HLOOKUP($A7,'Z-scores'!$C$2:$SK$20,5,FALSE)<-3),"",'Total-corrected counts'!K7),"") -> 54.481851 | L7: =IFERROR(IF(OR(HLOOKUP($A7,'Z-scores'!$C$2:$SK$20,5,FALSE)>3,HLOOKUP($A7,'Z-scores'!$C$2:$SK$20,5,FALSE)<-3),"",'Total-corrected counts'!L7),"") -> 104.66314 | ... T7: =IFERROR(IF(OR(HLOOKUP($A7,'Z-scores'!$C$2:$SK$20,5,FALSE)>3,HLOOKUP($A7,'Z-scores'!$C$2:$SK$20,5,FALSE)<-3),"",'Total-corrected counts'!T7),"") -> 31.931893 | U7: =IFERROR(IF(X7-Y7=0,0,1),0) -> 1 | V7: =SUMIFS(Tabel132[Cluster],Tabel132[ID],'Total-corrected counts Z<3'!A7) -> 86 | W7: =IFERROR(_xlfn.T.TEST(E7:N7,O7:T7,2,2),"") -> 0.11959718 | X7: =IFERROR(AVERAGE(E7:N7),"") -> 71.130676 | Y7: =IFERROR(AVERAGE(O7:T7),"") -> 98.616753
A8: 6 | B8: internal capsule | C8: 107000 | D8: 784 | E8: =IFERROR(IF(OR(HLOOKUP($A8,'Z-scores'!$C$2:$SK$20,5,FALSE)>3,HLOOKUP($A8,'Z-scores'!$C$2:$SK$20,5,FALSE)<-3),"",'Total-corrected counts'!E8),"") -> 120.81774 | F8: =IFERROR(IF(OR(HLOOKUP($A8,'Z-scores'!$C$2:$SK$20,5,FALSE)>3,HLOOKUP($A8,'Z-scores'!$C$2:$SK$20,5,FALSE)<-3),"",'Total-corrected counts'!F8),"") -> 113.75671 | G8: =IFERROR(IF(OR(HLOOKUP($A8,'Z-scores'!$C$2:$SK$20,5,FALSE)>3,HLOOKUP($A8,'Z-scores'!$C$2:$SK$20,5,FALSE)<-3),"",'Total-corrected counts'!G8),"") -> 146.93755 | H8: =IFERROR(IF(OR(HLOOKUP($A8,'Z-scores'!$C$2:$SK$20,5,FALSE)>3,HLOOKUP($A8,'Z-scores'!$C$2:$SK$20,5,FALSE)<-3),"",'Total-corrected counts'!H8),"") -> 127.38546 | I8: =IFERROR(IF(OR(HLOOKUP($A8,'Z-scores'!$C$2:$SK$20,5,FALSE)>3,HLOOKUP($A8,'Z-scores'!$C$2:$SK$20,5,FALSE)<-3),"",'Total-corrected counts'!I8),"") -> 97.910504 | J8: =IFERROR(IF(OR(HLOOKUP($A8,'Z-scores'!$C$2:$SK$20,5,FALSE)>3,HLOOKUP($A8,'Z-scores'!$C$2:$SK$20,5,FALSE)<-3),"",'Total-corrected counts'!J8),"") -> 93.037262 | K8: =IFERROR(IF(OR(HLOOKUP($A8,'Z-scores'!$C$2:$SK$20,5,FALSE)>3,HLOOKUP($A8,'Z-scores'!$C$2:$SK$20,5,FALSE)<-3),"",'Total-corrected counts'!K8),"") -> 98.63033 | L8: =IFERROR(IF(OR(HLOOKUP($A8,'Z-scores'!$C$2:$SK$20,5,FALSE)>3,HLOOKUP($A8,'Z-scores'!$C$2:$SK$20,5,FALSE)<-3),"",'Total-corrected counts'!L8),"") -> 110.82258 | ... T8: =IFERROR(IF(OR(HLOOKUP($A8,'Z-scores'!$C$2:$SK$20,5,FALSE)>3,HLOOKUP($A8,'Z-scores'!$C$2:$SK$20,5,FALSE)<-3),"",'Total-corrected counts'!T8),"") -> 126.33507 | U8: =IFERROR(IF(X8-Y8=0,0,1),0) -> 1 | V8: =SUMIFS(Tabel132[Cluster],Tabel132[ID],'Total-corrected counts Z<3'!A8) -> 0 | W8: =IFERROR(_xlfn.T.TEST(E8:N8,O8:T8,2,2),"") -> 0.27163021 | X8: =IFERROR(AVERAGE(E8:N8),"") -> 120.74864 | Y8: =IFERROR(AVERAGE(O8:T8),"") -> 108.81222
A9: 7 | B9: Principal sensory nucleus of the trigeminal | C9: 85300 | D9: 1132 | E9: =IFERROR(IF(OR(HLOOKUP($A9,'Z-scores'!$C$2:$SK$20,5,FALSE)>3,HLOOKUP($A9,'Z-scores'!$C$2:$SK$20,5,FALSE)<-3),"",'Total-corrected counts'!E9),"") -> 7.8672476 | F9: =IFERROR(IF(OR(HLOOKUP($A9,'Z-scores'!$C$2:$SK$20,5,FALSE)>3,HLOOKUP($A9,'Z-scores'!$C$2:$SK$20,5,FALSE)<-3),"",'Total-corrected counts'!F9),"") -> 27.126529 | G9: =IFERROR(IF(OR(HLOOKUP($A9,'Z-scores'!$C$2:$SK$20,5,FALSE)>3,HLOOKUP($A9,'Z-scores'!$C$2:$SK$20,5,FALSE)<-3),"",'Total-corrected counts'!G9),"") -> 10.131059 | H9: =IFERROR(IF(OR(HLOOKUP($A9,'Z-scores'!$C$2:$SK$20,5,FALSE)>3,HLOOKUP($A9,'Z-scores'!$C$2:$SK$20,5,FALSE)<-3),"",'Total-corrected counts'!H9),"") -> 1.3148689 | I9: =IFERROR(IF(OR(HLOOKUP($A9,'Z-scores'!$C$2:$SK$20,5,FALSE)>3,HLOOKUP($A9,'Z-scores'!$C$2:$SK$20,5,FALSE)<-3),"",'Total-corrected counts'!I9),"") -> 4.0404472 | J9: =IFERROR(IF(OR(HLOOKUP($A9,'Z-scores'!$C$2:$SK$20,5,FALSE)>3,HLOOKUP($A9,'Z-scores'!$C$2:$SK$20,5,FALSE)<-3),"",'Total-corrected counts'!J9),"") -> 6.3697089 | K9: =IFERROR(IF(OR(HLOOKUP($A9,'Z-scores'!$C$2:$SK$20,5,FALSE)>3,HLOOKUP($A9,'Z-scores'!$C$2:$SK$20,5,FALSE)<-3),"",'Total-corrected counts'!K9),"") -> 0.91487284 | L9: =IFERROR(IF(OR(HLOOKUP($A9,'Z-scores'!$C$2:$SK$20,5,FALSE)>3,HLOOKUP($A9,'Z-scores'!$C$2:$SK$20,5,FALSE)<-3),"",'Total-corrected counts'!L9),"") -> 30.919345 | ... T9: =IFERROR(IF(OR(HLOOKUP($A9,'Z-scores'!$C$2:$SK$20,5,FALSE)>3,HLOOKUP($A9,'Z-scores'!$C$2:$SK$20,5,FALSE)<-3),"",'Total-corrected counts'!T9),"") -> 0.39590633 | U9: =IFERROR(IF(X9-Y9=0,0,1),0) -> 1 | V9: =SUMIFS(Tabel132[Cluster],Tabel132[ID],'Total-corrected counts Z<3'!A9) -> 93 | W9: =IFERROR(_xlfn.T.TEST(E9:N9,O9:T9,2,2),"") -> 0.55999512 | X9: =IFERROR(AVERAGE(E9:N9),"") -> 12.210633 | Y9: =IFERROR(AVERAGE(O9:T9),"") -> 15.858311
A10: 8 | B10: Basic cell groups and regions | C10: 100 | D10: 997 | E10: =IFERROR(IF(OR(HLOOKUP($A10,'Z-scores'!$C$2:$SK$20,5,FALSE)>3,HLOOKUP($A10,'Z-scores'!$C$2:$SK$20,5,FALSE)<-3),"",'Total-corrected counts'!E10),"") | F10: =IFERROR(IF(OR(HLOOKUP($A10,'Z-scores'!$C$2:$SK$20,5,FALSE)>3,HLOOKUP($A10,'Z-scores'!$C$2:$SK$20,5,FALSE)<-3),"",'Total-corrected counts'!F10),"") | G10: =IFERROR(IF(OR(HLOOKUP($A10,'Z-scores'!$C$2:$SK$20,5,FALSE)>3,HLOOKUP($A10,'Z-scores'!$C$2:$SK$20,5,FALSE)<-3),"",'Total-corrected counts'!G10),"") | H10: =IFERROR(IF(OR(HLOOKUP($A10,'Z-scores'!$C$2:$SK$20,5,FALSE)>3,HLOOKUP($A10,'Z-scores'!$C$2:$SK$20,5,FALSE)<-3),"",'Total-corrected counts'!H10),"") | I10: =IFERROR(IF(OR(HLOOKUP($A10,'Z-scores'!$C$2:$SK$20,5,FALSE)>3,HLOOKUP($A10,'Z-scores'!$C$2:$SK$20,5,FALSE)<-3),"",'Total-corrected counts'!I10),"") | J10: =IFERROR(IF(OR(HLOOKUP($A10,'Z-scores'!$C$2:$SK$20,5,FALSE)>3,HLOOKUP($A10,'Z-scores'!$C$2:$SK$20,5,FALSE)<-3),"",'Total-corrected counts'!J10),"") | K10: =IFERROR(IF(OR(HLOOKUP($A10,'Z-scores'!$C$2:$SK$20,5,FALSE)>3,HLOOKUP($A10,'Z-scores'!$C$2:$SK$20,5,FALSE)<-3),"",'Total-corrected counts'!K10),"") | L10: =IFERROR(IF(OR(HLOOKUP($A10,'Z-scores'!$C$2:$SK$20,5,FALSE)>3,HLOOKUP($A10,'Z-scores'!$C$2:$SK$20,5,FALSE)<-3),"",'Total-corrected counts'!L10),"") | ... T10: =IFERROR(IF(OR(HLOOKUP($A10,'Z-scores'!$C$2:$SK$20,5,FALSE)>3,HLOOKUP($A10,'Z-scores'!$C$2:$SK$20,5,FALSE)<-3),"",'Total-corrected counts'!T10),"") | U10: =IFERROR(IF(X10-Y10=0,0,1),0) -> 0 | V10: =SUMIFS(Tabel132[Cluster],Tabel132[ID],'Total-corrected counts Z<3'!A10) -> 0 | W10: =IFERROR(_xlfn.T.TEST(E10:N10,O10:T10,2,2),"") | X10: =IFERROR(AVERAGE(E10:N10),"") | Y10: =IFERROR(AVERAGE(O10:T10),"")
A11: 9 | B11: Primary somatosensory area, trunk, layer 6a | C11: 7500 | D11: 361 | E11: =IFERROR(IF(OR(HLOOKUP($A11,'Z-scores'!$C$2:$SK$20,5,FALSE)>3,HLOOKUP($A11,'Z-scores'!$C$2:$SK$20,5,FALSE)<-3),"",'Total-corrected counts'!E11),"") -> 3.6264643 | F11: =IFERROR(IF(OR(HLOOKUP($A11,'Z-scores'!$C$2:$SK$20,5,FALSE)>3,HLOOKUP($A11,'Z-scores'!$C$2:$SK$20,5,FALSE)<-3),"",'Total-corrected counts'!F11),"") -> 5.7794379 | G11: =IFERROR(IF(OR(HLOOKUP($A11,'Z-scores'!$C$2:$SK$20,5,FALSE)>3,HLOOKUP($A11,'Z-scores'!$C$2:$SK$20,5,FALSE)<-3),"",'Total-corrected counts'!G11),"") -> 11.157554 | H11: =IFERROR(IF(OR(HLOOKUP($A11,'Z-scores'!$C$2:$SK$20,5,FALSE)>3,HLOOKUP($A11,'Z-scores'!$C$2:$SK$20,5,FALSE)<-3),"",'Total-corrected counts'!H11),"") -> 1.2063017 | I11: =IFERROR(IF(OR(HLOOKUP($A11,'Z-scores'!$C$2:$SK$20,5,FALSE)>3,HLOOKUP($A11,'Z-scores'!$C$2:$SK$20,5,FALSE)<-3),"",'Total-corrected counts'!I11),"") -> 6.1169445 | J11: =IFERROR(IF(OR(HLOOKUP($A11,'Z-scores'!$C$2:$SK$20,5,FALSE)>3,HLOOKUP($A11,'Z-scores'!$C$2:$SK$20,5,FALSE)<-3),"",'Total-corrected counts'!J11),"") -> 1.0715958 | K11: =IFERROR(IF(OR(HLOOKUP($A11,'Z-scores'!$C$2:$SK$20,5,FALSE)>3,HLOOKUP($A11,'Z-scores'!$C$2:$SK$20,5,FALSE)<-3),"",'Total-corrected counts'!K11),"") -> 4.1697089 | L11: =IFERROR(IF(OR(HLOOKUP($A11,'Z-scores'!$C$2:$SK$20,5,FALSE)>3,HLOOKUP($A11,'Z-scores'!$C$2:$SK$20,5,FALSE)<-3),"",'Total-corrected counts'!L11),"") -> 4.1176048 | ... T11: =IFERROR(IF(OR(HLOOKUP($A11,'Z-scores'!$C$2:$SK$20,5,FALSE)>3,HLOOKUP($A11,'Z-scores'!$C$2:$SK$20,5,FALSE)<-3),"",'Total-corrected counts'!T11),"") -> 2.6826067 | U11: =IFERROR(IF(X11-Y11=0,0,1),0) -> 1 | V11: =SUMIFS(Tabel132[Cluster],Tabel132[ID],'Total-corrected counts Z<3'!A11) -> 10 | W11: =IFERROR(_xlfn.T.TEST(E11:N11,O11:T11,2,2),"") -> 0.97011626 | X11: =IFERROR(AVERAGE(E11:N11),"") -> 4.9760238 | Y11: =IFERROR(AVERAGE(O11:T11),"") -> 4.9222271
A12: 10 | B12: Superior colliculus, motor related, intermediate gray layer | C12: 81100 | D12: 294 | E12: =IFERROR(IF(OR(HLOOKUP($A12,'Z-scores'!$C$2:$SK$20,5,FALSE)>3,HLOOKUP($A12,'Z-scores'!$C$2:$SK$20,5,FALSE)<-3),"",'Total-corrected counts'!E12),"") -> 36.472719 | F12: =IFERROR(IF(OR(HLOOKUP($A12,'Z-scores'!$C$2:$SK$20,5,FALSE)>3,HLOOKUP($A12,'Z-scores'!$C$2:$SK$20,5,FALSE)<-3),"",'Total-corrected counts'!F12),"") -> 37.09417 | G12: =IFERROR(IF(OR(HLOOKUP($A12,'Z-scores'!$C$2:$SK$20,5,FALSE)>3,HLOOKUP($A12,'Z-scores'!$C$2:$SK$20,5,FALSE)<-3),"",'Total-corrected counts'!G12),"") -> 43.301228 | H12: =IFERROR(IF(OR(HLOOKUP($A12,'Z-scores'!$C$2:$SK$20,5,FALSE)>3,HLOOKUP($A12,'Z-scores'!$C$2:$SK$20,5,FALSE)<-3),"",'Total-corrected counts'!H12),"") -> 23.130835 | I12: =IFERROR(IF(OR(HLOOKUP($A12,'Z-scores'!$C$2:$SK$20,5,FALSE)>3,HLOOKUP($A12,'Z-scores'!$C$2:$SK$20,5,FALSE)<-3),"",'Total-corrected counts'!I12),"") -> 26.701841 | J12: =IFERROR(IF(OR(HLOOKUP($A12,'Z-scores'!$C$2:$SK$20,5,FALSE)>3,HLOOKUP($A12,'Z-scores'!$C$2:$SK$20,5,FALSE)<-3),"",'Total-corrected counts'!J12),"") -> 22.515484 | K12: =IFERROR(IF(OR(HLOOKUP($A12,'Z-scores'!$C$2:$SK$20,5,FALSE)>3,HLOOKUP($A12,'Z-scores'!$C$2:$SK$20,5,FALSE)<-3),"",'Total-corrected counts'!K12),"") -> 18.760758 | L12: =IFERROR(IF(OR(HLOOKUP($A12,'Z-scores'!$C$2:$SK$20,5,FALSE)>3,HLOOKUP($A12,'Z-scores'!$C$2:$SK$20,5,FALSE)<-3),"",'Total-corrected counts'!L12),"") -> 44.954476 | ... T12: =IFERROR(IF(OR(HLOOKUP($A12,'Z-scores'!$C$2:$SK$20,5,FALSE)>3,HLOOKUP($A12,'Z-scores'!$C$2:$SK$20,5,FALSE)<-3),"",'Total-corrected counts'!T12),"") -> 28.129827 | U12: =IFERROR(IF(X12-Y12=0,0,1),0) -> 1 | V12: =SUMIFS(Tabel132[Cluster],Tabel132[ID],'Total-corrected counts Z<3'!A12) -> 89 | W12: =IFERROR(_xlfn.T.TEST(E12:N12,O12:T12,2,2),"") -> 0.46816688 | X12: =IFERROR(AVERAGE(E12:N12),"") -> 33.371657 | Y12: =IFERROR(AVERAGE(O12:T12),"") -> 38.154258
A13: 11 | B13: posterolateral fissure | C13: 118300 | D13: 1040 | E13: =IFERROR(IF(OR(HLOOKUP($A13,'Z-scores'!$C$2:$SK$20,5,FALSE)>3,HLOOKUP($A13,'Z-scores'!$C$2:$SK$20,5,FALSE)<-3),"",'Total-corrected counts'!E13),"") | F13: =IFERROR(IF(OR(HLOOKUP($A13,'Z-scores'!$C$2:$SK$20,5,FALSE)>3,HLOOKUP($A13,'Z-scores'!$C$2:$SK$20,5,FALSE)<-3),"",'Total-corrected counts'!F13),"") | G13: =IFERROR(IF(OR(HLOOKUP($A13,'Z-scores'!$C$2:$SK$20,5,FALSE)>3,HLOOKUP($A13,'Z-scores'!$C$2:$SK$20,5,FALSE)<-3),"",'Total-corrected counts'!G13),"") | H13: =IFERROR(IF(OR(HLOOKUP($A13,'Z-scores'!$C$2:$SK$20,5,FALSE)>3,HLOOKUP($A13,'Z-scores'!$C$2:$SK$20,5,FALSE)<-3),"",'Total-corrected counts'!H13),"") | I13: =IFERROR(IF(OR(HLOOKUP($A13,'Z-scores'!$C$2:$SK$20,5,FALSE)>3,HLOOKUP($A13,'Z-scores'!$C$2:$SK$20,5,FALSE)<-3),"",'Total-corrected counts'!I13),"") | J13: =IFERROR(IF(OR(HLOOKUP($A13,'Z-scores'!$C$2:$SK$20,5,FALSE)>3,HLOOKUP($A13,'Z-scores'!$C$2:$SK$20,5,FALSE)<-3),"",'Total-corrected counts'!J13),"") | K13: =IFERROR(IF(OR(HLOOKUP($A13,'Z-scores'!$C$2:$SK$20,5,FALSE)>3,HLOOKUP($A13,'Z-scores'!$C$2:$SK$20,5,FALSE)<-3),"",'Total-corrected counts'!K13),"") | L13: =IFERROR(IF(OR(HLOOKUP($A13,'Z-scores'!$C$2:$SK$20,5,FALSE)>3,HLOOKUP($A13,'Z-scores'!$C$2:$SK$20,5,FALSE)<-3),"",'Total-corrected counts'!L13),"") | ... T13: =IFERROR(IF(OR(HLOOKUP($A13,'Z-scores'!$C$2:$SK$20,5,FALSE)>3,HLOOKUP($A13,'Z-scores'!$C$2:$SK$20,5,FALSE)<-3),"",'Total-corrected counts'!T13),"") | U13: =IFERROR(IF(X13-Y13=0,0,1),0) -> 0 | V13: =SUMIFS(Tabel132[Cluster],Tabel132[ID],'Total-corrected counts Z<3'!A13) -> 0 | W13: =IFERROR(_xlfn.T.TEST(E13:N13,O13:T13,2,2),"") | X13: =IFERROR(AVERAGE(E13:N13),"") | Y13: =IFERROR(AVERAGE(O13:T13),"")
A14: 12 | B14: Interfascicular nucleus raphÈ | C14: 84100 | D14: 165 | E14: =IFERROR(IF(OR(HLOOKUP($A14,'Z-scores'!$C$2:$SK$20,5,FALSE)>3,HLOOKUP($A14,'Z-scores'!$C$2:$SK$20,5,FALSE)<-3),"",'Total-corrected counts'!E14),"") | F14: =IFERROR(IF(OR(HLOOKUP($A14,'Z-scores'!$C$2:$SK$20,5,FALSE)>3,HLOOKUP($A14,'Z-scores'!$C$2:$SK$20,5,FALSE)<-3),"",'Total-corrected counts'!F14),"") | G14: =IFERROR(IF(OR(HLOOKUP($A14,'Z-scores'!$C$2:$SK$20,5,FALSE)>3,HLOOKUP($A14,'Z-scores'!$C$2:$SK$20,5,FALSE)<-3),"",'Total-corrected counts'!G14),"") | H14: =IFERROR(IF(OR(HLOOKUP($A14,'Z-scores'!$C$2:$SK$20,5,FALSE)>3,HLOOKUP($A14,'Z-scores'!$C$2:$SK$20,5,FALSE)<-3),"",'Total-corrected counts'!H14),"") | I14: =IFERROR(IF(OR(HLOOKUP($A14,'Z-scores'!$C$2:$SK$20,5,FALSE)>3,HLOOKUP($A14,'Z-scores'!$C$2:$SK$20,5,FALSE)<-3),"",'Total-corrected counts'!I14),"") | J14: =IFERROR(IF(OR(HLOOKUP($A14,'Z-scores'!$C$2:$SK$20,5,FALSE)>3,HLOOKUP($A14,'Z-scores'!$C$2:$SK$20,5,FALSE)<-3),"",'Total-corrected counts'!J14),"") | K14: =IFERROR(IF(OR(HLOOKUP($A14,'Z-scores'!$C$2:$SK$20,5,FALSE)>3,HLOOKUP($A14,'Z-scores'!$C$2:$SK$20,5,FALSE)<-3),"",'Total-corrected counts'!K14),"") | L14: =IFERROR(IF(OR(HLOOKUP($A14,'Z-scores'!$C$2:$SK$20,5,FALSE)>3,HLOOKUP($A14,'Z-scores'!$C$2:$SK$20,5,FALSE)<-3),"",'Total-corrected counts'!L14),"") | ... T14: =IFERROR(IF(OR(HLOOKUP($A14,'Z-scores'!$C$2:$SK$20,5,FALSE)>3,HLOOKUP($A14,'Z-scores'!$C$2:$SK$20,5,FALSE)<-3),"",'Total-corrected counts'!T14),"") | U14: =IFERROR(IF(X14-Y14=0,0,1),0) -> 0 | V14: =SUMIFS(Tabel132[Cluster],Tabel132[ID],'Total-corrected counts Z<3'!A14) -> 92 | W14: =IFERROR(_xlfn.T.TEST(E14:N14,O14:T14,2,2),"") | X14: =IFERROR(AVERAGE(E14:N14),"") | Y14: =IFERROR(AVERAGE(O14:T14),"")
A15: 14 | B15: internal medullary lamina of the thalamus | C15: 108200 | D15: 896 | E15: =IFERROR(IF(OR(HLOOKUP($A15,'Z-scores'!$C$2:$SK$20,5,FALSE)>3,HLOOKUP($A15,'Z-scores'!$C$2:$SK$20,5,FALSE)<-3),"",'Total-corrected counts'!E15),"") | F15: =IFERROR(IF(OR(HLOOKUP($A15,'Z-scores'!$C$2:$SK$20,5,FALSE)>3,HLOOKUP($A15,'Z-scores'!$C$2:$SK$20,5,FALSE)<-3),"",'Total-corrected counts'!F15),"") | G15: =IFERROR(IF(OR(HLOOKUP($A15,'Z-scores'!$C$2:$SK$20,5,FALSE)>3,HLOOKUP($A15,'Z-scores'!$C$2:$SK$20,5,FALSE)<-3),"",'Total-corrected counts'!G15),"") | H15: =IFERROR(IF(OR(HLOOKUP($A15,'Z-scores'!$C$2:$SK$20,5,FALSE)>3,HLOOKUP($A15,'Z-scores'!$C$2:$SK$20,5,FALSE)<-3),"",'Total-corrected counts'!H15),"") | I15: =IFERROR(IF(OR(HLOOKUP($A15,'Z-scores'!$C$2:$SK$20,5,FALSE)>3,HLOOKUP($A15,'Z-scores'!$C$2:$SK$20,5,FALSE)<-3),"",'Total-corrected counts'!I15),"") | J15: =IFERROR(IF(OR(HLOOKUP($A15,'Z-scores'!$C$2:$SK$20,5,FALSE)>3,HLOOKUP($A15,'Z-scores'!$C$2:$SK$20,5,FALSE)<-3),"",'Total-corrected counts'!J15),"") | K15: =IFERROR(IF(OR(HLOOKUP($A15,'Z-scores'!$C$2:$SK$20,5,FALSE)>3,HLOOKUP($A15,'Z-scores'!$C$2:$SK$20,5,FALSE)<-3),"",'Total-corrected counts'!K15),"") | L15: =IFERROR(IF(OR(HLOOKUP($A15,'Z-scores'!$C$2:$SK$20,5,FALSE)>3,HLOOKUP($A15,'Z-scores'!$C$2:$SK$20,5,FALSE)<-3),"",'Total-corrected counts'!L15),"") | ... T15: =IFERROR(IF(OR(HLOOKUP($A15,'Z-scores'!$C$2:$SK$20,5,FALSE)>3,HLOOKUP($A15,'Z-scores'!$C$2:$SK$20,5,FALSE)<-3),"",'Total-corrected counts'!T15),"") | U15: =IFERROR(IF(X15-Y15=0,0,1),0) -> 0 | V15: =SUMIFS(Tabel132[Cluster],Tabel132[ID],'Total-corrected counts Z<3'!A15) -> 0 | W15: =IFERROR(_xlfn.T.TEST(E15:N15,O15:T15,2,2),"") | X15: =IFERROR(AVERAGE(E15:N15),"") | Y15: =IFERROR(AVERAGE(O15:T15),"")
... A988: 996 | B988: Agranular insular area, dorsal part, layer 1 | C988: 23500 | D988: 104 | E988: =IFERROR(IF(OR(HLOOKUP($A988,'Z-scores'!$C$2:$SK$20,5,FALSE)>3,HLOOKUP($A988,'Z-scores'!$C$2:$SK$20,5,FALSE)<-3),"",'Total-corrected counts'!E988),"") -> 7.743393 | F988: =IFERROR(IF(OR(HLOOKUP($A988,'Z-scores'!$C$2:$SK$20,5,FALSE)>3,HLOOKUP($A988,'Z-scores'!$C$2:$SK$20,5,FALSE)<-3),"",'Total-corrected counts'!F988),"") -> 8.2064241 | G988: =IFERROR(IF(OR(HLOOKUP($A988,'Z-scores'!$C$2:$SK$20,5,FALSE)>3,HLOOKUP($A988,'Z-scores'!$C$2:$SK$20,5,FALSE)<-3),"",'Total-corrected counts'!G988),"") -> 4.3539255 | H988: =IFERROR(IF(OR(HLOOKUP($A988,'Z-scores'!$C$2:$SK$20,5,FALSE)>3,HLOOKUP($A988,'Z-scores'!$C$2:$SK$20,5,FALSE)<-3),"",'Total-corrected counts'!H988),"") -> 8.3596709 | I988: =IFERROR(IF(OR(HLOOKUP($A988,'Z-scores'!$C$2:$SK$20,5,FALSE)>3,HLOOKUP($A988,'Z-scores'!$C$2:$SK$20,5,FALSE)<-3),"",'Total-corrected counts'!I988),"") -> 12.672823 | J988: =IFERROR(IF(OR(HLOOKUP($A988,'Z-scores'!$C$2:$SK$20,5,FALSE)>3,HLOOKUP($A988,'Z-scores'!$C$2:$SK$20,5,FALSE)<-3),"",'Total-corrected counts'!J988),"") -> 7.4472913 | K988: =IFERROR(IF(OR(HLOOKUP($A988,'Z-scores'!$C$2:$SK$20,5,FALSE)>3,HLOOKUP($A988,'Z-scores'!$C$2:$SK$20,5,FALSE)<-3),"",'Total-corrected counts'!K988),"") -> 16.168618 | L988: =IFERROR(IF(OR(HLOOKUP($A988,'Z-scores'!$C$2:$SK$20,5,FALSE)>3,HLOOKUP($A988,'Z-scores'!$C$2:$SK$20,5,FALSE)<-3),"",'Total-corrected counts'!L988),"") -> 7.5839903 | ... T988: =IFERROR(IF(OR(HLOOKUP($A988,'Z-scores'!$C$2:$SK$20,5,FALSE)>3,HLOOKUP($A988,'Z-scores'!$C$2:$SK$20,5,FALSE)<-3),"",'Total-corrected counts'!T988),"") -> 40.116233 | U988: =IFERROR(IF(X988-Y988=0,0,1),0) -> 1 | V988: =SUMIFS(Tabel132[Cluster],Tabel132[ID],'Total-corrected counts Z<3'!A988) -> 30 | W988: =IFERROR(_xlfn.T.TEST(E988:N988,O988:T988,2,2),"") -> 0.3774266 | X988: =IFERROR(AVERAGE(E988:N988),"") -> 8.7397868 | Y988: =IFERROR(AVERAGE(O988:T988),"") -> 12.787935
A989: 997 | B989: root | C989: 0 | E989: =IFERROR(IF(OR(HLOOKUP($A989,'Z-scores'!$C$2:$SK$20,5,FALSE)>3,HLOOKUP($A989,'Z-scores'!$C$2:$SK$20,5,FALSE)<-3),"",'Total-corrected counts'!E989),"") -> 0.0099083723 | F989: =IFERROR(IF(OR(HLOOKUP($A989,'Z-scores'!$C$2:$SK$20,5,FALSE)>3,HLOOKUP($A989,'Z-scores'!$C$2:$SK$20,5,FALSE)<-3),"",'Total-corrected counts'!F989),"") -> 0.014165289 | G989: =IFERROR(IF(OR(HLOOKUP($A989,'Z-scores'!$C$2:$SK$20,5,FALSE)>3,HLOOKUP($A989,'Z-scores'!$C$2:$SK$20,5,FALSE)<-3),"",'Total-corrected counts'!G989),"") -> 0.014876739 | H989: =IFERROR(IF(OR(HLOOKUP($A989,'Z-scores'!$C$2:$SK$20,5,FALSE)>3,HLOOKUP($A989,'Z-scores'!$C$2:$SK$20,5,FALSE)<-3),"",'Total-corrected counts'!H989),"") -> 0.0060315086 | I989: =IFERROR(IF(OR(HLOOKUP($A989,'Z-scores'!$C$2:$SK$20,5,FALSE)>3,HLOOKUP($A989,'Z-scores'!$C$2:$SK$20,5,FALSE)<-3),"",'Total-corrected counts'!I989),"") -> 0 | J989: =IFERROR(IF(OR(HLOOKUP($A989,'Z-scores'!$C$2:$SK$20,5,FALSE)>3,HLOOKUP($A989,'Z-scores'!$C$2:$SK$20,5,FALSE)<-3),"",'Total-corrected counts'!J989),"") -> 0.0059865685 | K989: =IFERROR(IF(OR(HLOOKUP($A989,'Z-scores'!$C$2:$SK$20,5,FALSE)>3,HLOOKUP($A989,'Z-scores'!$C$2:$SK$20,5,FALSE)<-3),"",'Total-corrected counts'!K989),"") -> 0.029322847 | L989: =IFERROR(IF(OR(HLOOKUP($A989,'Z-scores'!$C$2:$SK$20,5,FALSE)>3,HLOOKUP($A989,'Z-scores'!$C$2:$SK$20,5,FALSE)<-3),"",'Total-corrected counts'!L989),"") -> 0 | ... T989: =IFERROR(IF(OR(HLOOKUP($A989,'Z-scores'!$C$2:$SK$20,5,FALSE)>3,HLOOKUP($A989,'Z-scores'!$C$2:$SK$20,5,FALSE)<-3),"",'Total-corrected counts'!T989),"") -> 0.047781798 | U989: =IFERROR(IF(X989-Y989=0,0,1),0) -> 1 | V989: =SUMIFS(Tabel132[Cluster],Tabel132[ID],'Total-corrected counts Z<3'!A989) -> 0 | W989: =IFERROR(_xlfn.T.TEST(E989:N989,O989:T989,2,2),"") -> 0.040444738 | X989: =IFERROR(AVERAGE(E989:N989),"") -> 0.0080291325 | Y989: =IFERROR(AVERAGE(O989:T989),"") -> 0.023644307
A990: 998 | B990: Fundus of striatum | C990: 48500 | D990: 493 | E990: =IFERROR(IF(OR(HLOOKUP($A990,'Z-scores'!$C$2:$SK$20,5,FALSE)>3,HLOOKUP($A990,'Z-scores'!$C$2:$SK$20,5,FALSE)<-3),"",'Total-corrected counts'!E990),"") -> 13.24254 | F990: =IFERROR(IF(OR(HLOOKUP($A990,'Z-scores'!$C$2:$SK$20,5,FALSE)>3,HLOOKUP($A990,'Z-scores'!$C$2:$SK$20,5,FALSE)<-3),"",'Total-corrected counts'!F990),"") -> 10.047912 | G990: =IFERROR(IF(OR(HLOOKUP($A990,'Z-scores'!$C$2:$SK$20,5,FALSE)>3,HLOOKUP($A990,'Z-scores'!$C$2:$SK$20,5,FALSE)<-3),"",'Total-corrected counts'!G990),"") -> 8.4847 | H990: =IFERROR(IF(OR(HLOOKUP($A990,'Z-scores'!$C$2:$SK$20,5,FALSE)>3,HLOOKUP($A990,'Z-scores'!$C$2:$SK$20,5,FALSE)<-3),"",'Total-corrected counts'!H990),"") -> 16.03175 | I990: =IFERROR(IF(OR(HLOOKUP($A990,'Z-scores'!$C$2:$SK$20,5,FALSE)>3,HLOOKUP($A990,'Z-scores'!$C$2:$SK$20,5,FALSE)<-3),"",'Total-corrected counts'!I990),"") -> 13.072366 | J990: =IFERROR(IF(OR(HLOOKUP($A990,'Z-scores'!$C$2:$SK$20,5,FALSE)>3,HLOOKUP($A990,'Z-scores'!$C$2:$SK$20,5,FALSE)<-3),"",'Total-corrected counts'!J990),"") -> 8.0818675 | K990: =IFERROR(IF(OR(HLOOKUP($A990,'Z-scores'!$C$2:$SK$20,5,FALSE)>3,HLOOKUP($A990,'Z-scores'!$C$2:$SK$20,5,FALSE)<-3),"",'Total-corrected counts'!K990),"") -> 11.787785 | L990: =IFERROR(IF(OR(HLOOKUP($A990,'Z-scores'!$C$2:$SK$20,5,FALSE)>3,HLOOKUP($A990,'Z-scores'!$C$2:$SK$20,5,FALSE)<-3),"",'Total-corrected counts'!L990),"") -> 8.6150874 | ... T990: =IFERROR(IF(OR(HLOOKUP($A990,'Z-scores'!$C$2:$SK$20,5,FALSE)>3,HLOOKUP($A990,'Z-scores'!$C$2:$SK$20,5,FALSE)<-3),"",'Total-corrected counts'!T990),"") -> 8.5597679 | U990: =IFERROR(IF(X990-Y990=0,0,1),0) -> 1 | V990: =SUMIFS(Tabel132[Cluster],Tabel132[ID],'Total-corrected counts Z<3'!A990) -> 64 | W990: =IFERROR(_xlfn.T.TEST(E990:N990,O990:T990,2,2),"") -> 0.77573473 | X990: =IFERROR(AVERAGE(E990:N990),"") -> 10.381319 | Y990: =IFERROR(AVERAGE(O990:T990),"") -> 9.9782263
A991: 999 | B991: Entorhinal area, lateral part, layer 2/3 | C991: 41600 | D991: 918 | E991: =IFERROR(IF(OR(HLOOKUP($A991,'Z-scores'!$C$2:$SK$20,5,FALSE)>3,HLOOKUP($A991,'Z-scores'!$C$2:$SK$20,5,FALSE)<-3),"",'Total-corrected counts'!E991),"") | F991: =IFERROR(IF(OR(HLOOKUP($A991,'Z-scores'!$C$2:$SK$20,5,FALSE)>3,HLOOKUP($A991,'Z-scores'!$C$2:$SK$20,5,FALSE)<-3),"",'Total-corrected counts'!F991),"") | G991: =IFERROR(IF(OR(HLOOKUP($A991,'Z-scores'!$C$2:$SK$20,5,FALSE)>3,HLOOKUP($A991,'Z-scores'!$C$2:$SK$20,5,FALSE)<-3),"",'Total-corrected counts'!G991),"") | H991: =IFERROR(IF(OR(HLOOKUP($A991,'Z-scores'!$C$2:$SK$20,5,FALSE)>3,HLOOKUP($A991,'Z-scores'!$C$2:$SK$20,5,FALSE)<-3),"",'Total-corrected counts'!H991),"") | I991: =IFERROR(IF(OR(HLOOKUP($A991,'Z-scores'!$C$2:$SK$20,5,FALSE)>3,HLOOKUP($A991,'Z-scores'!$C$2:$SK$20,5,FALSE)<-3),"",'Total-corrected counts'!I991),"") | J991: =IFERROR(IF(OR(HLOOKUP($A991,'Z-scores'!$C$2:$SK$20,5,FALSE)>3,HLOOKUP($A991,'Z-scores'!$C$2:$SK$20,5,FALSE)<-3),"",'Total-corrected counts'!J991),"") | K991: =IFERROR(IF(OR(HLOOKUP($A991,'Z-scores'!$C$2:$SK$20,5,FALSE)>3,HLOOKUP($A991,'Z-scores'!$C$2:$SK$20,5,FALSE)<-3),"",'Total-corrected counts'!K991),"") | L991: =IFERROR(IF(OR(HLOOKUP($A991,'Z-scores'!$C$2:$SK$20,5,FALSE)>3,HLOOKUP($A991,'Z-scores'!$C$2:$SK$20,5,FALSE)<-3),"",'Total-corrected counts'!L991),"") | ... T991: =IFERROR(IF(OR(HLOOKUP($A991,'Z-scores'!$C$2:$SK$20,5,FALSE)>3,HLOOKUP($A991,'Z-scores'!$C$2:$SK$20,5,FALSE)<-3),"",'Total-corrected counts'!T991),"") | U991: =IFERROR(IF(X991-Y991=0,0,1),0) -> 0 | V991: =SUMIFS(Tabel132[Cluster],Tabel132[ID],'Total-corrected counts Z<3'!A991) -> 54 | W991: =IFERROR(_xlfn.T.TEST(E991:N991,O991:T991,2,2),"") | X991: =IFERROR(AVERAGE(E991:N991),"") | Y991: =IFERROR(AVERAGE(O991:T991),"")
A992: 1000 | B992: extrapyramidal fiber systems | C992: 108500 | D992: 1009 | E992: =IFERROR(IF(OR(HLOOKUP($A992,'Z-scores'!$C$2:$SK$20,5,FALSE)>3,HLOOKUP($A992,'Z-scores'!$C$2:$SK$20,5,FALSE)<-3),"",'Total-corrected counts'!E992),"") | F992: =IFERROR(IF(OR(HLOOKUP($A992,'Z-scores'!$C$2:$SK$20,5,FALSE)>3,HLOOKUP($A992,'Z-scores'!$C$2:$SK$20,5,FALSE)<-3),"",'Total-corrected counts'!F992),"") | G992: =IFERROR(IF(OR(HLOOKUP($A992,'Z-scores'!$C$2:$SK$20,5,FALSE)>3,HLOOKUP($A992,'Z-scores'!$C$2:$SK$20,5,FALSE)<-3),"",'Total-corrected counts'!G992),"") | H992: =IFERROR(IF(OR(HLOOKUP($A992,'Z-scores'!$C$2:$SK$20,5,FALSE)>3,HLOOKUP($A992,'Z-scores'!$C$2:$SK$20,5,FALSE)<-3),"",'Total-corrected counts'!H992),"") | I992: =IFERROR(IF(OR(HLOOKUP($A992,'Z-scores'!$C$2:$SK$20,5,FALSE)>3,HLOOKUP($A992,'Z-scores'!$C$2:$SK$20,5,FALSE)<-3),"",'Total-corrected counts'!I992),"") | J992: =IFERROR(IF(OR(HLOOKUP($A992,'Z-scores'!$C$2:$SK$20,5,FALSE)>3,HLOOKUP($A992,'Z-scores'!$C$2:$SK$20,5,FALSE)<-3),"",'Total-corrected counts'!J992),"") | K992: =IFERROR(IF(OR(HLOOKUP($A992,'Z-scores'!$C$2:$SK$20,5,FALSE)>3,HLOOKUP($A992,'Z-scores'!$C$2:$SK$20,5,FALSE)<-3),"",'Total-corrected counts'!K992),"") | L992: =IFERROR(IF(OR(HLOOKUP($A992,'Z-scores'!$C$2:$SK$20,5,FALSE)>3,HLOOKUP($A992,'Z-scores'!$C$2:$SK$20,5,FALSE)<-3),"",'Total-corrected counts'!L992),"") | ... T992: =IFERROR(IF(OR(HLOOKUP($A992,'Z-scores'!$C$2:$SK$20,5,FALSE)>3,HLOOKUP($A992,'Z-scores'!$C$2:$SK$20,5,FALSE)<-3),"",'Total-corrected counts'!T992),"") | U992: =IFERROR(IF(X992-Y992=0,0,1),0) -> 0 | V992: =SUMIFS(Tabel132[Cluster],Tabel132[ID],'Total-corrected counts Z<3'!A992) -> 0 | W992: =IFERROR(_xlfn.T.TEST(E992:N992,O992:T992,2,2),"") | X992: =IFERROR(AVERAGE(E992:N992),"") | Y992: =IFERROR(AVERAGE(O992:T992),"")
A993: 1001 | B993: Lobule V | C993: 56800 | D993: 928 | E993: =IFERROR(IF(OR(HLOOKUP($A993,'Z-scores'!$C$2:$SK$20,5,FALSE)>3,HLOOKUP($A993,'Z-scores'!$C$2:$SK$20,5,FALSE)<-3),"",'Total-corrected counts'!E993),"") | F993: =IFERROR(IF(OR(HLOOKUP($A993,'Z-scores'!$C$2:$SK$20,5,FALSE)>3,HLOOKUP($A993,'Z-scores'!$C$2:$SK$20,5,FALSE)<-3),"",'Total-corrected counts'!F993),"") | G993: =IFERROR(IF(OR(HLOOKUP($A993,'Z-scores'!$C$2:$SK$20,5,FALSE)>3,HLOOKUP($A993,'Z-scores'!$C$2:$SK$20,5,FALSE)<-3),"",'Total-corrected counts'!G993),"") | H993: =IFERROR(IF(OR(HLOOKUP($A993,'Z-scores'!$C$2:$SK$20,5,FALSE)>3,HLOOKUP($A993,'Z-scores'!$C$2:$SK$20,5,FALSE)<-3),"",'Total-corrected counts'!H993),"") | I993: =IFERROR(IF(OR(HLOOKUP($A993,'Z-scores'!$C$2:$SK$20,5,FALSE)>3,HLOOKUP($A993,'Z-scores'!$C$2:$SK$20,5,FALSE)<-3),"",'Total-corrected counts'!I993),"") | J993: =IFERROR(IF(OR(HLOOKUP($A993,'Z-scores'!$C$2:$SK$20,5,FALSE)>3,HLOOKUP($A993,'Z-scores'!$C$2:$SK$20,5,FALSE)<-3),"",'Total-corrected counts'!J993),"") | K993: =IFERROR(IF(OR(HLOOKUP($A993,'Z-scores'!$C$2:$SK$20,5,FALSE)>3,HLOOKUP($A993,'Z-scores'!$C$2:$SK$20,5,FALSE)<-3),"",'Total-corrected counts'!K993),"") | L993: =IFERROR(IF(OR(HLOOKUP($A993,'Z-scores'!$C$2:$SK$20,5,FALSE)>3,HLOOKUP($A993,'Z-scores'!$C$2:$SK$20,5,FALSE)<-3),"",'Total-corrected counts'!L993),"") | ... T993: =IFERROR(IF(OR(HLOOKUP($A993,'Z-scores'!$C$2:$SK$20,5,FALSE)>3,HLOOKUP($A993,'Z-scores'!$C$2:$SK$20,5,FALSE)<-3),"",'Total-corrected counts'!T993),"") | U993: =IFERROR(IF(X993-Y993=0,0,1),0) -> 0 | V993: =SUMIFS(Tabel132[Cluster],Tabel132[ID],'Total-corrected counts Z<3'!A993) -> 0 | W993: =IFERROR(_xlfn.T.TEST(E993:N993,O993:T993,2,2),"") | X993: =IFERROR(AVERAGE(E993:N993),"") | Y993: =IFERROR(AVERAGE(O993:T993),"")
A994: 1002 | B994: Primary auditory area | C994: 11300 | D994: 247 | E994: =IFERROR(IF(OR(HLOOKUP($A994,'Z-scores'!$C$2:$SK$20,5,FALSE)>3,HLOOKUP($A994,'Z-scores'!$C$2:$SK$20,5,FALSE)<-3),"",'Total-corrected counts'!E994),"") | F994: =IFERROR(IF(OR(HLOOKUP($A994,'Z-scores'!$C$2:$SK$20,5,FALSE)>3,HLOOKUP($A994,'Z-scores'!$C$2:$SK$20,5,FALSE)<-3),"",'Total-corrected counts'!F994),"") | G994: =IFERROR(IF(OR(HLOOKUP($A994,'Z-scores'!$C$2:$SK$20,5,FALSE)>3,HLOOKUP($A994,'Z-scores'!$C$2:$SK$20,5,FALSE)<-3),"",'Total-corrected counts'!G994),"") | H994: =IFERROR(IF(OR(HLOOKUP($A994,'Z-scores'!$C$2:$SK$20,5,FALSE)>3,HLOOKUP($A994,'Z-scores'!$C$2:$SK$20,5,FALSE)<-3),"",'Total-corrected counts'!H994),"") | I994: =IFERROR(IF(OR(HLOOKUP($A994,'Z-scores'!$C$2:$SK$20,5,FALSE)>3,HLOOKUP($A994,'Z-scores'!$C$2:$SK$20,5,FALSE)<-3),"",'Total-corrected counts'!I994),"") | J994: =IFERROR(IF(OR(HLOOKUP($A994,'Z-scores'!$C$2:$SK$20,5,FALSE)>3,HLOOKUP($A994,'Z-scores'!$C$2:$SK$20,5,FALSE)<-3),"",'Total-corrected counts'!J994),"") | K994: =IFERROR(IF(OR(HLOOKUP($A994,'Z-scores'!$C$2:$SK$20,5,FALSE)>3,HLOOKUP($A994,'Z-scores'!$C$2:$SK$20,5,FALSE)<-3),"",'Total-corrected counts'!K994),"") | L994: =IFERROR(IF(OR(HLOOKUP($A994,'Z-scores'!$C$2:$SK$20,5,FALSE)>3,HLOOKUP($A994,'Z-scores'!$C$2:$SK$20,5,FALSE)<-3),"",'Total-corrected counts'!L994),"") | ... T994: =IFERROR(IF(OR(HLOOKUP($A994,'Z-scores'!$C$2:$SK$20,5,FALSE)>3,HLOOKUP($A994,'Z-scores'!$C$2:$SK$20,5,FALSE)<-3),"",'Total-corrected counts'!T994),"") | U994: =IFERROR(IF(X994-Y994=0,0,1),0) -> 0 | V994: =SUMIFS(Tabel132[Cluster],Tabel132[ID],'Total-corrected counts Z<3'!A994) -> 15 | W994: =IFERROR(_xlfn.T.TEST(E994:N994,O994:T994,2,2),"") | X994: =IFERROR(AVERAGE(E994:N994),"") | Y994: =IFERROR(AVERAGE(O994:T994),"")
A995: 1003 | B995: corticopontine tract | C995: 107400 | D995: 784 | E995: =IFERROR(IF(OR(HLOOKUP($A995,'Z-scores'!$C$2:$SK$20,5,FALSE)>3,HLOOKUP($A995,'Z-scores'!$C$2:$SK$20,5,FALSE)<-3),"",'Total-corrected counts'!E995),"") | F995: =IFERROR(IF(OR(HLOOKUP($A995,'Z-scores'!$C$2:$SK$20,5,FALSE)>3,HLOOKUP($A995,'Z-scores'!$C$2:$SK$20,5,FALSE)<-3),"",'Total-corrected counts'!F995),"") | G995: =IFERROR(IF(OR(HLOOKUP($A995,'Z-scores'!$C$2:$SK$20,5,FALSE)>3,HLOOKUP($A995,'Z-scores'!$C$2:$SK$20,5,FALSE)<-3),"",'Total-corrected counts'!G995),"") | H995: =IFERROR(IF(OR(HLOOKUP($A995,'Z-scores'!$C$2:$SK$20,5,FALSE)>3,HLOOKUP($A995,'Z-scores'!$C$2:$SK$20,5,FALSE)<-3),"",'Total-corrected counts'!H995),"") | I995: =IFERROR(IF(OR(HLOOKUP($A995,'Z-scores'!$C$2:$SK$20,5,FALSE)>3,HLOOKUP($A995,'Z-scores'!$C$2:$SK$20,5,FALSE)<-3),"",'Total-corrected counts'!I995),"") | J995: =IFERROR(IF(OR(HLOOKUP($A995,'Z-scores'!$C$2:$SK$20,5,FALSE)>3,HLOOKUP($A995,'Z-scores'!$C$2:$SK$20,5,FALSE)<-3),"",'Total-corrected counts'!J995),"") | K995: =IFERROR(IF(OR(HLOOKUP($A995,'Z-scores'!$C$2:$SK$20,5,FALSE)>3,HLOOKUP($A995,'Z-scores'!$C$2:$SK$20,5,FALSE)<-3),"",'Total-corrected counts'!K995),"") | L995: =IFERROR(IF(OR(HLOOKUP($A995,'Z-scores'!$C$2:$SK$20,5,FALSE)>3,HLOOKUP($A995,'Z-scores'!$C$2:$SK$20,5,FALSE)<-3),"",'Total-corrected counts'!L995),"") | ... T995: =IFERROR(IF(OR(HLOOKUP($A995,'Z-scores'!$C$2:$SK$20,5,FALSE)>3,HLOOKUP($A995,'Z-scores'!$C$2:$SK$20,5,FALSE)<-3),"",'Total-corrected counts'!T995),"") | U995: =IFERROR(IF(X995-Y995=0,0,1),0) -> 0 | V995: =SUMIFS(Tabel132[Cluster],Tabel132[ID],'Total-corrected counts Z<3'!A995) -> 0 | W995: =IFERROR(_xlfn.T.TEST(E995:N995,O995:T995,2,2),"") | X995: =IFERROR(AVERAGE(E995:N995),"") | Y995: =IFERROR(AVERAGE(O995:T995),"")
A996: 1004 | B996: Ventral premammillary nucleus | C996: 76100 | D996: 467 | E996: =IFERROR(IF(OR(HLOOKUP($A996,'Z-scores'!$C$2:$SK$20,5,FALSE)>3,HLOOKUP($A996,'Z-scores'!$C$2:$SK$20,5,FALSE)<-3),"",'Total-corrected counts'!E996),"") -> 0.30220536 | F996: =IFERROR(IF(OR(HLOOKUP($A996,'Z-scores'!$C$2:$SK$20,5,FALSE)>3,HLOOKUP($A996,'Z-scores'!$C$2:$SK$20,5,FALSE)<-3),"",'Total-corrected counts'!F996),"") -> 0.084991735 | G996: =IFERROR(IF(OR(HLOOKUP($A996,'Z-scores'!$C$2:$SK$20,5,FALSE)>3,HLOOKUP($A996,'Z-scores'!$C$2:$SK$20,5,FALSE)<-3),"",'Total-corrected counts'!G996),"") -> 0.27769912 | H996: =IFERROR(IF(OR(HLOOKUP($A996,'Z-scores'!$C$2:$SK$20,5,FALSE)>3,HLOOKUP($A996,'Z-scores'!$C$2:$SK$20,5,FALSE)<-3),"",'Total-corrected counts'!H996),"") -> 0.0060315086 | I996: =IFERROR(IF(OR(HLOOKUP($A996,'Z-scores'!$C$2:$SK$20,5,FALSE)>3,HLOOKUP($A996,'Z-scores'!$C$2:$SK$20,5,FALSE)<-3),"",'Total-corrected counts'!I996),"") -> 2.2847097 | J996: =IFERROR(IF(OR(HLOOKUP($A996,'Z-scores'!$C$2:$SK$20,5,FALSE)>3,HLOOKUP($A996,'Z-scores'!$C$2:$SK$20,5,FALSE)<-3),"",'Total-corrected counts'!J996),"") -> 0.029932843 | K996: =IFERROR(IF(OR(HLOOKUP($A996,'Z-scores'!$C$2:$SK$20,5,FALSE)>3,HLOOKUP($A996,'Z-scores'!$C$2:$SK$20,5,FALSE)<-3),"",'Total-corrected counts'!K996),"") -> 0 | L996: =IFERROR(IF(OR(HLOOKUP($A996,'Z-scores'!$C$2:$SK$20,5,FALSE)>3,HLOOKUP($A996,'Z-scores'!$C$2:$SK$20,5,FALSE)<-3),"",'Total-corrected counts'!L996),"") -> 0.50198147 | ... T996: =IFERROR(IF(OR(HLOOKUP($A996,'Z-scores'!$C$2:$SK$20,5,FALSE)>3,HLOOKUP($A996,'Z-scores'!$C$2:$SK$20,5,FALSE)<-3),"",'Total-corrected counts'!T996),"") -> 0 | U996: =IFERROR(IF(X996-Y996=0,0,1),0) -> 1 | V996: =SUMIFS(Tabel132[Cluster],Tabel132[ID],'Total-corrected counts Z<3'!A996) -> 84 | W996: =IFERROR(_xlfn.T.TEST(E996:N996,O996:T996,2,2),"") -> 0.77570697 | X996: =IFERROR(AVERAGE(E996:N996),"") -> 0.35901526 | Y996: =IFERROR(AVERAGE(O996:T996),"") -> 0.46063615
A997: 1005 | B997: Primary auditory area, layer 6b | C997: 11900 | D997: 1002 | E997: =IFERROR(IF(OR(HLOOKUP($A997,'Z-scores'!$C$2:$SK$20,5,FALSE)>3,HLOOKUP($A997,'Z-scores'!$C$2:$SK$20,5,FALSE)<-3),"",'Total-corrected counts'!E997),"") -> 2.422597 | F997: =IFERROR(IF(OR(HLOOKUP($A997,'Z-scores'!$C$2:$SK$20,5,FALSE)>3,HLOOKUP($A997,'Z-scores'!$C$2:$SK$20,5,FALSE)<-3),"",'Total-corrected counts'!F997),"") -> 3.2202424 | G997: =IFERROR(IF(OR(HLOOKUP($A997,'Z-scores'!$C$2:$SK$20,5,FALSE)>3,HLOOKUP($A997,'Z-scores'!$C$2:$SK$20,5,FALSE)<-3),"",'Total-corrected counts'!G997),"") -> 2.0877023 | H997: =IFERROR(IF(OR(HLOOKUP($A997,'Z-scores'!$C$2:$SK$20,5,FALSE)>3,HLOOKUP($A997,'Z-scores'!$C$2:$SK$20,5,FALSE)<-3),"",'Total-corrected counts'!H997),"") -> 1.4596251 | I997: =IFERROR(IF(OR(HLOOKUP($A997,'Z-scores'!$C$2:$SK$20,5,FALSE)>3,HLOOKUP($A997,'Z-scores'!$C$2:$SK$20,5,FALSE)<-3),"",'Total-corrected counts'!I997),"") -> 0.31513238 | J997: =IFERROR(IF(OR(HLOOKUP($A997,'Z-scores'!$C$2:$SK$20,5,FALSE)>3,HLOOKUP($A997,'Z-scores'!$C$2:$SK$20,5,FALSE)<-3),"",'Total-corrected counts'!J997),"") -> 3.2686664 | K997: =IFERROR(IF(OR(HLOOKUP($A997,'Z-scores'!$C$2:$SK$20,5,FALSE)>3,HLOOKUP($A997,'Z-scores'!$C$2:$SK$20,5,FALSE)<-3),"",'Total-corrected counts'!K997),"") -> 2.0584639 | L997: =IFERROR(IF(OR(HLOOKUP($A997,'Z-scores'!$C$2:$SK$20,5,FALSE)>3,HLOOKUP($A997,'Z-scores'!$C$2:$SK$20,5,FALSE)<-3),"",'Total-corrected counts'!L997),"") -> 0.95647821 | ... T997: =IFERROR(IF(OR(HLOOKUP($A997,'Z-scores'!$C$2:$SK$20,5,FALSE)>3,HLOOKUP($A997,'Z-scores'!$C$2:$SK$20,5,FALSE)<-3),"",'Total-corrected counts'!T997),"") -> 2.4914795 | U997: =IFERROR(IF(X997-Y997=0,0,1),0) -> 1 | V997: =SUMIFS(Tabel132[Cluster],Tabel132[ID],'Total-corrected counts Z<3'!A997) -> 15 | W997: =IFERROR(_xlfn.T.TEST(E997:N997,O997:T997,2,2),"") -> 0.2022064 | X997: =IFERROR(AVERAGE(E997:N997),"") -> 2.0739655 | Y997: =IFERROR(AVERAGE(O997:T997),"") -> 2.8972516
A998: 1006 | B998: Primary somatosensory area, trunk, layer 1 | C998: 7100 | D998: 361 | E998: =IFERROR(IF(OR(HLOOKUP($A998,'Z-scores'!$C$2:$SK$20,5,FALSE)>3,HLOOKUP($A998,'Z-scores'!$C$2:$SK$20,5,FALSE)<-3),"",'Total-corrected counts'!E998),"") -> 4.8204231 | F998: =IFERROR(IF(OR(HLOOKUP($A998,'Z-scores'!$C$2:$SK$20,5,FALSE)>3,HLOOKUP($A998,'Z-scores'!$C$2:$SK$20,5,FALSE)<-3),"",'Total-corrected counts'!F998),"") -> 2.2570027 | G998: =IFERROR(IF(OR(HLOOKUP($A998,'Z-scores'!$C$2:$SK$20,5,FALSE)>3,HLOOKUP($A998,'Z-scores'!$C$2:$SK$20,5,FALSE)<-3),"",'Total-corrected counts'!G998),"") -> 0.52564477 | H998: =IFERROR(IF(OR(HLOOKUP($A998,'Z-scores'!$C$2:$SK$20,5,FALSE)>3,HLOOKUP($A998,'Z-scores'!$C$2:$SK$20,5,FALSE)<-3),"",'Total-corrected counts'!H998),"") -> 1.5380347 | I998: =IFERROR(IF(OR(HLOOKUP($A998,'Z-scores'!$C$2:$SK$20,5,FALSE)>3,HLOOKUP($A998,'Z-scores'!$C$2:$SK$20,5,FALSE)<-3),"",'Total-corrected counts'!I998),"") -> 4.5187732 | J998: =IFERROR(IF(OR(HLOOKUP($A998,'Z-scores'!$C$2:$SK$20,5,FALSE)>3,HLOOKUP($A998,'Z-scores'!$C$2:$SK$20,5,FALSE)<-3),"",'Total-corrected counts'!J998),"") -> 3.3943844 | K998: =IFERROR(IF(OR(HLOOKUP($A998,'Z-scores'!$C$2:$SK$20,5,FALSE)>3,HLOOKUP($A998,'Z-scores'!$C$2:$SK$20,5,FALSE)<-3),"",'Total-corrected counts'!K998),"") -> 6.2164437 | L998: =IFERROR(IF(OR(HLOOKUP($A998,'Z-scores'!$C$2:$SK$20,5,FALSE)>3,HLOOKUP($A998,'Z-scores'!$C$2:$SK$20,5,FALSE)<-3),"",'Total-corrected counts'!L998),"") -> 2.4963403 | ... T998: =IFERROR(IF(OR(HLOOKUP($A998,'Z-scores'!$C$2:$SK$20,5,FALSE)>3,HLOOKUP($A998,'Z-scores'!$C$2:$SK$20,5,FALSE)<-3),"",'Total-corrected counts'!T998),"") -> 4.5392708 | U998: =IFERROR(IF(X998-Y998=0,0,1),0) -> 1 | V998: =SUMIFS(Tabel132[Cluster],Tabel132[ID],'Total-corrected counts Z<3'!A998) -> 10 | W998: =IFERROR(_xlfn.T.TEST(E998:N998,O998:T998,2,2),"") -> 0.60754203 | X998: =IFERROR(AVERAGE(E998:N998),"") -> 3.2108171 | Y998: =IFERROR(AVERAGE(O998:T998),"") -> 2.5695177
A999: 1007 | B999: Simple lobule | C999: 59700 | D999: 1073 | E999: =IFERROR(IF(OR(HLOOKUP($A999,'Z-scores'!$C$2:$SK$20,5,FALSE)>3,HLOOKUP($A999,'Z-scores'!$C$2:$SK$20,5,FALSE)<-3),"",'Total-corrected counts'!E999),"") -> 7.1637532 | F999: =IFERROR(IF(OR(HLOOKUP($A999,'Z-scores'!$C$2:$SK$20,5,FALSE)>3,HLOOKUP($A999,'Z-scores'!$C$2:$SK$20,5,FALSE)<-3),"",'Total-corrected counts'!F999),"") -> 2.5544738 | G999: =IFERROR(IF(OR(HLOOKUP($A999,'Z-scores'!$C$2:$SK$20,5,FALSE)>3,HLOOKUP($A999,'Z-scores'!$C$2:$SK$20,5,FALSE)<-3),"",'Total-corrected counts'!G999),"") -> 0.11901391 | H999: =IFERROR(IF(OR(HLOOKUP($A999,'Z-scores'!$C$2:$SK$20,5,FALSE)>3,HLOOKUP($A999,'Z-scores'!$C$2:$SK$20,5,FALSE)<-3),"",'Total-corrected counts'!H999),"") -> 3.1725735 | I999: =IFERROR(IF(OR(HLOOKUP($A999,'Z-scores'!$C$2:$SK$20,5,FALSE)>3,HLOOKUP($A999,'Z-scores'!$C$2:$SK$20,5,FALSE)<-3),"",'Total-corrected counts'!I999),"") -> 0.73718466 | J999: =IFERROR(IF(OR(HLOOKUP($A999,'Z-scores'!$C$2:$SK$20,5,FALSE)>3,HLOOKUP($A999,'Z-scores'!$C$2:$SK$20,5,FALSE)<-3),"",'Total-corrected counts'!J999),"") -> 16.391225 | K999: =IFERROR(IF(OR(HLOOKUP($A999,'Z-scores'!$C$2:$SK$20,5,FALSE)>3,HLOOKUP($A999,'Z-scores'!$C$2:$SK$20,5,FALSE)<-3),"",'Total-corrected counts'!K999),"") -> 0.31082218 | L999: =IFERROR(IF(OR(HLOOKUP($A999,'Z-scores'!$C$2:$SK$20,5,FALSE)>3,HLOOKUP($A999,'Z-scores'!$C$2:$SK$20,5,FALSE)<-3),"",'Total-corrected counts'!L999),"") -> 19.407689 | ... T999: =IFERROR(IF(OR(HLOOKUP($A999,'Z-scores'!$C$2:$SK$20,5,FALSE)>3,HLOOKUP($A999,'Z-scores'!$C$2:$SK$20,5,FALSE)<-3),"",'Total-corrected counts'!T999),"") -> 0 | U999: =IFERROR(IF(X999-Y999=0,0,1),0) -> 1 | V999: =SUMIFS(Tabel132[Cluster],Tabel132[ID],'Total-corrected counts Z<3'!A999) -> 0 | W999: =IFERROR(_xlfn.T.TEST(E999:N999,O999:T999,2,2),"") -> 0.24627021 | X999: =IFERROR(AVERAGE(E999:N999),"") -> 6.797291 | Y999: =IFERROR(AVERAGE(O999:T999),"") -> 3.2063644
A1000: 1008 | B1000: Geniculate group, dorsal thalamus | C1000: 65000 | D1000: 864 | E1000: =IFERROR(IF(OR(HLOOKUP($A1000,'Z-scores'!$C$2:$SK$20,5,FALSE)>3,HLOOKUP($A1000,'Z-scores'!$C$2:$SK$20,5,FALSE)<-3),"",'Total-corrected counts'!E1000),"") | F1000: =IFERROR(IF(OR(HLOOKUP($A1000,'Z-scores'!$C$2:$SK$20,5,FALSE)>3,HLOOKUP($A1000,'Z-scores'!$C$2:$SK$20,5,FALSE)<-3),"",'Total-corrected counts'!F1000),"") | G1000: =IFERROR(IF(OR(HLOOKUP($A1000,'Z-scores'!$C$2:$SK$20,5,FALSE)>3,HLOOKUP($A1000,'Z-scores'!$C$2:$SK$20,5,FALSE)<-3),"",'Total-corrected counts'!G1000),"") | H1000: =IFERROR(IF(OR(HLOOKUP($A1000,'Z-scores'!$C$2:$SK$20,5,FALSE)>3,HLOOKUP($A1000,'Z-scores'!$C$2:$SK$20,5,FALSE)<-3),"",'Total-corrected counts'!H1000),"") | I1000: =IFERROR(IF(OR(HLOOKUP($A1000,'Z-scores'!$C$2:$SK$20,5,FALSE)>3,HLOOKUP($A1000,'Z-scores'!$C$2:$SK$20,5,FALSE)<-3),"",'Total-corrected counts'!I1000),"") | J1000: =IFERROR(IF(OR(HLOOKUP($A1000,'Z-scores'!$C$2:$SK$20,5,FALSE)>3,HLOOKUP($A1000,'Z-scores'!$C$2:$SK$20,5,FALSE)<-3),"",'Total-corrected counts'!J1000),"") | K1000: =IFERROR(IF(OR(HLOOKUP($A1000,'Z-scores'!$C$2:$SK$20,5,FALSE)>3,HLOOKUP($A1000,'Z-scores'!$C$2:$SK$20,5,FALSE)<-3),"",'Total-corrected counts'!K1000),"") | L1000: =IFERROR(IF(OR(HLOOKUP($A1000,'Z-scores'!$C$2:$SK$20,5,FALSE)>3,HLOOKUP($A1000,'Z-scores'!$C$2:$SK$20,5,FALSE)<-3),"",'Total-corrected counts'!L1000),"") | ... T1000: =IFERROR(IF(OR(HLOOKUP($A1000,'Z-scores'!$C$2:$SK$20,5,FALSE)>3,HLOOKUP($A1000,'Z-scores'!$C$2:$SK$20,5,FALSE)<-3),"",'Total-corrected counts'!T1000),"") | U1000: =IFERROR(IF(X1000-Y1000=0,0,1),0) -> 0 | V1000: =SUMIFS(Tabel132[Cluster],Tabel132[ID],'Total-corrected counts Z<3'!A1000) -> 77 | W1000: =IFERROR(_xlfn.T.TEST(E1000:N1000,O1000:T1000,2,2),"") | X1000: =IFERROR(AVERAGE(E1000:N1000),"") | Y1000: =IFERROR(AVERAGE(O1000:T1000),"")
A1001: 1009 | B1001: fiber tracts | C1001: 97200 | D1001: 997 | E1001: =IFERROR(IF(OR(HLOOKUP($A1001,'Z-scores'!$C$2:$SK$20,5,FALSE)>3,HLOOKUP($A1001,'Z-scores'!$C$2:$SK$20,5,FALSE)<-3),"",'Total-corrected counts'!E1001),"") -> 56.046708 | F1001: =IFERROR(IF(OR(HLOOKUP($A1001,'Z-scores'!$C$2:$SK$20,5,FALSE)>3,HLOOKUP($A1001,'Z-scores'!$C$2:$SK$20,5,FALSE)<-3),"",'Total-corrected counts'!F1001),"") -> 54.98493 | G1001: =IFERROR(IF(OR(HLOOKUP($A1001,'Z-scores'!$C$2:$SK$20,5,FALSE)>3,HLOOKUP($A1001,'Z-scores'!$C$2:$SK$20,5,FALSE)<-3),"",'Total-corrected counts'!G1001),"") -> 63.930305 | H1001: =IFERROR(IF(OR(HLOOKUP($A1001,'Z-scores'!$C$2:$SK$20,5,FALSE)>3,HLOOKUP($A1001,'Z-scores'!$C$2:$SK$20,5,FALSE)<-3),"",'Total-corrected counts'!H1001),"") -> 41.213298 | I1001: =IFERROR(IF(OR(HLOOKUP($A1001,'Z-scores'!$C$2:$SK$20,5,FALSE)>3,HLOOKUP($A1001,'Z-scores'!$C$2:$SK$20,5,FALSE)<-3),"",'Total-corrected counts'!I1001),"") -> 65.592553 | J1001: =IFERROR(IF(OR(HLOOKUP($A1001,'Z-scores'!$C$2:$SK$20,5,FALSE)>3,HLOOKUP($A1001,'Z-scores'!$C$2:$SK$20,5,FALSE)<-3),"",'Total-corrected counts'!J1001),"") -> 73.191787 | K1001: =IFERROR(IF(OR(HLOOKUP($A1001,'Z-scores'!$C$2:$SK$20,5,FALSE)>3,HLOOKUP($A1001,'Z-scores'!$C$2:$SK$20,5,FALSE)<-3),"",'Total-corrected counts'!K1001),"") -> 42.002047 | L1001: =IFERROR(IF(OR(HLOOKUP($A1001,'Z-scores'!$C$2:$SK$20,5,FALSE)>3,HLOOKUP($A1001,'Z-scores'!$C$2:$SK$20,5,FALSE)<-3),"",'Total-corrected counts'!L1001),"") -> 45.429323 | ... T1001: =IFERROR(IF(OR(HLOOKUP($A1001,'Z-scores'!$C$2:$SK$20,5,FALSE)>3,HLOOKUP($A1001,'Z-scores'!$C$2:$SK$20,5,FALSE)<-3),"",'Total-corrected counts'!T1001),"") -> 48.334702 | U1001: =IFERROR(IF(X1001-Y1001=0,0,1),0) -> 1 | V1001: =SUMIFS(Tabel132[Cluster],Tabel132[ID],'Total-corrected counts Z<3'!A1001) -> 0 | W1001: =IFERROR(_xlfn.T.TEST(E1001:N1001,O1001:T1001,2,2),"") -> 0.025145627 | X1001: =IFERROR(AVERAGE(E1001:N1001),"") -> 55.219432 | Y1001: =IFERROR(AVERAGE(O1001:T1001),"") -> 42.854644
... A1244: 312782656 | B1244: Unlabeled | C1244: 300 | D1244: 688 | E1244: =IFERROR(IF(OR(HLOOKUP($A1244,'Z-scores'!$C$2:$SK$20,5,FALSE)>3,HLOOKUP($A1244,'Z-scores'!$C$2:$SK$20,5,FALSE)<-3),"",'Total-corrected counts'!E1244),"") | F1244: =IFERROR(IF(OR(HLOOKUP($A1244,'Z-scores'!$C$2:$SK$20,5,FALSE)>3,HLOOKUP($A1244,'Z-scores'!$C$2:$SK$20,5,FALSE)<-3),"",'Total-corrected counts'!F1244),"") | G1244: =IFERROR(IF(OR(HLOOKUP($A1244,'Z-scores'!$C$2:$SK$20,5,FALSE)>3,HLOOKUP($A1244,'Z-scores'!$C$2:$SK$20,5,FALSE)<-3),"",'Total-corrected counts'!G1244),"") | H1244: =IFERROR(IF(OR(HLOOKUP($A1244,'Z-scores'!$C$2:$SK$20,5,FALSE)>3,HLOOKUP($A1244,'Z-scores'!$C$2:$SK$20,5,FALSE)<-3),"",'Total-corrected counts'!H1244),"") | I1244: =IFERROR(IF(OR(HLOOKUP($A1244,'Z-scores'!$C$2:$SK$20,5,FALSE)>3,HLOOKUP($A1244,'Z-scores'!$C$2:$SK$20,5,FALSE)<-3),"",'Total-corrected counts'!I1244),"") | J1244: =IFERROR(IF(OR(HLOOKUP($A1244,'Z-scores'!$C$2:$SK$20,5,FALSE)>3,HLOOKUP($A1244,'Z-scores'!$C$2:$SK$20,5,FALSE)<-3),"",'Total-corrected counts'!J1244),"") | K1244: =IFERROR(IF(OR(HLOOKUP($A1244,'Z-scores'!$C$2:$SK$20,5,FALSE)>3,HLOOKUP($A1244,'Z-scores'!$C$2:$SK$20,5,FALSE)<-3),"",'Total-corrected counts'!K1244),"") | L1244: =IFERROR(IF(OR(HLOOKUP($A1244,'Z-scores'!$C$2:$SK$20,5,FALSE)>3,HLOOKUP($A1244,'Z-scores'!$C$2:$SK$20,5,FALSE)<-3),"",'Total-corrected counts'!L1244),"") | ... T1244: =IFERROR(IF(OR(HLOOKUP($A1244,'Z-scores'!$C$2:$SK$20,5,FALSE)>3,HLOOKUP($A1244,'Z-scores'!$C$2:$SK$20,5,FALSE)<-3),"",'Total-corrected counts'!T1244),"") | U1244: =IFERROR(IF(X1244-Y1244=0,0,1),0) -> 0 | V1244: =SUMIFS(Tabel132[Cluster],Tabel132[ID],'Total-corrected counts Z<3'!A1244) -> 0 | W1244: =IFERROR(_xlfn.T.TEST(E1244:N1244,O1244:T1244,2,2),"") | X1244: =IFERROR(AVERAGE(E1244:N1244),"") | Y1244: =IFERROR(AVERAGE(O1244:T1244),"")
E1246: =SUM(E3:E1244) -> 7799.3257 | F1246: =SUM(F3:F1244) -> 8258.458 | G1246: =SUM(G3:G1244) -> 8556.2125 | H1246: =SUM(H3:H1244) -> 7737.9913 | I1246: =SUM(I3:I1244) -> 7786.9322 | J1246: =SUM(J3:J1244) -> 7724.2359 | K1246: =SUM(K3:K1244) -> 8004.4043 | L1246: =SUM(L3:L1244) -> 7801.9792 | ... T1246: =SUM(T3:T1244) -> 7424.9228

Sheet Cluster counts corrected Z<3
C1: 0 | D1: 0 | E1: 0 | F1: 0 | G1: 0 | H1: 0 | I1: 0 | J1: 0 | K1: 0 | L1: 0 | M1: 1 | N1: 1 | O1: 1 | P1: 1 | Q1: 1 | R1: 1
A2: Cluster | B2: Name | C2: 345391 | D2: 348028 | E2: 348030 | F2: 348035 | G2: 348465 | H2: 349038 | I2: 349438 | J2: 354044 | K2: 354519 | L2: 354522 | M2: 348034 | N2: 349022 | O2: 349440 | P2: 350322 | Q2: 350324 | R2: 354043 | S2: Filter | T2: T-test | U2: Gem 0 | V2: Gem 1 | W2: SEM 0 | X2: SEM 1
A3: 1 | B3: =IFERROR(VLOOKUP(A3,Tabel3[],2,FALSE),"") -> frontal pole | C3: =SUMIFS('Total-corrected counts Z<3'!E:E,'Total-corrected counts Z<3'!$V:$V,$A3) -> 18.429573 | D3: =SUMIFS('Total-corrected counts Z<3'!F:F,'Total-corrected counts Z<3'!$V:$V,$A3) -> 8.3905729 | E3: =SUMIFS('Total-corrected counts Z<3'!G:G,'Total-corrected counts Z<3'!$V:$V,$A3) -> 7.4532461 | F3: =SUMIFS('Total-corrected counts Z<3'!H:H,'Total-corrected counts Z<3'!$V:$V,$A3) -> 10.151029 | G3: =SUMIFS('Total-corrected counts Z<3'!I:I,'Total-corrected counts Z<3'!$V:$V,$A3) -> 11.935639 | H3: =SUMIFS('Total-corrected counts Z<3'!J:J,'Total-corrected counts Z<3'!$V:$V,$A3) -> 27.448417 | I3: =SUMIFS('Total-corrected counts Z<3'!K:K,'Total-corrected counts Z<3'!$V:$V,$A3) -> 15.365172 | J3: =SUMIFS('Total-corrected counts Z<3'!L:L,'Total-corrected counts Z<3'!$V:$V,$A3) -> 27.276588 | K3: =SUMIFS('Total-corrected counts Z<3'!M:M,'Total-corrected counts Z<3'!$V:$V,$A3) -> 26.01758 | L3: =SUMIFS('Total-corrected counts Z<3'!N:N,'Total-corrected counts Z<3'!$V:$V,$A3) -> 5.5112876 | M3: =SUMIFS('Total-corrected counts Z<3'!O:O,'Total-corrected counts Z<3'!$V:$V,$A3) -> 2.3873502 | N3: =SUMIFS('Total-corrected counts Z<3'!P:P,'Total-corrected counts Z<3'!$V:$V,$A3) -> 35.33794 | O3: =SUMIFS('Total-corrected counts Z<3'!Q:Q,'Total-corrected counts Z<3'!$V:$V,$A3) -> 14.602399 | P3: =SUMIFS('Total-corrected counts Z<3'!R:R,'Total-corrected counts Z<3'!$V:$V,$A3) -> 8.7560683 | Q3: =SUMIFS('Total-corrected counts Z<3'!S:S,'Total-corrected counts Z<3'!$V:$V,$A3) -> 11.827686 | R3: =SUMIFS('Total-corrected counts Z<3'!T:T,'Total-corrected counts Z<3'!$V:$V,$A3) -> 18.512034 | S3: =IF(AND(U3=0,V3=0),0,1) -> 1 | T3: =_xlfn.T.TEST(C3:L3,M3:R3,2,2) -> 0.91155494 | U3: =AVERAGE(C3:L3) -> 15.79791 | V3: =AVERAGE(M3:R3) -> 15.237246 | W3: =STDEV(C3:L3)/SQRT(COUNT(C3:L3)) -> 2.700144 | X3: =STDEV(M3:R3)/SQRT(COUNT(M3:R3)) -> 4.5967951
A4: 2 | B4: =IFERROR(VLOOKUP(A4,Tabel3[],2,FALSE),"") -> somatomotor | C4: =SUMIFS('Total-corrected counts Z<3'!E:E,'Total-corrected counts Z<3'!$V:$V,$A4) -> 0 | D4: =SUMIFS('Total-corrected counts Z<3'!F:F,'Total-corrected counts Z<3'!$V:$V,$A4) -> 0 | E4: =SUMIFS('Total-corrected counts Z<3'!G:G,'Total-corrected counts Z<3'!$V:$V,$A4) -> 0 | F4: =SUMIFS('Total-corrected counts Z<3'!H:H,'Total-corrected counts Z<3'!$V:$V,$A4) -> 0 | G4: =SUMIFS('Total-corrected counts Z<3'!I:I,'Total-corrected counts Z<3'!$V:$V,$A4) -> 0 | H4: =SUMIFS('Total-corrected counts Z<3'!J:J,'Total-corrected counts Z<3'!$V:$V,$A4) -> 0 | I4: =SUMIFS('Total-corrected counts Z<3'!K:K,'Total-corrected counts Z<3'!$V:$V,$A4) -> 0 | J4: =SUMIFS('Total-corrected counts Z<3'!L:L,'Total-corrected counts Z<3'!$V:$V,$A4) -> 0 | K4: =SUMIFS('Total-corrected counts Z<3'!M:M,'Total-corrected counts Z<3'!$V:$V,$A4) -> 0 | L4: =SUMIFS('Total-corrected counts Z<3'!N:N,'Total-corrected counts Z<3'!$V:$V,$A4) -> 0 | M4: =SUMIFS('Total-corrected counts Z<3'!O:O,'Total-corrected counts Z<3'!$V:$V,$A4) -> 0 | N4: =SUMIFS('Total-corrected counts Z<3'!P:P,'Total-corrected counts Z<3'!$V:$V,$A4) -> 0 | O4: =SUMIFS('Total-corrected counts Z<3'!Q:Q,'Total-corrected counts Z<3'!$V:$V,$A4) -> 0 | P4: =SUMIFS('Total-corrected counts Z<3'!R:R,'Total-corrected counts Z<3'!$V:$V,$A4) -> 0 | Q4: =SUMIFS('Total-corrected counts Z<3'!S:S,'Total-corrected counts Z<3'!$V:$V,$A4) -> 0 | R4: =SUMIFS('Total-corrected counts Z<3'!T:T,'Total-corrected counts Z<3'!$V:$V,$A4) -> 0 | S4: =IF(AND(U4=0,V4=0),0,1) -> 0 | T4: =_xlfn.T.TEST(C4:L4,M4:R4,2,2) -> #DIV/0! | U4: =AVERAGE(C4:L4) -> 0 | V4: =AVERAGE(M4:R4) -> 0 | W4: =STDEV(C4:L4)/SQRT(COUNT(C4:L4)) -> 0 | X4: =STDEV(M4:R4)/SQRT(COUNT(M4:R4)) -> 0
A5: 3 | B5: =IFERROR(VLOOKUP(A5,Tabel3[],2,FALSE),"") -> primary motor | C5: =SUMIFS('Total-corrected counts Z<3'!E:E,'Total-corrected counts Z<3'!$V:$V,$A5) -> 684.50504 | D5: =SUMIFS('Total-corrected counts Z<3'!F:F,'Total-corrected counts Z<3'!$V:$V,$A5) -> 716.64558 | E5: =SUMIFS('Total-corrected counts Z<3'!G:G,'Total-corrected counts Z<3'!$V:$V,$A5) -> 595.30262 | F5: =SUMIFS('Total-corrected counts Z<3'!H:H,'Total-corrected counts Z<3'!$V:$V,$A5) -> 570.91848 | G5: =SUMIFS('Total-corrected counts Z<3'!I:I,'Total-corrected counts Z<3'!$V:$V,$A5) -> 527.69479 | H5: =SUMIFS('Total-corrected counts Z<3'!J:J,'Total-corrected counts Z<3'!$V:$V,$A5) -> 374.51973 | I5: =SUMIFS('Total-corrected counts Z<3'!K:K,'Total-corrected counts Z<3'!$V:$V,$A5) -> 682.60657 | J5: =SUMIFS('Total-corrected counts Z<3'!L:L,'Total-corrected counts Z<3'!$V:$V,$A5) -> 438.83356 | K5: =SUMIFS('Total-corrected counts Z<3'!M:M,'Total-corrected counts Z<3'!$V:$V,$A5) -> 479.44978 | L5: =SUMIFS('Total-corrected counts Z<3'!N:N,'Total-corrected counts Z<3'!$V:$V,$A5) -> 346.19196 | M5: =SUMIFS('Total-corrected counts Z<3'!O:O,'Total-corrected counts Z<3'!$V:$V,$A5) -> 691.72147 | N5: =SUMIFS('Total-corrected counts Z<3'!P:P,'Total-corrected counts Z<3'!$V:$V,$A5) -> 512.56684 | O5: =SUMIFS('Total-corrected counts Z<3'!Q:Q,'Total-corrected counts Z<3'!$V:$V,$A5) -> 667.60637 | P5: =SUMIFS('Total-corrected counts Z<3'!R:R,'Total-corrected counts Z<3'!$V:$V,$A5) -> 744.92828 | Q5: =SUMIFS('Total-corrected counts Z<3'!S:S,'Total-corrected counts Z<3'!$V:$V,$A5) -> 537.71526 | R5: =SUMIFS('Total-corrected counts Z<3'!T:T,'Total-corrected counts Z<3'!$V:$V,$A5) -> 400.37051 | S5: =IF(AND(U5=0,V5=0),0,1) -> 1 | T5: =_xlfn.T.TEST(C5:L5,M5:R5,2,2) -> 0.46512796 | U5: =AVERAGE(C5:L5) -> 541.66681 | V5: =AVERAGE(M5:R5) -> 592.48479 | W5: =STDEV(C5:L5)/SQRT(COUNT(C5:L5)) -> 41.554011 | X5: =STDEV(M5:R5)/SQRT(COUNT(M5:R5)) -> 53.236787
A6: 4 | B6: =IFERROR(VLOOKUP(A6,Tabel3[],2,FALSE),"") -> secondary motor | C6: =SUMIFS('Total-corrected counts Z<3'!E:E,'Total-corrected counts Z<3'!$V:$V,$A6) -> 275.04155 | D6: =SUMIFS('Total-corrected counts Z<3'!F:F,'Total-corrected counts Z<3'!$V:$V,$A6) -> 224.09015 | E6: =SUMIFS('Total-corrected counts Z<3'!G:G,'Total-corrected counts Z<3'!$V:$V,$A6) -> 175.48601 | F6: =SUMIFS('Total-corrected counts Z<3'!H:H,'Total-corrected counts Z<3'!$V:$V,$A6) -> 183.33977 | G6: =SUMIFS('Total-corrected counts Z<3'!I:I,'Total-corrected counts Z<3'!$V:$V,$A6) -> 216.02887 | H6: =SUMIFS('Total-corrected counts Z<3'!J:J,'Total-corrected counts Z<3'!$V:$V,$A6) -> 247.48474 | I6: =SUMIFS('Total-corrected counts Z<3'!K:K,'Total-corrected counts Z<3'!$V:$V,$A6) -> 275.35327 | J6: =SUMIFS('Total-corrected counts Z<3'!L:L,'Total-corrected counts Z<3'!$V:$V,$A6) -> 264.08295 | K6: =SUMIFS('Total-corrected counts Z<3'!M:M,'Total-corrected counts Z<3'!$V:$V,$A6) -> 292.13514 | L6: =SUMIFS('Total-corrected counts Z<3'!N:N,'Total-corrected counts Z<3'!$V:$V,$A6) -> 187.76792 | M6: =SUMIFS('Total-corrected counts Z<3'!O:O,'Total-corrected counts Z<3'!$V:$V,$A6) -> 207.7481 | N6: =SUMIFS('Total-corrected counts Z<3'!P:P,'Total-corrected counts Z<3'!$V:$V,$A6) -> 261.58834 | O6: =SUMIFS('Total-corrected counts Z<3'!Q:Q,'Total-corrected counts Z<3'!$V:$V,$A6) -> 243.20273 | P6: =SUMIFS('Total-corrected counts Z<3'!R:R,'Total-corrected counts Z<3'!$V:$V,$A6) -> 244.5896 | Q6: =SUMIFS('Total-corrected counts Z<3'!S:S,'Total-corrected counts Z<3'!$V:$V,$A6) -> 251.50111 | R6: =SUMIFS('Total-corrected counts Z<3'!T:T,'Total-corrected counts Z<3'!$V:$V,$A6) -> 176.21245 | S6: =IF(AND(U6=0,V6=0),0,1) -> 1 | T6: =_xlfn.T.TEST(C6:L6,M6:R6,2,2) -> 0.87419668 | U6: =AVERAGE(C6:L6) -> 234.08104 | V6: =AVERAGE(M6:R6) -> 230.80705 | W6: =STDEV(C6:L6)/SQRT(COUNT(C6:L6)) -> 13.503033 | X6: =STDEV(M6:R6)/SQRT(COUNT(M6:R6)) -> 13.205591
A7: 5 | B7: =IFERROR(VLOOKUP(A7,Tabel3[],2,FALSE),"") -> SS, nose | C7: =SUMIFS('Total-corrected counts Z<3'!E:E,'Total-corrected counts Z<3'!$V:$V,$A7) -> 181.45698 | D7: =SUMIFS('Total-corrected counts Z<3'!F:F,'Total-corrected counts Z<3'!$V:$V,$A7) -> 130.09402 | E7: =SUMIFS('Total-corrected counts Z<3'!G:G,'Total-corrected counts Z<3'!$V:$V,$A7) -> 182.84504 | F7: =SUMIFS('Total-corrected counts Z<3'!H:H,'Total-corrected counts Z<3'!$V:$V,$A7) -> 218.21395 | G7: =SUMIFS('Total-corrected counts Z<3'!I:I,'Total-corrected counts Z<3'!$V:$V,$A7) -> 148.34857 | H7: =SUMIFS('Total-corrected counts Z<3'!J:J,'Total-corrected counts Z<3'!$V:$V,$A7) -> 80.507374 | I7: =SUMIFS('Total-corrected counts Z<3'!K:K,'Total-corrected counts Z<3'!$V:$V,$A7) -> 70.239949 | J7: =SUMIFS('Total-corrected counts Z<3'!L:L,'Total-corrected counts Z<3'!$V:$V,$A7) -> 71.864753 | K7: =SUMIFS('Total-corrected counts Z<3'!M:M,'Total-corrected counts Z<3'!$V:$V,$A7) -> 134.03486 | L7: =SUMIFS('Total-corrected counts Z<3'!N:N,'Total-corrected counts Z<3'!$V:$V,$A7) -> 150.27078 | M7: =SUMIFS('Total-corrected counts Z<3'!O:O,'Total-corrected counts Z<3'!$V:$V,$A7) -> 202.71698 | N7: =SUMIFS('Total-corrected counts Z<3'!P:P,'Total-corrected counts Z<3'!$V:$V,$A7) -> 92.373305 | O7: =SUMIFS('Total-corrected counts Z<3'!Q:Q,'Total-corrected counts Z<3'!$V:$V,$A7) -> 134.21388 | P7: =SUMIFS('Total-corrected counts Z<3'!R:R,'Total-corrected counts Z<3'!$V:$V,$A7) -> 124.74188 | Q7: =SUMIFS('Total-corrected counts Z<3'!S:S,'Total-corrected counts Z<3'!$V:$V,$A7) -> 129.64027 | R7: =SUMIFS('Total-corrected counts Z<3'!T:T,'Total-corrected counts Z<3'!$V:$V,$A7) -> 205.91907 | S7: =IF(AND(U7=0,V7=0),0,1) -> 1 | T7: =_xlfn.T.TEST(C7:L7,M7:R7,2,2) -> 0.65615962 | U7: =AVERAGE(C7:L7) -> 136.78763 | V7: =AVERAGE(M7:R7) -> 148.26756 | W7: =STDEV(C7:L7)/SQRT(COUNT(C7:L7)) -> 15.960282 | X7: =STDEV(M7:R7)/SQRT(COUNT(M7:R7)) -> 18.717678
A8: 6 | B8: =IFERROR(VLOOKUP(A8,Tabel3[],2,FALSE),"") -> SS, barrel | C8: =SUMIFS('Total-corrected counts Z<3'!E:E,'Total-corrected counts Z<3'!$V:$V,$A8) -> 274.00117 | D8: =SUMIFS('Total-corrected counts Z<3'!F:F,'Total-corrected counts Z<3'!$V:$V,$A8) -> 265.39613 | E8: =SUMIFS('Total-corrected counts Z<3'!G:G,'Total-corrected counts Z<3'!$V:$V,$A8) -> 259.49991 | F8: =SUMIFS('Total-corrected counts Z<3'!H:H,'Total-corrected counts Z<3'!$V:$V,$A8) -> 207.39945 | G8: =SUMIFS('Total-corrected counts Z<3'!I:I,'Total-corrected counts Z<3'!$V:$V,$A8) -> 180.10378 | H8: =SUMIFS('Total-corrected counts Z<3'!J:J,'Total-corrected counts Z<3'!$V:$V,$A8) -> 94.108857 | I8: =SUMIFS('Total-corrected counts Z<3'!K:K,'Total-corrected counts Z<3'!$V:$V,$A8) -> 182.36465 | J8: =SUMIFS('Total-corrected counts Z<3'!L:L,'Total-corrected counts Z<3'!$V:$V,$A8) -> 117.41618 | K8: =SUMIFS('Total-corrected counts Z<3'!M:M,'Total-corrected counts Z<3'!$V:$V,$A8) -> 226.98037 | L8: =SUMIFS('Total-corrected counts Z<3'!N:N,'Total-corrected counts Z<3'!$V:$V,$A8) -> 188.93603 | M8: =SUMIFS('Total-corrected counts Z<3'!O:O,'Total-corrected counts Z<3'!$V:$V,$A8) -> 202.77003 | N8: =SUMIFS('Total-corrected counts Z<3'!P:P,'Total-corrected counts Z<3'!$V:$V,$A8) -> 135.24563 | O8: =SUMIFS('Total-corrected counts Z<3'!Q:Q,'Total-corrected counts Z<3'!$V:$V,$A8) -> 190.29326 | P8: =SUMIFS('Total-corrected counts Z<3'!R:R,'Total-corrected counts Z<3'!$V:$V,$A8) -> 222.31169 | Q8: =SUMIFS('Total-corrected counts Z<3'!S:S,'Total-corrected counts Z<3'!$V:$V,$A8) -> 198.04721 | R8: =SUMIFS('Total-corrected counts Z<3'!T:T,'Total-corrected counts Z<3'!$V:$V,$A8) -> 216.1512 | S8: =IF(AND(U8=0,V8=0),0,1) -> 1 | T8: =_xlfn.T.TEST(C8:L8,M8:R8,2,2) -> 0.84097104 | U8: =AVERAGE(C8:L8) -> 199.62065 | V8: =AVERAGE(M8:R8) -> 194.1365 | W8: =STDEV(C8:L8)/SQRT(COUNT(C8:L8)) -> 19.130145 | X8: =STDEV(M8:R8)/SQRT(COUNT(M8:R8)) -> 12.716428
A9: 7 | B9: =IFERROR(VLOOKUP(A9,Tabel3[],2,FALSE),"") -> SS, lower limb | C9: =SUMIFS('Total-corrected counts Z<3'!E:E,'Total-corrected counts Z<3'!$V:$V,$A9) -> 66.980597 | D9: =SUMIFS('Total-corrected counts Z<3'!F:F,'Total-corrected counts Z<3'!$V:$V,$A9) -> 44.757592 | E9: =SUMIFS('Total-corrected counts Z<3'!G:G,'Total-corrected counts Z<3'!$V:$V,$A9) -> 64.212963 | F9: =SUMIFS('Total-corrected counts Z<3'!H:H,'Total-corrected counts Z<3'!$V:$V,$A9) -> 45.477575 | G9: =SUMIFS('Total-corrected counts Z<3'!I:I,'Total-corrected counts Z<3'!$V:$V,$A9) -> 72.120295 | H9: =SUMIFS('Total-corrected counts Z<3'!J:J,'Total-corrected counts Z<3'!$V:$V,$A9) -> 9.3091141 | I9: =SUMIFS('Total-corrected counts Z<3'!K:K,'Total-corrected counts Z<3'!$V:$V,$A9) -> 38.072785 | J9: =SUMIFS('Total-corrected counts Z<3'!L:L,'Total-corrected counts Z<3'!$V:$V,$A9) -> 21.761575 | K9: =SUMIFS('Total-corrected counts Z<3'!M:M,'Total-corrected counts Z<3'!$V:$V,$A9) -> 59.698922 | L9: =SUMIFS('Total-corrected counts Z<3'!N:N,'Total-corrected counts Z<3'!$V:$V,$A9) -> 26.968463 | M9: =SUMIFS('Total-corrected counts Z<3'!O:O,'Total-corrected counts Z<3'!$V:$V,$A9) -> 76.554364 | N9: =SUMIFS('Total-corrected counts Z<3'!P:P,'Total-corrected counts Z<3'!$V:$V,$A9) -> 33.790257 | O9: =SUMIFS('Total-corrected counts Z<3'!Q:Q,'Total-corrected counts Z<3'!$V:$V,$A9) -> 36.265025 | P9: =SUMIFS('Total-corrected counts Z<3'!R:R,'Total-corrected counts Z<3'!$V:$V,$A9) -> 46.66137 | Q9: =SUMIFS('Total-corrected counts Z<3'!S:S,'Total-corrected counts Z<3'!$V:$V,$A9) -> 41.541279 | R9: =SUMIFS('Total-corrected counts Z<3'!T:T,'Total-corrected counts Z<3'!$V:$V,$A9) -> 50.32106 | S9: =IF(AND(U9=0,V9=0),0,1) -> 1 | T9: =_xlfn.T.TEST(C9:L9,M9:R9,2,2) -> 0.79862995 | U9: =AVERAGE(C9:L9) -> 44.935988 | V9: =AVERAGE(M9:R9) -> 47.522226 | W9: =STDEV(C9:L9)/SQRT(COUNT(C9:L9)) -> 6.6592338 | X9: =STDEV(M9:R9)/SQRT(COUNT(M9:R9)) -> 6.3311475
A10: 8 | B10: =IFERROR(VLOOKUP(A10,Tabel3[],2,FALSE),"") -> SS, mouth | C10: =SUMIFS('Total-corrected counts Z<3'!E:E,'Total-corrected counts Z<3'!$V:$V,$A10) -> 270.42921 | D10: =SUMIFS('Total-corrected counts Z<3'!F:F,'Total-corrected counts Z<3'!$V:$V,$A10) -> 296.62588 | E10: =SUMIFS('Total-corrected counts Z<3'!G:G,'Total-corrected counts Z<3'!$V:$V,$A10) -> 265.14812 | F10: =SUMIFS('Total-corrected counts Z<3'!H:H,'Total-corrected counts Z<3'!$V:$V,$A10) -> 329.01879 | G10: =SUMIFS('Total-corrected counts Z<3'!I:I,'Total-corrected counts Z<3'!$V:$V,$A10) -> 289.50536 | H10: =SUMIFS('Total-corrected counts Z<3'!J:J,'Total-corrected counts Z<3'!$V:$V,$A10) -> 323.43035 | I10: =SUMIFS('Total-corrected counts Z<3'!K:K,'Total-corrected counts Z<3'!$V:$V,$A10) -> 291.06445 | J10: =SUMIFS('Total-corrected counts Z<3'!L:L,'Total-corrected counts Z<3'!$V:$V,$A10) -> 311.20816 | K10: =SUMIFS('Total-corrected counts Z<3'!M:M,'Total-corrected counts Z<3'!$V:$V,$A10) -> 218.11461 | L10: =SUMIFS('Total-corrected counts Z<3'!N:N,'Total-corrected counts Z<3'!$V:$V,$A10) -> 351.9698 | M10: =SUMIFS('Total-corrected counts Z<3'!O:O,'Total-corrected counts Z<3'!$V:$V,$A10) -> 292.91903 | N10: =SUMIFS('Total-corrected counts Z<3'!P:P,'Total-corrected counts Z<3'!$V:$V,$A10) -> 260.82196 | O10: =SUMIFS('Total-corrected counts Z<3'!Q:Q,'Total-corrected counts Z<3'!$V:$V,$A10) -> 353.55791 | P10: =SUMIFS('Total-corrected counts Z<3'!R:R,'Total-corrected counts Z<3'!$V:$V,$A10) -> 368.71007 | Q10: =SUMIFS('Total-corrected counts Z<3'!S:S,'Total-corrected counts Z<3'!$V:$V,$A10) -> 260.83756 | R10: =SUMIFS('Total-corrected counts Z<3'!T:T,'Total-corrected counts Z<3'!$V:$V,$A10) -> 236.00795 | S10: =IF(AND(U10=0,V10=0),0,1) -> 1 | T10: =_xlfn.T.TEST(C10:L10,M10:R10,2,2) -> 0.97183368 | U10: =AVERAGE(C10:L10) -> 294.65147 | V10: =AVERAGE(M10:R10) -> 295.47575 | W10: =STDEV(C10:L10)/SQRT(COUNT(C10:L10)) -> 11.984785 | X10: =STDEV(M10:R10)/SQRT(COUNT(M10:R10)) -> 22.121218
A11: 9 | B11: =IFERROR(VLOOKUP(A11,Tabel3[],2,FALSE),"") -> SS, upper limb | C11: =SUMIFS('Total-corrected counts Z<3'!E:E,'Total-corrected counts Z<3'!$V:$V,$A11) -> 150.3645 | D11: =SUMIFS('Total-corrected counts Z<3'!F:F,'Total-corrected counts Z<3'!$V:$V,$A11) -> 114.73884 | E11: =SUMIFS('Total-corrected counts Z<3'!G:G,'Total-corrected counts Z<3'!$V:$V,$A11) -> 137.47098 | F11: =SUMIFS('Total-corrected counts Z<3'!H:H,'Total-corrected counts Z<3'!$V:$V,$A11) -> 133.76077 | G11: =SUMIFS('Total-corrected counts Z<3'!I:I,'Total-corrected counts Z<3'!$V:$V,$A11) -> 135.28183 | H11: =SUMIFS('Total-corrected counts Z<3'!J:J,'Total-corrected counts Z<3'!$V:$V,$A11) -> 30.699123 | I11: =SUMIFS('Total-corrected counts Z<3'!K:K,'Total-corrected counts Z<3'!$V:$V,$A11) -> 72.60337 | J11: =SUMIFS('Total-corrected counts Z<3'!L:L,'Total-corrected counts Z<3'!$V:$V,$A11) -> 67.143413 | K11: =SUMIFS('Total-corrected counts Z<3'!M:M,'Total-corrected counts Z<3'!$V:$V,$A11) -> 64.003928 | L11: =SUMIFS('Total-corrected counts Z<3'!N:N,'Total-corrected counts Z<3'!$V:$V,$A11) -> 101.16309 | M11: =SUMIFS('Total-corrected counts Z<3'!O:O,'Total-corrected counts Z<3'!$V:$V,$A11) -> 157.9188 | N11: =SUMIFS('Total-corrected counts Z<3'!P:P,'Total-corrected counts Z<3'!$V:$V,$A11) -> 78.633261 | O11: =SUMIFS('Total-corrected counts Z<3'!Q:Q,'Total-corrected counts Z<3'!$V:$V,$A11) -> 90.287442 | P11: =SUMIFS('Total-corrected counts Z<3'!R:R,'Total-corrected counts Z<3'!$V:$V,$A11) -> 112.7607 | Q11: =SUMIFS('Total-corrected counts Z<3'!S:S,'Total-corrected counts Z<3'!$V:$V,$A11) -> 78.62099 | R11: =SUMIFS('Total-corrected counts Z<3'!T:T,'Total-corrected counts Z<3'!$V:$V,$A11) -> 92.334912 | S11: =IF(AND(U11=0,V11=0),0,1) -> 1 | T11: =_xlfn.T.TEST(C11:L11,M11:R11,2,2) -> 0.95736121 | U11: =AVERAGE(C11:L11) -> 100.72299 | V11: =AVERAGE(M11:R11) -> 101.75935 | W11: =STDEV(C11:L11)/SQRT(COUNT(C11:L11)) -> 12.678535 | X11: =STDEV(M11:R11)/SQRT(COUNT(M11:R11)) -> 12.336312
A12: 10 | B12: =IFERROR(VLOOKUP(A12,Tabel3[],2,FALSE),"") -> SS, trunk | C12: =SUMIFS('Total-corrected counts Z<3'!E:E,'Total-corrected counts Z<3'!$V:$V,$A12) -> 35.689957 | D12: =SUMIFS('Total-corrected counts Z<3'!F:F,'Total-corrected counts Z<3'!$V:$V,$A12) -> 31.956892 | E12: =SUMIFS('Total-corrected counts Z<3'!G:G,'Total-corrected counts Z<3'!$V:$V,$A12) -> 32.733784 | F12: =SUMIFS('Total-corrected counts Z<3'!H:H,'Total-corrected counts Z<3'!$V:$V,$A12) -> 10.518951 | G12: =SUMIFS('Total-corrected counts Z<3'!I:I,'Total-corrected counts Z<3'!$V:$V,$A12) -> 22.064894 | H12: =SUMIFS('Total-corrected counts Z<3'!J:J,'Total-corrected counts Z<3'!$V:$V,$A12) -> 10.95542 | I12: =SUMIFS('Total-corrected counts Z<3'!K:K,'Total-corrected counts Z<3'!$V:$V,$A12) -> 39.321938 | J12: =SUMIFS('Total-corrected counts Z<3'!L:L,'Total-corrected counts Z<3'!$V:$V,$A12) -> 17.637187 | K12: =SUMIFS('Total-corrected counts Z<3'!M:M,'Total-corrected counts Z<3'!$V:$V,$A12) -> 37.977824 | L12: =SUMIFS('Total-corrected counts Z<3'!N:N,'Total-corrected counts Z<3'!$V:$V,$A12) -> 19.991157 | M12: =SUMIFS('Total-corrected counts Z<3'!O:O,'Total-corrected counts Z<3'!$V:$V,$A12) -> 19.554167 | N12: =SUMIFS('Total-corrected counts Z<3'!P:P,'Total-corrected counts Z<3'!$V:$V,$A12) -> 17.576905 | O12: =SUMIFS('Total-corrected counts Z<3'!Q:Q,'Total-corrected counts Z<3'!$V:$V,$A12) -> 16.063136 | P12: =SUMIFS('Total-corrected counts Z<3'!R:R,'Total-corrected counts Z<3'!$V:$V,$A12) -> 22.776049 | Q12: =SUMIFS('Total-corrected counts Z<3'!S:S,'Total-corrected counts Z<3'!$V:$V,$A12) -> 30.591186 | R12: =SUMIFS('Total-corrected counts Z<3'!T:T,'Total-corrected counts Z<3'!$V:$V,$A12) -> 20.948906 | S12: =IF(AND(U12=0,V12=0),0,1) -> 1 | T12: =_xlfn.T.TEST(C12:L12,M12:R12,2,2) -> 0.35204411 | U12: =AVERAGE(C12:L12) -> 25.8848 | V12: =AVERAGE(M12:R12) -> 21.251725 | W12: =STDEV(C12:L12)/SQRT(COUNT(C12:L12)) -> 3.4690111 | X12: =STDEV(M12:R12)/SQRT(COUNT(M12:R12)) -> 2.1051386
A13: 11 | B13: =IFERROR(VLOOKUP(A13,Tabel3[],2,FALSE),"") -> supplemental somatosensory | C13: =SUMIFS('Total-corrected counts Z<3'!E:E,'Total-corrected counts Z<3'!$V:$V,$A13) -> 235.70532 | D13: =SUMIFS('Total-corrected counts Z<3'!F:F,'Total-corrected counts Z<3'!$V:$V,$A13) -> 208.14948 | E13: =SUMIFS('Total-corrected counts Z<3'!G:G,'Total-corrected counts Z<3'!$V:$V,$A13) -> 285.48958 | F13: =SUMIFS('Total-corrected counts Z<3'!H:H,'Total-corrected counts Z<3'!$V:$V,$A13) -> 259.37296 | G13: =SUMIFS('Total-corrected counts Z<3'!I:I,'Total-corrected counts Z<3'!$V:$V,$A13) -> 276.29794 | H13: =SUMIFS('Total-corrected counts Z<3'!J:J,'Total-corrected counts Z<3'!$V:$V,$A13) -> 200.16691 | I13: =SUMIFS('Total-corrected counts Z<3'!K:K,'Total-corrected counts Z<3'!$V:$V,$A13) -> 185.95963 | J13: =SUMIFS('Total-corrected counts Z<3'!L:L,'Total-corrected counts Z<3'!$V:$V,$A13) -> 146.85671 | K13: =SUMIFS('Total-corrected counts Z<3'!M:M,'Total-corrected counts Z<3'!$V:$V,$A13) -> 320.78687 | L13: =SUMIFS('Total-corrected counts Z<3'!N:N,'Total-corrected counts Z<3'!$V:$V,$A13) -> 272.32659 | M13: =SUMIFS('Total-corrected counts Z<3'!O:O,'Total-corrected counts Z<3'!$V:$V,$A13) -> 302.3358 | N13: =SUMIFS('Total-corrected counts Z<3'!P:P,'Total-corrected counts Z<3'!$V:$V,$A13) -> 148.77168 | O13: =SUMIFS('Total-corrected counts Z<3'!Q:Q,'Total-corrected counts Z<3'!$V:$V,$A13) -> 252.3696 | P13: =SUMIFS('Total-corrected counts Z<3'!R:R,'Total-corrected counts Z<3'!$V:$V,$A13) -> 228.4281 | Q13: =SUMIFS('Total-corrected counts Z<3'!S:S,'Total-corrected counts Z<3'!$V:$V,$A13) -> 209.11055 | R13: =SUMIFS('Total-corrected counts Z<3'!T:T,'Total-corrected counts Z<3'!$V:$V,$A13) -> 313.61925 | S13: =IF(AND(U13=0,V13=0),0,1) -> 1 | T13: =_xlfn.T.TEST(C13:L13,M13:R13,2,2) -> 0.91049118 | U13: =AVERAGE(C13:L13) -> 239.1112 | V13: =AVERAGE(M13:R13) -> 242.43916 | W13: =STDEV(C13:L13)/SQRT(COUNT(C13:L13)) -> 16.846163 | X13: =STDEV(M13:R13)/SQRT(COUNT(M13:R13)) -> 25.055624
A14: 12 | B14: =IFERROR(VLOOKUP(A14,Tabel3[],2,FALSE),"") -> gustatory | C14: =SUMIFS('Total-corrected counts Z<3'!E:E,'Total-corrected counts Z<3'!$V:$V,$A14) -> 60.267675 | D14: =SUMIFS('Total-corrected counts Z<3'!F:F,'Total-corrected counts Z<3'!$V:$V,$A14) -> 65.405862 | E14: =SUMIFS('Total-corrected counts Z<3'!G:G,'Total-corrected counts Z<3'!$V:$V,$A14) -> 50.154445 | F14: =SUMIFS('Total-corrected counts Z<3'!H:H,'Total-corrected counts Z<3'!$V:$V,$A14) -> 62.498492 | G14: =SUMIFS('Total-corrected counts Z<3'!I:I,'Total-corrected counts Z<3'!$V:$V,$A14) -> 66.45354 | H14: =SUMIFS('Total-corrected counts Z<3'!J:J,'Total-corrected counts Z<3'!$V:$V,$A14) -> 105.0104 | I14: =SUMIFS('Total-corrected counts Z<3'!K:K,'Total-corrected counts Z<3'!$V:$V,$A14) -> 108.74085 | J14: =SUMIFS('Total-corrected counts Z<3'!L:L,'Total-corrected counts Z<3'!$V:$V,$A14) -> 46.697844 | K14: =SUMIFS('Total-corrected counts Z<3'!M:M,'Total-corrected counts Z<3'!$V:$V,$A14) -> 88.094911 | L14: =SUMIFS('Total-corrected counts Z<3'!N:N,'Total-corrected counts Z<3'!$V:$V,$A14) -> 51.020568 | M14: =SUMIFS('Total-corrected counts Z<3'!O:O,'Total-corrected counts Z<3'!$V:$V,$A14) -> 77.761302 | N14: =SUMIFS('Total-corrected counts Z<3'!P:P,'Total-corrected counts Z<3'!$V:$V,$A14) -> 54.825811 | O14: =SUMIFS('Total-corrected counts Z<3'!Q:Q,'Total-corrected counts Z<3'!$V:$V,$A14) -> 94.123118 | P14: =SUMIFS('Total-corrected counts Z<3'!R:R,'Total-corrected counts Z<3'!$V:$V,$A14) -> 98.386367 | Q14: =SUMIFS('Total-corrected counts Z<3'!S:S,'Total-corrected counts Z<3'!$V:$V,$A14) -> 57.864505 | R14: =SUMIFS('Total-corrected counts Z<3'!T:T,'Total-corrected counts Z<3'!$V:$V,$A14) -> 52.983188 | S14: =IF(AND(U14=0,V14=0),0,1) -> 1 | T14: =_xlfn.T.TEST(C14:L14,M14:R14,2,2) -> 0.8457679 | U14: =AVERAGE(C14:L14) -> 70.434458 | V14: =AVERAGE(M14:R14) -> 72.657382 | W14: =STDEV(C14:L14)/SQRT(COUNT(C14:L14)) -> 7.0976124 | X14: =STDEV(M14:R14)/SQRT(COUNT(M14:R14)) -> 8.3119924
... A98: 96 | B98: =IFERROR(VLOOKUP(A98,Tabel3[],2,FALSE),"") -> medulla | C98: =SUMIFS('Total-corrected counts Z<3'!E:E,'Total-corrected counts Z<3'!$V:$V,$A98) -> 6.7228306 | D98: =SUMIFS('Total-corrected counts Z<3'!F:F,'Total-corrected counts Z<3'!$V:$V,$A98) -> 1.732887 | E98: =SUMIFS('Total-corrected counts Z<3'!G:G,'Total-corrected counts Z<3'!$V:$V,$A98) -> 1.1653445 | F98: =SUMIFS('Total-corrected counts Z<3'!H:H,'Total-corrected counts Z<3'!$V:$V,$A98) -> 5.609303 | G98: =SUMIFS('Total-corrected counts Z<3'!I:I,'Total-corrected counts Z<3'!$V:$V,$A98) -> 0.78220357 | H98: =SUMIFS('Total-corrected counts Z<3'!J:J,'Total-corrected counts Z<3'!$V:$V,$A98) -> 22.826786 | I98: =SUMIFS('Total-corrected counts Z<3'!K:K,'Total-corrected counts Z<3'!$V:$V,$A98) -> 4.0582821 | J98: =SUMIFS('Total-corrected counts Z<3'!L:L,'Total-corrected counts Z<3'!$V:$V,$A98) -> 18.614016 | K98: =SUMIFS('Total-corrected counts Z<3'!M:M,'Total-corrected counts Z<3'!$V:$V,$A98) -> 1.5429823 | L98: =SUMIFS('Total-corrected counts Z<3'!N:N,'Total-corrected counts Z<3'!$V:$V,$A98) -> 10.18373 | M98: =SUMIFS('Total-corrected counts Z<3'!O:O,'Total-corrected counts Z<3'!$V:$V,$A98) -> 0.98588722 | N98: =SUMIFS('Total-corrected counts Z<3'!P:P,'Total-corrected counts Z<3'!$V:$V,$A98) -> 7.0118515 | O98: =SUMIFS('Total-corrected counts Z<3'!Q:Q,'Total-corrected counts Z<3'!$V:$V,$A98) -> 7.8551863 | P98: =SUMIFS('Total-corrected counts Z<3'!R:R,'Total-corrected counts Z<3'!$V:$V,$A98) -> 2.2442239 | Q98: =SUMIFS('Total-corrected counts Z<3'!S:S,'Total-corrected counts Z<3'!$V:$V,$A98) -> 14.030161 | R98: =SUMIFS('Total-corrected counts Z<3'!T:T,'Total-corrected counts Z<3'!$V:$V,$A98) -> 0.79863863 | S98: =IF(AND(U98=0,V98=0),0,1) -> 1 | T98: =_xlfn.T.TEST(C98:L98,M98:R98,2,2) -> 0.61501874 | U98: =AVERAGE(C98:L98) -> 7.3238365 | V98: =AVERAGE(M98:R98) -> 5.4876581 | W98: =STDEV(C98:L98)/SQRT(COUNT(C98:L98)) -> 2.4389211 | X98: =STDEV(M98:R98)/SQRT(COUNT(M98:R98)) -> 2.1108878

Sheet Activation map corrected
E1: Group | F1: 0 | G1: 0 | H1: 0 | I1: 0 | J1: 0 | K1: 0 | L1: 0 | M1: 0 | N1: 0 | O1: 0 | P1: 1 | Q1: 1 | R1: 1 | S1: 1 | T1: 1 | U1: 1
B2: id | C2: name | D2: structure_order | E2: parent_id | F2: 345391 | G2: 348028 | H2: 348030 | I2: 348035 | J2: 348465 | K2: 349038 | L2: 349438 | M2: 354044 | N2: 354519 | O2: 354522 | P2: 348034 | Q2: 349022 | R2: 349440 | S2: 350322 | T2: 350324 | U2: 354043 | W2: T-test | X2: Gem 0 | Y2: Gem 1 | Z2: SEM 0 | AA2: SEM 1
A3: dCA1 | B3: 382 | C3: Field CA1 | D3: 37700 | E3: 375 | F3: =SUMIFS('Total-corrected counts'!E:E,'Total-corrected counts'!$A:$A,'Activation map corrected'!$B3) -> 9.4129537 | G3: =SUMIFS('Total-corrected counts'!F:F,'Total-corrected counts'!$A:$A,'Activation map corrected'!$B3) -> 16.568666 | H3: =SUMIFS('Total-corrected counts'!G:G,'Total-corrected counts'!$A:$A,'Activation map corrected'!$B3) -> 29.118737 | I3: =SUMIFS('Total-corrected counts'!H:H,'Total-corrected counts'!$A:$A,'Activation map corrected'!$B3) -> 10.603392 | J3: =SUMIFS('Total-corrected counts'!I:I,'Total-corrected counts'!$A:$A,'Activation map corrected'!$B3) -> 24.40025 | K3: =SUMIFS('Total-corrected counts'!J:J,'Total-corrected counts'!$A:$A,'Activation map corrected'!$B3) -> 28.274563 | L3: =SUMIFS('Total-corrected counts'!K:K,'Total-corrected counts'!$A:$A,'Activation map corrected'!$B3) -> 9.6530814 | M3: =SUMIFS('Total-corrected counts'!L:L,'Total-corrected counts'!$A:$A,'Activation map corrected'!$B3) -> 23.776284 | N3: =SUMIFS('Total-corrected counts'!M:M,'Total-corrected counts'!$A:$A,'Activation map corrected'!$B3) -> 23.332279 | O3: =SUMIFS('Total-corrected counts'!N:N,'Total-corrected counts'!$A:$A,'Activation map corrected'!$B3) -> 20.14795 | P3: =SUMIFS('Total-corrected counts'!O:O,'Total-corrected counts'!$A:$A,'Activation map corrected'!$B3) -> 7.6793099 | Q3: =SUMIFS('Total-corrected counts'!P:P,'Total-corrected counts'!$A:$A,'Activation map corrected'!$B3) -> 16.442269 | R3: =SUMIFS('Total-corrected counts'!Q:Q,'Total-corrected counts'!$A:$A,'Activation map corrected'!$B3) -> 15.581192 | S3: =SUMIFS('Total-corrected counts'!R:R,'Total-corrected counts'!$A:$A,'Activation map corrected'!$B3) -> 15.724974 | T3: =SUMIFS('Total-corrected counts'!S:S,'Total-corrected counts'!$A:$A,'Activation map corrected'!$B3) -> 14.013175 | U3: =SUMIFS('Total-corrected counts'!T:T,'Total-corrected counts'!$A:$A,'Activation map corrected'!$B3) -> 10.559777 | W3: =_xlfn.T.TEST(F3:O3,P3:U3,2,2) -> 0.081984425 | X3: =AVERAGE(F3:O3) -> 19.528816 | Y3: =AVERAGE(P3:U3) -> 13.33345 | Z3: =STDEV(F3:O3)/SQRT(COUNT(F3:O3)) -> 2.388311 | AA3: =STDEV(P3:U3)/SQRT(COUNT(P3:U3)) -> 1.4208105
A4: dCA3 | B4: 463 | C4: Field CA3 | D4: 38700 | E4: 375 | F4: =SUMIFS('Total-corrected counts'!E:E,'Total-corrected counts'!$A:$A,'Activation map corrected'!$B4) -> 18.033238 | G4: =SUMIFS('Total-corrected counts'!F:F,'Total-corrected counts'!$A:$A,'Activation map corrected'!$B4) -> 15.633757 | H4: =SUMIFS('Total-corrected counts'!G:G,'Total-corrected counts'!$A:$A,'Activation map corrected'!$B4) -> 26.376458 | I4: =SUMIFS('Total-corrected counts'!H:H,'Total-corrected counts'!$A:$A,'Activation map corrected'!$B4) -> 10.609424 | J4: =SUMIFS('Total-corrected counts'!I:I,'Total-corrected counts'!$A:$A,'Activation map corrected'!$B4) -> 16.617605 | K4: =SUMIFS('Total-corrected counts'!J:J,'Total-corrected counts'!$A:$A,'Activation map corrected'!$B4) -> 12.314371 | L4: =SUMIFS('Total-corrected counts'!K:K,'Total-corrected counts'!$A:$A,'Activation map corrected'!$B4) -> 6.7207966 | M4: =SUMIFS('Total-corrected counts'!L:L,'Total-corrected counts'!$A:$A,'Activation map corrected'!$B4) -> 7.1362771 | N4: =SUMIFS('Total-corrected counts'!M:M,'Total-corrected counts'!$A:$A,'Activation map corrected'!$B4) -> 15.139981 | O4: =SUMIFS('Total-corrected counts'!N:N,'Total-corrected counts'!$A:$A,'Activation map corrected'!$B4) -> 6.663719 | P4: =SUMIFS('Total-corrected counts'!O:O,'Total-corrected counts'!$A:$A,'Activation map corrected'!$B4) -> 20.248267 | Q4: =SUMIFS('Total-corrected counts'!P:P,'Total-corrected counts'!$A:$A,'Activation map corrected'!$B4) -> 15.402186 | R4: =SUMIFS('Total-corrected counts'!Q:Q,'Total-corrected counts'!$A:$A,'Activation map corrected'!$B4) -> 7.9744302 | S4: =SUMIFS('Total-corrected counts'!R:R,'Total-corrected counts'!$A:$A,'Activation map corrected'!$B4) -> 8.5917315 | T4: =SUMIFS('Total-corrected counts'!S:S,'Total-corrected counts'!$A:$A,'Activation map corrected'!$B4) -> 7.4114127 | U4: =SUMIFS('Total-corrected counts'!T:T,'Total-corrected counts'!$A:$A,'Activation map corrected'!$B4) -> 6.7099297 | W4: =_xlfn.T.TEST(F4:O4,P4:U4,2,2) -> 0.43601242 | X4: =AVERAGE(F4:O4) -> 13.524563 | Y4: =AVERAGE(P4:U4) -> 11.056326 | Z4: =STDEV(F4:O4)/SQRT(COUNT(F4:O4)) -> 1.9614613 | AA4: =STDEV(P4:U4)/SQRT(COUNT(P4:U4)) -> 2.2444534
A5: dDG | C5: Dentate gyrus | E5: 726 | F5: =SUMPRODUCT(SUMIFS('Total-corrected counts'!E:E,'Total-corrected counts'!$A:$A,$B18:$B20)) -> 21.109787 | G5: =SUMPRODUCT(SUMIFS('Total-corrected counts'!F:F,'Total-corrected counts'!$A:$A,$B18:$B20)) -> 30.767008 | H5: =SUMPRODUCT(SUMIFS('Total-corrected counts'!G:G,'Total-corrected counts'!$A:$A,$B18:$B20)) -> 16.567728 | I5: =SUMPRODUCT(SUMIFS('Total-corrected counts'!H:H,'Total-corrected counts'!$A:$A,$B18:$B20)) -> 25.670101 | J5: =SUMPRODUCT(SUMIFS('Total-corrected counts'!I:I,'Total-corrected counts'!$A:$A,$B18:$B20)) -> 28.868377 | K5: =SUMPRODUCT(SUMIFS('Total-corrected counts'!J:J,'Total-corrected counts'!$A:$A,$B18:$B20)) -> 19.079194 | L5: =SUMPRODUCT(SUMIFS('Total-corrected counts'!K:K,'Total-corrected counts'!$A:$A,$B18:$B20)) -> 14.966381 | M5: =SUMPRODUCT(SUMIFS('Total-corrected counts'!L:L,'Total-corrected counts'!$A:$A,$B18:$B20)) -> 47.851044 | N5: =SUMPRODUCT(SUMIFS('Total-corrected counts'!M:M,'Total-corrected counts'!$A:$A,$B18:$B20)) -> 46.766855 | O5: =SUMPRODUCT(SUMIFS('Total-corrected counts'!N:N,'Total-corrected counts'!$A:$A,$B18:$B20)) -> 53.317591 | P5: =SUMPRODUCT(SUMIFS('Total-corrected counts'!O:O,'Total-corrected counts'!$A:$A,$B18:$B20)) -> 14.35947 | Q5: =SUMPRODUCT(SUMIFS('Total-corrected counts'!P:P,'Total-corrected counts'!$A:$A,$B18:$B20)) -> 16.989681 | R5: =SUMPRODUCT(SUMIFS('Total-corrected counts'!Q:Q,'Total-corrected counts'!$A:$A,$B18:$B20)) -> 20.559621 | S5: =SUMPRODUCT(SUMIFS('Total-corrected counts'!R:R,'Total-corrected counts'!$A:$A,$B18:$B20)) -> 15.853362 | T5: =SUMPRODUCT(SUMIFS('Total-corrected counts'!S:S,'Total-corrected counts'!$A:$A,$B18:$B20)) -> 21.73033 | U5: =SUMPRODUCT(SUMIFS('Total-corrected counts'!T:T,'Total-corrected counts'!$A:$A,$B18:$B20)) -> 33.986511 | W5: =_xlfn.T.TEST(F5:O5,P5:U5,2,2) -> 0.13232693 | X5: =AVERAGE(F5:O5) -> 30.496407 | Y5: =AVERAGE(P5:U5) -> 20.579829 | Z5: =STDEV(F5:O5)/SQRT(COUNT(F5:O5)) -> 4.4301812 | AA5: =STDEV(P5:U5)/SQRT(COUNT(P5:U5)) -> 2.9153884
A6: vCA1 | B6: 2382 | C6: Field CA1 ventral | D6: 37700 | E6: 2375 | F6: =SUMIFS('Total-corrected counts'!E:E,'Total-corrected counts'!$A:$A,'Activation map corrected'!$B6) -> 33.074147 | G6: =SUMIFS('Total-corrected counts'!F:F,'Total-corrected counts'!$A:$A,'Activation map corrected'!$B6) -> 38.553195 | H6: =SUMIFS('Total-corrected counts'!G:G,'Total-corrected counts'!$A:$A,'Activation map corrected'!$B6) -> 45.984 | I6: =SUMIFS('Total-corrected counts'!H:H,'Total-corrected counts'!$A:$A,'Activation map corrected'!$B6) -> 63.65051 | J6: =SUMIFS('Total-corrected counts'!I:I,'Total-corrected counts'!$A:$A,'Activation map corrected'!$B6) -> 35.03034 | K6: =SUMIFS('Total-corrected counts'!J:J,'Total-corrected counts'!$A:$A,'Activation map corrected'!$B6) -> 65.445167 | L6: =SUMIFS('Total-corrected counts'!K:K,'Total-corrected counts'!$A:$A,'Activation map corrected'!$B6) -> 26.63101 | M6: =SUMIFS('Total-corrected counts'!L:L,'Total-corrected counts'!$A:$A,'Activation map corrected'!$B6) -> 81.483803 | N6: =SUMIFS('Total-corrected counts'!M:M,'Total-corrected counts'!$A:$A,'Activation map corrected'!$B6) -> 81.599041 | O6: =SUMIFS('Total-corrected counts'!N:N,'Total-corrected counts'!$A:$A,'Activation map corrected'!$B6) -> 82.622275 | P6: =SUMIFS('Total-corrected counts'!O:O,'Total-corrected counts'!$A:$A,'Activation map corrected'!$B6) -> 44.634607 | Q6: =SUMIFS('Total-corrected counts'!P:P,'Total-corrected counts'!$A:$A,'Activation map corrected'!$B6) -> 45.713888 | R6: =SUMIFS('Total-corrected counts'!Q:Q,'Total-corrected counts'!$A:$A,'Activation map corrected'!$B6) -> 60.968369 | S6: =SUMIFS('Total-corrected counts'!R:R,'Total-corrected counts'!$A:$A,'Activation map corrected'!$B6) -> 28.743527 | T6: =SUMIFS('Total-corrected counts'!S:S,'Total-corrected counts'!$A:$A,'Activation map corrected'!$B6) -> 47.792005 | U6: =SUMIFS('Total-corrected counts'!T:T,'Total-corrected counts'!$A:$A,'Activation map corrected'!$B6) -> 57.836454 | W6: =_xlfn.T.TEST(F6:O6,P6:U6,2,2) -> 0.43977914 | X6: =AVERAGE(F6:O6) -> 55.407349 | Y6: =AVERAGE(P6:U6) -> 47.614808 | Z6: =STDEV(F6:O6)/SQRT(COUNT(F6:O6)) -> 6.9843317 | AA6: =STDEV(P6:U6)/SQRT(COUNT(P6:U6)) -> 4.6599405
A7: vCA3 | B7: 2463 | C7: Field CA3 ventral | D7: 38700 | E7: 2375 | F7: =SUMIFS('Total-corrected counts'!E:E,'Total-corrected counts'!$A:$A,'Activation map corrected'!$B7) -> 31.047885 | G7: =SUMIFS('Total-corrected counts'!F:F,'Total-corrected counts'!$A:$A,'Activation map corrected'!$B7) -> 39.469217 | H7: =SUMIFS('Total-corrected counts'!G:G,'Total-corrected counts'!$A:$A,'Activation map corrected'!$B7) -> 28.612928 | I7: =SUMIFS('Total-corrected counts'!H:H,'Total-corrected counts'!$A:$A,'Activation map corrected'!$B7) -> 22.925764 | J7: =SUMIFS('Total-corrected counts'!I:I,'Total-corrected counts'!$A:$A,'Activation map corrected'!$B7) -> 14.192212 | K7: =SUMIFS('Total-corrected counts'!J:J,'Total-corrected counts'!$A:$A,'Activation map corrected'!$B7) -> 58.243325 | L7: =SUMIFS('Total-corrected counts'!K:K,'Total-corrected counts'!$A:$A,'Activation map corrected'!$B7) -> 20.555316 | M7: =SUMIFS('Total-corrected counts'!L:L,'Total-corrected counts'!$A:$A,'Activation map corrected'!$B7) -> 29.013172 | N7: =SUMIFS('Total-corrected counts'!M:M,'Total-corrected counts'!$A:$A,'Activation map corrected'!$B7) -> 26.963829 | O7: =SUMIFS('Total-corrected counts'!N:N,'Total-corrected counts'!$A:$A,'Activation map corrected'!$B7) -> 25.243735 | P7: =SUMIFS('Total-corrected counts'!O:O,'Total-corrected counts'!$A:$A,'Activation map corrected'!$B7) -> 35.350467 | Q7: =SUMIFS('Total-corrected counts'!P:P,'Total-corrected counts'!$A:$A,'Activation map corrected'!$B7) -> 28.734159 | R7: =SUMIFS('Total-corrected counts'!Q:Q,'Total-corrected counts'!$A:$A,'Activation map corrected'!$B7) -> 16.813378 | S7: =SUMIFS('Total-corrected counts'!R:R,'Total-corrected counts'!$A:$A,'Activation map corrected'!$B7) -> 16.91128 | T7: =SUMIFS('Total-corrected counts'!S:S,'Total-corrected counts'!$A:$A,'Activation map corrected'!$B7) -> 15.366367 | U7: =SUMIFS('Total-corrected counts'!T:T,'Total-corrected counts'!$A:$A,'Activation map corrected'!$B7) -> 36.846592 | W7: =_xlfn.T.TEST(F7:O7,P7:U7,2,2) -> 0.44267008 | X7: =AVERAGE(F7:O7) -> 29.626738 | Y7: =AVERAGE(P7:U7) -> 25.003707 | Z7: =STDEV(F7:O7)/SQRT(COUNT(F7:O7)) -> 3.8165248 | AA7: =STDEV(P7:U7)/SQRT(COUNT(P7:U7)) -> 4.0277076
A8: vDG | C8: Dentate gyrus ventral | E8: 2726 | F8: =SUMPRODUCT(SUMIFS('Total-corrected counts'!E:E,'Total-corrected counts'!$A:$A,$B21:$B23)) -> 34.63967 | G8: =SUMPRODUCT(SUMIFS('Total-corrected counts'!F:F,'Total-corrected counts'!$A:$A,$B21:$B23)) -> 35.757911 | H8: =SUMPRODUCT(SUMIFS('Total-corrected counts'!G:G,'Total-corrected counts'!$A:$A,$B21:$B23)) -> 24.417687 | I8: =SUMPRODUCT(SUMIFS('Total-corrected counts'!H:H,'Total-corrected counts'!$A:$A,$B21:$B23)) -> 54.657531 | J8: =SUMPRODUCT(SUMIFS('Total-corrected counts'!I:I,'Total-corrected counts'!$A:$A,$B21:$B23)) -> 20.900029 | K8: =SUMPRODUCT(SUMIFS('Total-corrected counts'!J:J,'Total-corrected counts'!$A:$A,$B21:$B23)) -> 39.517339 | L8: =SUMPRODUCT(SUMIFS('Total-corrected counts'!K:K,'Total-corrected counts'!$A:$A,$B21:$B23)) -> 23.604892 | M8: =SUMPRODUCT(SUMIFS('Total-corrected counts'!L:L,'Total-corrected counts'!$A:$A,$B21:$B23)) -> 37.750363 | N8: =SUMPRODUCT(SUMIFS('Total-corrected counts'!M:M,'Total-corrected counts'!$A:$A,$B21:$B23)) -> 60.423527 | O8: =SUMPRODUCT(SUMIFS('Total-corrected counts'!N:N,'Total-corrected counts'!$A:$A,$B21:$B23)) -> 88.91753 | P8: =SUMPRODUCT(SUMIFS('Total-corrected counts'!O:O,'Total-corrected counts'!$A:$A,$B21:$B23)) -> 25.266123 | Q8: =SUMPRODUCT(SUMIFS('Total-corrected counts'!P:P,'Total-corrected counts'!$A:$A,$B21:$B23)) -> 25.598981 | R8: =SUMPRODUCT(SUMIFS('Total-corrected counts'!Q:Q,'Total-corrected counts'!$A:$A,$B21:$B23)) -> 35.311075 | S8: =SUMPRODUCT(SUMIFS('Total-corrected counts'!R:R,'Total-corrected counts'!$A:$A,$B21:$B23)) -> 17.373477 | T8: =SUMPRODUCT(SUMIFS('Total-corrected counts'!S:S,'Total-corrected counts'!$A:$A,$B21:$B23)) -> 22.585275 | U8: =SUMPRODUCT(SUMIFS('Total-corrected counts'!T:T,'Total-corrected counts'!$A:$A,$B21:$B23)) -> 75.290462 | W8: =_xlfn.T.TEST(F8:O8,P8:U8,2,2) -> 0.44670583 | X8: =AVERAGE(F8:O8) -> 42.058648 | Y8: =AVERAGE(P8:U8) -> 33.570899 | Z8: =STDEV(F8:O8)/SQRT(COUNT(F8:O8)) -> 6.5920384 | AA8: =STDEV(P8:U8)/SQRT(COUNT(P8:U8)) -> 8.6777711
A9: RSP | C9: Retrosplenial area | F9: =SUMPRODUCT(SUMIFS('Total-corrected counts'!E:E,'Total-corrected counts'!$A:$A,$B24:$B40)) -> 133.03972 | G9: =SUMPRODUCT(SUMIFS('Total-corrected counts'!F:F,'Total-corrected counts'!$A:$A,$B24:$B40)) -> 173.3312 | H9: =SUMPRODUCT(SUMIFS('Total-corrected counts'!G:G,'Total-corrected counts'!$A:$A,$B24:$B40)) -> 227.5546 | I9: =SUMPRODUCT(SUMIFS('Total-corrected counts'!H:H,'Total-corrected counts'!$A:$A,$B24:$B40)) -> 226.51934 | J9: =SUMPRODUCT(SUMIFS('Total-corrected counts'!I:I,'Total-corrected counts'!$A:$A,$B24:$B40)) -> 140.16075 | K9: =SUMPRODUCT(SUMIFS('Total-corrected counts'!J:J,'Total-corrected counts'!$A:$A,$B24:$B40)) -> 346.766 | L9: =SUMPRODUCT(SUMIFS('Total-corrected counts'!K:K,'Total-corrected counts'!$A:$A,$B24:$B40)) -> 212.42644 | M9: =SUMPRODUCT(SUMIFS('Total-corrected counts'!L:L,'Total-corrected counts'!$A:$A,$B24:$B40)) -> 166.92919 | N9: =SUMPRODUCT(SUMIFS('Total-corrected counts'!M:M,'Total-corrected counts'!$A:$A,$B24:$B40)) -> 260.9686 | O9: =SUMPRODUCT(SUMIFS('Total-corrected counts'!N:N,'Total-corrected counts'!$A:$A,$B24:$B40)) -> 223.17187 | P9: =SUMPRODUCT(SUMIFS('Total-corrected counts'!O:O,'Total-corrected counts'!$A:$A,$B24:$B40)) -> 158.6969 | Q9: =SUMPRODUCT(SUMIFS('Total-corrected counts'!P:P,'Total-corrected counts'!$A:$A,$B24:$B40)) -> 124.93437 | R9: =SUMPRODUCT(SUMIFS('Total-corrected counts'!Q:Q,'Total-corrected counts'!$A:$A,$B24:$B40)) -> 166.94631 | S9: =SUMPRODUCT(SUMIFS('Total-corrected counts'!R:R,'Total-corrected counts'!$A:$A,$B24:$B40)) -> 128.91706 | T9: =SUMPRODUCT(SUMIFS('Total-corrected counts'!S:S,'Total-corrected counts'!$A:$A,$B24:$B40)) -> 187.16506 | U9: =SUMPRODUCT(SUMIFS('Total-corrected counts'!T:T,'Total-corrected counts'!$A:$A,$B24:$B40)) -> 153.91882 | W9: =_xlfn.T.TEST(F9:O9,P9:U9,2,2) -> 0.052306151 | X9: =AVERAGE(F9:O9) -> 211.08677 | Y9: =AVERAGE(P9:U9) -> 153.42975 | Z9: =STDEV(F9:O9)/SQRT(COUNT(F9:O9)) -> 20.014291 | AA9: =STDEV(P9:U9)/SQRT(COUNT(P9:U9)) -> 9.5944593
A10: ACC | C10: Anterior cingulate area | F10: =SUMPRODUCT(SUMIFS('Total-corrected counts'!E:E,'Total-corrected counts'!$A:$A,$B41:$B50)) -> 66.326644 | G10: =SUMPRODUCT(SUMIFS('Total-corrected counts'!F:F,'Total-corrected counts'!$A:$A,$B41:$B50)) -> 50.579526 | H10: =SUMPRODUCT(SUMIFS('Total-corrected counts'!G:G,'Total-corrected counts'!$A:$A,$B41:$B50)) -> 73.828296 | I10: =SUMPRODUCT(SUMIFS('Total-corrected counts'!H:H,'Total-corrected counts'!$A:$A,$B41:$B50)) -> 59.416391 | J10: =SUMPRODUCT(SUMIFS('Total-corrected counts'!I:I,'Total-corrected counts'!$A:$A,$B41:$B50)) -> 30.905482 | K10: =SUMPRODUCT(SUMIFS('Total-corrected counts'!J:J,'Total-corrected counts'!$A:$A,$B41:$B50)) -> 102.53196 | L10: =SUMPRODUCT(SUMIFS('Total-corrected counts'!K:K,'Total-corrected counts'!$A:$A,$B41:$B50)) -> 199.88212 | M10: =SUMPRODUCT(SUMIFS('Total-corrected counts'!L:L,'Total-corrected counts'!$A:$A,$B41:$B50)) -> 56.778174 | N10: =SUMPRODUCT(SUMIFS('Total-corrected counts'!M:M,'Total-corrected counts'!$A:$A,$B41:$B50)) -> 86.108641 | O10: =SUMPRODUCT(SUMIFS('Total-corrected counts'!N:N,'Total-corrected counts'!$A:$A,$B41:$B50)) -> 52.086763 | P10: =SUMPRODUCT(SUMIFS('Total-corrected counts'!O:O,'Total-corrected counts'!$A:$A,$B41:$B50)) -> 32.463542 | Q10: =SUMPRODUCT(SUMIFS('Total-corrected counts'!P:P,'Total-corrected counts'!$A:$A,$B41:$B50)) -> 45.499899 | R10: =SUMPRODUCT(SUMIFS('Total-corrected counts'!Q:Q,'Total-corrected counts'!$A:$A,$B41:$B50)) -> 78.566769 | S10: =SUMPRODUCT(SUMIFS('Total-corrected counts'!R:R,'Total-corrected counts'!$A:$A,$B41:$B50)) -> 52.813728 | T10: =SUMPRODUCT(SUMIFS('Total-corrected counts'!S:S,'Total-corrected counts'!$A:$A,$B41:$B50)) -> 34.97915 | U10: =SUMPRODUCT(SUMIFS('Total-corrected counts'!T:T,'Total-corrected counts'!$A:$A,$B41:$B50)) -> 42.873925 | W10: =_xlfn.T.TEST(F10:O10,P10:U10,2,2) -> 0.16078708 | X10: =AVERAGE(F10:O10) -> 77.8444 | Y10: =AVERAGE(P10:U10) -> 47.866169 | Z10: =STDEV(F10:O10)/SQRT(COUNT(F10:O10)) -> 14.949261 | AA10: =STDEV(P10:U10)/SQRT(COUNT(P10:U10)) -> 6.8333571
A11: PL | C11: Prelimbic area | E11: 972 | F11: =SUMPRODUCT(SUMIFS('Total-corrected counts'!E:E,'Total-corrected counts'!$A:$A,$B51:$B55)) -> 29.21979 | G11: =SUMPRODUCT(SUMIFS('Total-corrected counts'!F:F,'Total-corrected counts'!$A:$A,$B51:$B55)) -> 18.263779 | H11: =SUMPRODUCT(SUMIFS('Total-corrected counts'!G:G,'Total-corrected counts'!$A:$A,$B51:$B55)) -> 11.663363 | I11: =SUMPRODUCT(SUMIFS('Total-corrected counts'!H:H,'Total-corrected counts'!$A:$A,$B51:$B55)) -> 13.999131 | J11: =SUMPRODUCT(SUMIFS('Total-corrected counts'!I:I,'Total-corrected counts'!$A:$A,$B51:$B55)) -> 17.028403 | K11: =SUMPRODUCT(SUMIFS('Total-corrected counts'!J:J,'Total-corrected counts'!$A:$A,$B51:$B55)) -> 47.796763 | L11: =SUMPRODUCT(SUMIFS('Total-corrected counts'!K:K,'Total-corrected counts'!$A:$A,$B51:$B55)) -> 77.558932 | M11: =SUMPRODUCT(SUMIFS('Total-corrected counts'!L:L,'Total-corrected counts'!$A:$A,$B51:$B55)) -> 22.650218 | N11: =SUMPRODUCT(SUMIFS('Total-corrected counts'!M:M,'Total-corrected counts'!$A:$A,$B51:$B55)) -> 43.041534 | O11: =SUMPRODUCT(SUMIFS('Total-corrected counts'!N:N,'Total-corrected counts'!$A:$A,$B51:$B55)) -> 9.1880925 | P11: =SUMPRODUCT(SUMIFS('Total-corrected counts'!O:O,'Total-corrected counts'!$A:$A,$B51:$B55)) -> 9.5980321 | Q11: =SUMPRODUCT(SUMIFS('Total-corrected counts'!P:P,'Total-corrected counts'!$A:$A,$B51:$B55)) -> 15.437021 | R11: =SUMPRODUCT(SUMIFS('Total-corrected counts'!Q:Q,'Total-corrected counts'!$A:$A,$B51:$B55)) -> 38.625059 | S11: =SUMPRODUCT(SUMIFS('Total-corrected counts'!R:R,'Total-corrected counts'!$A:$A,$B51:$B55)) -> 15.812278 | T11: =SUMPRODUCT(SUMIFS('Total-corrected counts'!S:S,'Total-corrected counts'!$A:$A,$B51:$B55)) -> 9.0024035 | U11: =SUMPRODUCT(SUMIFS('Total-corrected counts'!T:T,'Total-corrected counts'!$A:$A,$B51:$B55)) -> 13.74068 | W11: =_xlfn.T.TEST(F11:O11,P11:U11,2,2) -> 0.22642979 | X11: =AVERAGE(F11:O11) -> 29.041001 | Y11: =AVERAGE(P11:U11) -> 17.035912 | Z11: =STDEV(F11:O11)/SQRT(COUNT(F11:O11)) -> 6.7704311 | AA11: =STDEV(P11:U11)/SQRT(COUNT(P11:U11)) -> 4.4753506
A12: IL | C12: Infralimbic area | E12: 44 | F12: =SUMPRODUCT(SUMIFS('Total-corrected counts'!E:E,'Total-corrected counts'!$A:$A,$B56:$B60)) -> 35.075638 | G12: =SUMPRODUCT(SUMIFS('Total-corrected counts'!F:F,'Total-corrected counts'!$A:$A,$B56:$B60)) -> 24.793978 | H12: =SUMPRODUCT(SUMIFS('Total-corrected counts'!G:G,'Total-corrected counts'!$A:$A,$B56:$B60)) -> 14.356053 | I12: =SUMPRODUCT(SUMIFS('Total-corrected counts'!H:H,'Total-corrected counts'!$A:$A,$B56:$B60)) -> 16.459987 | J12: =SUMPRODUCT(SUMIFS('Total-corrected counts'!I:I,'Total-corrected counts'!$A:$A,$B56:$B60)) -> 22.993409 | K12: =SUMPRODUCT(SUMIFS('Total-corrected counts'!J:J,'Total-corrected counts'!$A:$A,$B56:$B60)) -> 17.804055 | L12: =SUMPRODUCT(SUMIFS('Total-corrected counts'!K:K,'Total-corrected counts'!$A:$A,$B56:$B60)) -> 81.511651 | M12: =SUMPRODUCT(SUMIFS('Total-corrected counts'!L:L,'Total-corrected counts'!$A:$A,$B56:$B60)) -> 13.662036 | N12: =SUMPRODUCT(SUMIFS('Total-corrected counts'!M:M,'Total-corrected counts'!$A:$A,$B56:$B60)) -> 50.867267 | O12: =SUMPRODUCT(SUMIFS('Total-corrected counts'!N:N,'Total-corrected counts'!$A:$A,$B56:$B60)) -> 8.2081338 | P12: =SUMPRODUCT(SUMIFS('Total-corrected counts'!O:O,'Total-corrected counts'!$A:$A,$B56:$B60)) -> 12.683903 | Q12: =SUMPRODUCT(SUMIFS('Total-corrected counts'!P:P,'Total-corrected counts'!$A:$A,$B56:$B60)) -> 27.594547 | R12: =SUMPRODUCT(SUMIFS('Total-corrected counts'!Q:Q,'Total-corrected counts'!$A:$A,$B56:$B60)) -> 18.81568 | S12: =SUMPRODUCT(SUMIFS('Total-corrected counts'!R:R,'Total-corrected counts'!$A:$A,$B56:$B60)) -> 31.845384 | T12: =SUMPRODUCT(SUMIFS('Total-corrected counts'!S:S,'Total-corrected counts'!$A:$A,$B56:$B60)) -> 15.841965 | U12: =SUMPRODUCT(SUMIFS('Total-corrected counts'!T:T,'Total-corrected counts'!$A:$A,$B56:$B60)) -> 13.959111 | W12: =_xlfn.T.TEST(F12:O12,P12:U12,2,2) -> 0.39157569 | X12: =AVERAGE(F12:O12) -> 28.573221 | Y12: =AVERAGE(P12:U12) -> 20.123432 | Z12: =STDEV(F12:O12)/SQRT(COUNT(F12:O12)) -> 7.0625096 | AA12: =STDEV(P12:U12)/SQRT(COUNT(P12:U12)) -> 3.1969168
A13: CeA | B13: 536 | C13: Central amygdalar nucleus | D13: 50300 | E13: 278 | F13: =SUMIFS('Total-corrected counts'!E:E,'Total-corrected counts'!$A:$A,'Activation map corrected'!$B13) -> 27.783076 | G13: =SUMIFS('Total-corrected counts'!F:F,'Total-corrected counts'!$A:$A,'Activation map corrected'!$B13) -> 24.595664 | H13: =SUMIFS('Total-corrected counts'!G:G,'Total-corrected counts'!$A:$A,'Activation map corrected'!$B13) -> 25.49873 | I13: =SUMIFS('Total-corrected counts'!H:H,'Total-corrected counts'!$A:$A,'Activation map corrected'!$B13) -> 18.323723 | J13: =SUMIFS('Total-corrected counts'!I:I,'Total-corrected counts'!$A:$A,'Activation map corrected'!$B13) -> 20.393567 | K13: =SUMIFS('Total-corrected counts'!J:J,'Total-corrected counts'!$A:$A,'Activation map corrected'!$B13) -> 24.766434 | L13: =SUMIFS('Total-corrected counts'!K:K,'Total-corrected counts'!$A:$A,'Activation map corrected'!$B13) -> 27.3113 | M13: =SUMIFS('Total-corrected counts'!L:L,'Total-corrected counts'!$A:$A,'Activation map corrected'!$B13) -> 11.877967 | N13: =SUMIFS('Total-corrected counts'!M:M,'Total-corrected counts'!$A:$A,'Activation map corrected'!$B13) -> 14.679644 | O13: =SUMIFS('Total-corrected counts'!N:N,'Total-corrected counts'!$A:$A,'Activation map corrected'!$B13) -> 6.0914231 | P13: =SUMIFS('Total-corrected counts'!O:O,'Total-corrected counts'!$A:$A,'Activation map corrected'!$B13) -> 16.035036 | Q13: =SUMIFS('Total-corrected counts'!P:P,'Total-corrected counts'!$A:$A,'Activation map corrected'!$B13) -> 14.894586 | R13: =SUMIFS('Total-corrected counts'!Q:Q,'Total-corrected counts'!$A:$A,'Activation map corrected'!$B13) -> 20.023024 | S13: =SUMIFS('Total-corrected counts'!R:R,'Total-corrected counts'!$A:$A,'Activation map corrected'!$B13) -> 25.590316 | T13: =SUMIFS('Total-corrected counts'!S:S,'Total-corrected counts'!$A:$A,'Activation map corrected'!$B13) -> 17.948188 | U13: =SUMIFS('Total-corrected counts'!T:T,'Total-corrected counts'!$A:$A,'Activation map corrected'!$B13) -> 19.897706 | W13: =_xlfn.T.TEST(F13:O13,P13:U13,2,2) -> 0.74660047 | X13: =AVERAGE(F13:O13) -> 20.132153 | Y13: =AVERAGE(P13:U13) -> 19.064809 | Z13: =STDEV(F13:O13)/SQRT(COUNT(F13:O13)) -> 2.3060758 | AA13: =STDEV(P13:U13)/SQRT(COUNT(P13:U13)) -> 1.5493145
A14: BLA | C14: Basolateral amygdalar nucleus | E14: 295 | F14: =SUMPRODUCT(SUMIFS('Total-corrected counts'!E:E,'Total-corrected counts'!$A:$A,$B61:$B63)) -> 19.915828 | G14: =SUMPRODUCT(SUMIFS('Total-corrected counts'!F:F,'Total-corrected counts'!$A:$A,$B61:$B63)) -> 24.095157 | H14: =SUMPRODUCT(SUMIFS('Total-corrected counts'!G:G,'Total-corrected counts'!$A:$A,$B61:$B63)) -> 29.674135 | I14: =SUMPRODUCT(SUMIFS('Total-corrected counts'!H:H,'Total-corrected counts'!$A:$A,$B61:$B63)) -> 19.8316 | J14: =SUMPRODUCT(SUMIFS('Total-corrected counts'!I:I,'Total-corrected counts'!$A:$A,$B61:$B63)) -> 18.423989 | K14: =SUMPRODUCT(SUMIFS('Total-corrected counts'!J:J,'Total-corrected counts'!$A:$A,$B61:$B63)) -> 23.850489 | L14: =SUMPRODUCT(SUMIFS('Total-corrected counts'!K:K,'Total-corrected counts'!$A:$A,$B61:$B63)) -> 31.592436 | M14: =SUMPRODUCT(SUMIFS('Total-corrected counts'!L:L,'Total-corrected counts'!$A:$A,$B61:$B63)) -> 13.363561 | N14: =SUMPRODUCT(SUMIFS('Total-corrected counts'!M:M,'Total-corrected counts'!$A:$A,$B61:$B63)) -> 20.39976 | O14: =SUMPRODUCT(SUMIFS('Total-corrected counts'!N:N,'Total-corrected counts'!$A:$A,$B61:$B63)) -> 14.432831 | P14: =SUMPRODUCT(SUMIFS('Total-corrected counts'!O:O,'Total-corrected counts'!$A:$A,$B61:$B63)) -> 24.457077 | Q14: =SUMPRODUCT(SUMIFS('Total-corrected counts'!P:P,'Total-corrected counts'!$A:$A,$B61:$B63)) -> 19.438106 | R14: =SUMPRODUCT(SUMIFS('Total-corrected counts'!Q:Q,'Total-corrected counts'!$A:$A,$B61:$B63)) -> 28.355186 | S14: =SUMPRODUCT(SUMIFS('Total-corrected counts'!R:R,'Total-corrected counts'!$A:$A,$B61:$B63)) -> 34.541534 | T14: =SUMPRODUCT(SUMIFS('Total-corrected counts'!S:S,'Total-corrected counts'!$A:$A,$B61:$B63)) -> 20.603614 | U14: =SUMPRODUCT(SUMIFS('Total-corrected counts'!T:T,'Total-corrected counts'!$A:$A,$B61:$B63)) -> 18.580294 | W14: =_xlfn.T.TEST(F14:O14,P14:U14,2,2) -> 0.38637995 | X14: =AVERAGE(F14:O14) -> 21.557979 | Y14: =AVERAGE(P14:U14) -> 24.329302 | Z14: =STDEV(F14:O14)/SQRT(COUNT(F14:O14)) -> 1.8649153 | AA14: =STDEV(P14:U14)/SQRT(COUNT(P14:U14)) -> 2.5256642
A15: PVT | B15: 571 | C15: Paraventricular thalamic nucleus | D15: 67900 | E15: 856 | F15: =SUMIFS('Total-corrected counts'!E:E,'Total-corrected counts'!$A:$A,'Activation map corrected'!$B15) -> 0 | G15: =SUMIFS('Total-corrected counts'!F:F,'Total-corrected counts'!$A:$A,'Activation map corrected'!$B15) -> 0 | H15: =SUMIFS('Total-corrected counts'!G:G,'Total-corrected counts'!$A:$A,'Activation map corrected'!$B15) -> 0 | I15: =SUMIFS('Total-corrected counts'!H:H,'Total-corrected counts'!$A:$A,'Activation map corrected'!$B15) -> 0 | J15: =SUMIFS('Total-corrected counts'!I:I,'Total-corrected counts'!$A:$A,'Activation map corrected'!$B15) -> 0 | K15: =SUMIFS('Total-corrected counts'!J:J,'Total-corrected counts'!$A:$A,'Activation map corrected'!$B15) -> 0 | L15: =SUMIFS('Total-corrected counts'!K:K,'Total-corrected counts'!$A:$A,'Activation map corrected'!$B15) -> 0 | M15: =SUMIFS('Total-corrected counts'!L:L,'Total-corrected counts'!$A:$A,'Activation map corrected'!$B15) -> 0 | N15: =SUMIFS('Total-corrected counts'!M:M,'Total-corrected counts'!$A:$A,'Activation map corrected'!$B15) -> 0 | O15: =SUMIFS('Total-corrected counts'!N:N,'Total-corrected counts'!$A:$A,'Activation map corrected'!$B15) -> 0 | P15: =SUMIFS('Total-corrected counts'!O:O,'Total-corrected counts'!$A:$A,'Activation map corrected'!$B15) -> 0 | Q15: =SUMIFS('Total-corrected counts'!P:P,'Total-corrected counts'!$A:$A,'Activation map corrected'!$B15) -> 0 | R15: =SUMIFS('Total-corrected counts'!Q:Q,'Total-corrected counts'!$A:$A,'Activation map corrected'!$B15) -> 0 | S15: =SUMIFS('Total-corrected counts'!R:R,'Total-corrected counts'!$A:$A,'Activation map corrected'!$B15) -> 0 | T15: =SUMIFS('Total-corrected counts'!S:S,'Total-corrected counts'!$A:$A,'Activation map corrected'!$B15) -> 0 | U15: =SUMIFS('Total-corrected counts'!T:T,'Total-corrected counts'!$A:$A,'Activation map corrected'!$B15) -> 0 | W15: =_xlfn.T.TEST(F15:O15,P15:U15,2,2) -> #DIV/0! | X15: =AVERAGE(F15:O15) -> 0 | Y15: =AVERAGE(P15:U15) -> 0 | Z15: =STDEV(F15:O15)/SQRT(COUNT(F15:O15)) -> 0 | AA15: =STDEV(P15:U15)/SQRT(COUNT(P15:U15)) -> 0
A16: Nre | B16: 181 | C16: Nucleus of reunions | D16: 174 | E16: 181 | F16: =SUMIFS('Total-corrected counts'!E:E,'Total-corrected counts'!$A:$A,'Activation map corrected'!$B16) -> 1.4614849 | G16: =SUMIFS('Total-corrected counts'!F:F,'Total-corrected counts'!$A:$A,'Activation map corrected'!$B16) -> 1.4731901 | H16: =SUMIFS('Total-corrected counts'!G:G,'Total-corrected counts'!$A:$A,'Activation map corrected'!$B16) -> 0.53060368 | I16: =SUMIFS('Total-corrected counts'!H:H,'Total-corrected counts'!$A:$A,'Activation map corrected'!$B16) -> 0.29554392 | J16: =SUMIFS('Total-corrected counts'!I:I,'Total-corrected counts'!$A:$A,'Activation map corrected'!$B16) -> 1.4968788 | K16: =SUMIFS('Total-corrected counts'!J:J,'Total-corrected counts'!$A:$A,'Activation map corrected'!$B16) -> 0.011973137 | L16: =SUMIFS('Total-corrected counts'!K:K,'Total-corrected counts'!$A:$A,'Activation map corrected'!$B16) -> 0.74480033 | M16: =SUMIFS('Total-corrected counts'!L:L,'Total-corrected counts'!$A:$A,'Activation map corrected'!$B16) -> 0.23064013 | N16: =SUMIFS('Total-corrected counts'!M:M,'Total-corrected counts'!$A:$A,'Activation map corrected'!$B16) -> 0.034099056 | O16: =SUMIFS('Total-corrected counts'!N:N,'Total-corrected counts'!$A:$A,'Activation map corrected'!$B16) -> 0.2822281 | P16: =SUMIFS('Total-corrected counts'!O:O,'Total-corrected counts'!$A:$A,'Activation map corrected'!$B16) -> 0.022105095 | Q16: =SUMIFS('Total-corrected counts'!P:P,'Total-corrected counts'!$A:$A,'Activation map corrected'!$B16) -> 1.2690008 | R16: =SUMIFS('Total-corrected counts'!Q:Q,'Total-corrected counts'!$A:$A,'Activation map corrected'!$B16) -> 1.3762724 | S16: =SUMIFS('Total-corrected counts'!R:R,'Total-corrected counts'!$A:$A,'Activation map corrected'!$B16) -> 2.0233964 | T16: =SUMIFS('Total-corrected counts'!S:S,'Total-corrected counts'!$A:$A,'Activation map corrected'!$B16) -> 1.1833348 | U16: =SUMIFS('Total-corrected counts'!T:T,'Total-corrected counts'!$A:$A,'Activation map corrected'!$B16) -> 0.034129856 | W16: =_xlfn.T.TEST(F16:O16,P16:U16,2,2) -> 0.3656052 | X16: =AVERAGE(F16:O16) -> 0.65614421 | Y16: =AVERAGE(P16:U16) -> 0.98470656 | Z16: =STDEV(F16:O16)/SQRT(COUNT(F16:O16)) -> 0.19146768 | AA16: =STDEV(P16:U16)/SQRT(COUNT(P16:U16)) -> 0.32571329
B18: 632 | C18: Dentate gyrus, granule cell layer | D18: 39600 | E18: 726
B19: 10703 | C19: Dentate gyrus, molecular layer | D19: 39400 | E19: 726
B20: 10704 | C20: Dentate gyrus, polymorph layer | D20: 39500 | E20: 726
B21: 2632 | C21: Dentate gyrus, granule cell layer ventral | D21: 39600 | E21: 2726
B22: 12703 | C22: Dentate gyrus, molecular layer | D22: 39400 | E22: 2726
B23: 12704 | C23: Dentate gyrus, subgranular zone ventral | D23: 39700 | E23: 2726
B24: 894 | C24: Retrosplenial area, lateral agranular part | D24: 25300 | E24: 254
B25: 274 | C25: Retrosplenial area, dorsal part, layer 6a | D25: 26400 | E25: 879
B26: 330 | C26: Retrosplenial area, dorsal part, layer 6b | D26: 26500 | E26: 879
B27: 434 | C27: Retrosplenial area, dorsal part, layer 2/3 | D27: 26100 | E27: 879
B28: 442 | C28: Retrosplenial area, dorsal part, layer 1 | D28: 26000 | E28: 879
B29: 545 | C29: Retrosplenial area, dorsal part, layer 4 | D29: 26200 | E29: 879
... B63: 451 | C63: Basolateral amygdalar nucleus, ventral part | D63: 47400 | E63: 295

Sheet Brain networks
E1: Group | F1: 0 | G1: 0 | H1: 0 | I1: 0 | J1: 0 | K1: 0 | L1: 0 | M1: 0 | N1: 0 | O1: 0 | P1: 1 | Q1: 1 | R1: 1 | S1: 1 | T1: 1 | U1: 1
A2: region | B2: id | C2: name | D2: structure_order | E2: parent_id | F2: 345391 | G2: 348028 | H2: 348030 | I2: 348035 | J2: 348465 | K2: 349038 | L2: 349438 | M2: 354044 | N2: 354519 | O2: 354522 | P2: 348034 | Q2: 349022 | R2: 349440 | S2: 350322 | T2: 350324 | U2: 354043 | W2: T-test | X2: Gem 0 | Y2: Gem 1
A3: Salience network
A4: vDG | C4: Dentate gyrus | E4: 726 | F4: =SUMPRODUCT(SUMIFS('Raw counts'!E:E,'Raw counts'!$A:$A,$B29:$B31)) -> 4261 | G4: =SUMPRODUCT(SUMIFS('Raw counts'!F:F,'Raw counts'!$A:$A,$B29:$B31)) -> 6516 | H4: =SUMPRODUCT(SUMIFS('Raw counts'!G:G,'Raw counts'!$A:$A,$B29:$B31)) -> 3341 | I4: =SUMPRODUCT(SUMIFS('Raw counts'!H:H,'Raw counts'!$A:$A,$B29:$B31)) -> 4256 | J4: =SUMPRODUCT(SUMIFS('Raw counts'!I:I,'Raw counts'!$A:$A,$B29:$B31)) -> 5130 | K4: =SUMPRODUCT(SUMIFS('Raw counts'!J:J,'Raw counts'!$A:$A,$B29:$B31)) -> 3187 | L4: =SUMPRODUCT(SUMIFS('Raw counts'!K:K,'Raw counts'!$A:$A,$B29:$B31)) -> 2552 | M4: =SUMPRODUCT(SUMIFS('Raw counts'!L:L,'Raw counts'!$A:$A,$B29:$B31)) -> 7054 | N4: =SUMPRODUCT(SUMIFS('Raw counts'!M:M,'Raw counts'!$A:$A,$B29:$B31)) -> 5486 | O4: =SUMPRODUCT(SUMIFS('Raw counts'!N:N,'Raw counts'!$A:$A,$B29:$B31)) -> 6801 | P4: =SUMPRODUCT(SUMIFS('Raw counts'!O:O,'Raw counts'!$A:$A,$B29:$B31)) -> 3248 | Q4: =SUMPRODUCT(SUMIFS('Raw counts'!P:P,'Raw counts'!$A:$A,$B29:$B31)) -> 3414 | R4: =SUMPRODUCT(SUMIFS('Raw counts'!Q:Q,'Raw counts'!$A:$A,$B29:$B31)) -> 4138 | S4: =SUMPRODUCT(SUMIFS('Raw counts'!R:R,'Raw counts'!$A:$A,$B29:$B31)) -> 3087 | T4: =SUMPRODUCT(SUMIFS('Raw counts'!S:S,'Raw counts'!$A:$A,$B29:$B31)) -> 3838 | U4: =SUMPRODUCT(SUMIFS('Raw counts'!T:T,'Raw counts'!$A:$A,$B29:$B31)) -> 4979 | W4: =_xlfn.T.TEST(F4:O4,P4:U4,2,2) -> 0.14481379 | X4: =AVERAGE(F4:O4) -> 4858.4 | Y4: =AVERAGE(P4:U4) -> 3784
A5: vCA1 | B5: 2382 | C5: Field CA1 ventral | D5: 37700 | E5: 2375 | F5: =SUMIFS('Raw counts'!E:E,'Raw counts'!$A:$A,'Brain networks'!$B5) -> 6676 | G5: =SUMIFS('Raw counts'!F:F,'Raw counts'!$A:$A,'Brain networks'!$B5) -> 8165 | H5: =SUMIFS('Raw counts'!G:G,'Raw counts'!$A:$A,'Brain networks'!$B5) -> 9273 | I5: =SUMIFS('Raw counts'!H:H,'Raw counts'!$A:$A,'Brain networks'!$B5) -> 10553 | J5: =SUMIFS('Raw counts'!I:I,'Raw counts'!$A:$A,'Brain networks'!$B5) -> 6225 | K5: =SUMIFS('Raw counts'!J:J,'Raw counts'!$A:$A,'Brain networks'!$B5) -> 10932 | L5: =SUMIFS('Raw counts'!K:K,'Raw counts'!$A:$A,'Brain networks'!$B5) -> 4541 | M5: =SUMIFS('Raw counts'!L:L,'Raw counts'!$A:$A,'Brain networks'!$B5) -> 12012 | N5: =SUMIFS('Raw counts'!M:M,'Raw counts'!$A:$A,'Brain networks'!$B5) -> 9572 | O5: =SUMIFS('Raw counts'!N:N,'Raw counts'!$A:$A,'Brain networks'!$B5) -> 10539 | P5: =SUMIFS('Raw counts'!O:O,'Raw counts'!$A:$A,'Brain networks'!$B5) -> 10096 | Q5: =SUMIFS('Raw counts'!P:P,'Raw counts'!$A:$A,'Brain networks'!$B5) -> 9186 | R5: =SUMIFS('Raw counts'!Q:Q,'Raw counts'!$A:$A,'Brain networks'!$B5) -> 12271 | S5: =SUMIFS('Raw counts'!R:R,'Raw counts'!$A:$A,'Brain networks'!$B5) -> 5597 | T5: =SUMIFS('Raw counts'!S:S,'Raw counts'!$A:$A,'Brain networks'!$B5) -> 8441 | U5: =SUMIFS('Raw counts'!T:T,'Raw counts'!$A:$A,'Brain networks'!$B5) -> 8473 | W5: =_xlfn.T.TEST(F5:O5,P5:U5,2,2) -> 0.89458166 | X5: =AVERAGE(F5:O5) -> 8848.8 | Y5: =AVERAGE(P5:U5) -> 9010.6667
A6: vCA3 | B6: 2463 | C6: Field CA3 ventral | D6: 38700 | E6: 2375 | F6: =SUMIFS('Raw counts'!E:E,'Raw counts'!$A:$A,'Brain networks'!$B6) -> 6267 | G6: =SUMIFS('Raw counts'!F:F,'Raw counts'!$A:$A,'Brain networks'!$B6) -> 8359 | H6: =SUMIFS('Raw counts'!G:G,'Raw counts'!$A:$A,'Brain networks'!$B6) -> 5770 | I6: =SUMIFS('Raw counts'!H:H,'Raw counts'!$A:$A,'Brain networks'!$B6) -> 3801 | J6: =SUMIFS('Raw counts'!I:I,'Raw counts'!$A:$A,'Brain networks'!$B6) -> 2522 | K6: =SUMIFS('Raw counts'!J:J,'Raw counts'!$A:$A,'Brain networks'!$B6) -> 9729 | L6: =SUMIFS('Raw counts'!K:K,'Raw counts'!$A:$A,'Brain networks'!$B6) -> 3505 | M6: =SUMIFS('Raw counts'!L:L,'Raw counts'!$A:$A,'Brain networks'!$B6) -> 4277 | N6: =SUMIFS('Raw counts'!M:M,'Raw counts'!$A:$A,'Brain networks'!$B6) -> 3163 | O6: =SUMIFS('Raw counts'!N:N,'Raw counts'!$A:$A,'Brain networks'!$B6) -> 3220 | P6: =SUMIFS('Raw counts'!O:O,'Raw counts'!$A:$A,'Brain networks'!$B6) -> 7996 | Q6: =SUMIFS('Raw counts'!P:P,'Raw counts'!$A:$A,'Brain networks'!$B6) -> 5774 | R6: =SUMIFS('Raw counts'!Q:Q,'Raw counts'!$A:$A,'Brain networks'!$B6) -> 3384 | S6: =SUMIFS('Raw counts'!R:R,'Raw counts'!$A:$A,'Brain networks'!$B6) -> 3293 | T6: =SUMIFS('Raw counts'!S:S,'Raw counts'!$A:$A,'Brain networks'!$B6) -> 2714 | U6: =SUMIFS('Raw counts'!T:T,'Raw counts'!$A:$A,'Brain networks'!$B6) -> 5398 | W6: =_xlfn.T.TEST(F6:O6,P6:U6,2,2) -> 0.80170036 | X6: =AVERAGE(F6:O6) -> 5061.3 | Y6: =AVERAGE(P6:U6) -> 4759.8333
A7: Amy | C7: Amygdala | F7: =SUMPRODUCT(SUMIFS('Raw counts'!E:E,'Raw counts'!$A:$A,$B62:$B76)) -> 26115 | G7: =SUMPRODUCT(SUMIFS('Raw counts'!F:F,'Raw counts'!$A:$A,$B62:$B76)) -> 30881 | H7: =SUMPRODUCT(SUMIFS('Raw counts'!G:G,'Raw counts'!$A:$A,$B62:$B76)) -> 29976 | I7: =SUMPRODUCT(SUMIFS('Raw counts'!H:H,'Raw counts'!$A:$A,$B62:$B76)) -> 15373 | J7: =SUMPRODUCT(SUMIFS('Raw counts'!I:I,'Raw counts'!$A:$A,$B62:$B76)) -> 21447 | K7: =SUMPRODUCT(SUMIFS('Raw counts'!J:J,'Raw counts'!$A:$A,$B62:$B76)) -> 36616 | L7: =SUMPRODUCT(SUMIFS('Raw counts'!K:K,'Raw counts'!$A:$A,$B62:$B76)) -> 32041 | M7: =SUMPRODUCT(SUMIFS('Raw counts'!L:L,'Raw counts'!$A:$A,$B62:$B76)) -> 16672 | N7: =SUMPRODUCT(SUMIFS('Raw counts'!M:M,'Raw counts'!$A:$A,$B62:$B76)) -> 14773 | O7: =SUMPRODUCT(SUMIFS('Raw counts'!N:N,'Raw counts'!$A:$A,$B62:$B76)) -> 9082 | P7: =SUMPRODUCT(SUMIFS('Raw counts'!O:O,'Raw counts'!$A:$A,$B62:$B76)) -> 25442 | Q7: =SUMPRODUCT(SUMIFS('Raw counts'!P:P,'Raw counts'!$A:$A,$B62:$B76)) -> 19589 | R7: =SUMPRODUCT(SUMIFS('Raw counts'!Q:Q,'Raw counts'!$A:$A,$B62:$B76)) -> 30136 | S7: =SUMPRODUCT(SUMIFS('Raw counts'!R:R,'Raw counts'!$A:$A,$B62:$B76)) -> 34290 | T7: =SUMPRODUCT(SUMIFS('Raw counts'!S:S,'Raw counts'!$A:$A,$B62:$B76)) -> 23127 | U7: =SUMPRODUCT(SUMIFS('Raw counts'!T:T,'Raw counts'!$A:$A,$B62:$B76)) -> 14945 | W7: =_xlfn.T.TEST(F7:O7,P7:U7,2,2) -> 0.77118432 | X7: =AVERAGE(F7:O7) -> 23297.6 | Y7: =AVERAGE(P7:U7) -> 24588.167
A8: AI | C8: Anterior Insula | F8: =SUMPRODUCT(SUMIFS('Raw counts'!E:E,'Raw counts'!$A:$A,$B77:$B91)) -> 25403 | G8: =SUMPRODUCT(SUMIFS('Raw counts'!F:F,'Raw counts'!$A:$A,$B77:$B91)) -> 22635 | H8: =SUMPRODUCT(SUMIFS('Raw counts'!G:G,'Raw counts'!$A:$A,$B77:$B91)) -> 16209 | I8: =SUMPRODUCT(SUMIFS('Raw counts'!H:H,'Raw counts'!$A:$A,$B77:$B91)) -> 19761 | J8: =SUMPRODUCT(SUMIFS('Raw counts'!I:I,'Raw counts'!$A:$A,$B77:$B91)) -> 20207 | K8: =SUMPRODUCT(SUMIFS('Raw counts'!J:J,'Raw counts'!$A:$A,$B77:$B91)) -> 20829 | L8: =SUMPRODUCT(SUMIFS('Raw counts'!K:K,'Raw counts'!$A:$A,$B77:$B91)) -> 20684 | M8: =SUMPRODUCT(SUMIFS('Raw counts'!L:L,'Raw counts'!$A:$A,$B77:$B91)) -> 11317 | N8: =SUMPRODUCT(SUMIFS('Raw counts'!M:M,'Raw counts'!$A:$A,$B77:$B91)) -> 12834 | O8: =SUMPRODUCT(SUMIFS('Raw counts'!N:N,'Raw counts'!$A:$A,$B77:$B91)) -> 9314 | P8: =SUMPRODUCT(SUMIFS('Raw counts'!O:O,'Raw counts'!$A:$A,$B77:$B91)) -> 21180 | Q8: =SUMPRODUCT(SUMIFS('Raw counts'!P:P,'Raw counts'!$A:$A,$B77:$B91)) -> 15678 | R8: =SUMPRODUCT(SUMIFS('Raw counts'!Q:Q,'Raw counts'!$A:$A,$B77:$B91)) -> 26182 | S8: =SUMPRODUCT(SUMIFS('Raw counts'!R:R,'Raw counts'!$A:$A,$B77:$B91)) -> 23192 | T8: =SUMPRODUCT(SUMIFS('Raw counts'!S:S,'Raw counts'!$A:$A,$B77:$B91)) -> 17180 | U8: =SUMPRODUCT(SUMIFS('Raw counts'!T:T,'Raw counts'!$A:$A,$B77:$B91)) -> 23666 | W8: =_xlfn.T.TEST(F8:O8,P8:U8,2,2) -> 0.21505969 | X8: =AVERAGE(F8:O8) -> 17919.3 | Y8: =AVERAGE(P8:U8) -> 21179.667
A9: CPu | B9: 672 | C9: Caudoputamen | D9: 48200 | E9: 485 | F9: =SUMIFS('Raw counts'!E:E,'Raw counts'!$A:$A,'Brain networks'!$B9) -> 143927 | G9: =SUMIFS('Raw counts'!F:F,'Raw counts'!$A:$A,'Brain networks'!$B9) -> 133739 | H9: =SUMIFS('Raw counts'!G:G,'Raw counts'!$A:$A,'Brain networks'!$B9) -> 164760 | I9: =SUMIFS('Raw counts'!H:H,'Raw counts'!$A:$A,'Brain networks'!$B9) -> 134230 | J9: =SUMIFS('Raw counts'!I:I,'Raw counts'!$A:$A,'Brain networks'!$B9) -> 163321 | K9: =SUMIFS('Raw counts'!J:J,'Raw counts'!$A:$A,'Brain networks'!$B9) -> 109557 | L9: =SUMIFS('Raw counts'!K:K,'Raw counts'!$A:$A,'Brain networks'!$B9) -> 118077 | M9: =SUMIFS('Raw counts'!L:L,'Raw counts'!$A:$A,'Brain networks'!$B9) -> 107322 | N9: =SUMIFS('Raw counts'!M:M,'Raw counts'!$A:$A,'Brain networks'!$B9) -> 67690 | O9: =SUMIFS('Raw counts'!N:N,'Raw counts'!$A:$A,'Brain networks'!$B9) -> 82471 | P9: =SUMIFS('Raw counts'!O:O,'Raw counts'!$A:$A,'Brain networks'!$B9) -> 135800 | Q9: =SUMIFS('Raw counts'!P:P,'Raw counts'!$A:$A,'Brain networks'!$B9) -> 137106 | R9: =SUMIFS('Raw counts'!Q:Q,'Raw counts'!$A:$A,'Brain networks'!$B9) -> 135329 | S9: =SUMIFS('Raw counts'!R:R,'Raw counts'!$A:$A,'Brain networks'!$B9) -> 122470 | T9: =SUMIFS('Raw counts'!S:S,'Raw counts'!$A:$A,'Brain networks'!$B9) -> 97161 | U9: =SUMIFS('Raw counts'!T:T,'Raw counts'!$A:$A,'Brain networks'!$B9) -> 92318 | W9: =_xlfn.T.TEST(F9:O9,P9:U9,2,2) -> 0.86807817 | X9: =AVERAGE(F9:O9) -> 122509.4 | Y9: =AVERAGE(P9:U9) -> 120030.67
A10: NAc | B10: 56 | C10: Nucleus accumbens | D10: 48400 | E10: 493 | F10: =SUMIFS('Raw counts'!E:E,'Raw counts'!$A:$A,'Brain networks'!$B10) -> 15724 | G10: =SUMIFS('Raw counts'!F:F,'Raw counts'!$A:$A,'Brain networks'!$B10) -> 16694 | H10: =SUMIFS('Raw counts'!G:G,'Raw counts'!$A:$A,'Brain networks'!$B10) -> 17632 | I10: =SUMIFS('Raw counts'!H:H,'Raw counts'!$A:$A,'Brain networks'!$B10) -> 13017 | J10: =SUMIFS('Raw counts'!I:I,'Raw counts'!$A:$A,'Brain networks'!$B10) -> 9929 | K10: =SUMIFS('Raw counts'!J:J,'Raw counts'!$A:$A,'Brain networks'!$B10) -> 13286 | L10: =SUMIFS('Raw counts'!K:K,'Raw counts'!$A:$A,'Brain networks'!$B10) -> 17680 | M10: =SUMIFS('Raw counts'!L:L,'Raw counts'!$A:$A,'Brain networks'!$B10) -> 7233 | N10: =SUMIFS('Raw counts'!M:M,'Raw counts'!$A:$A,'Brain networks'!$B10) -> 9500 | O10: =SUMIFS('Raw counts'!N:N,'Raw counts'!$A:$A,'Brain networks'!$B10) -> 4164 | P10: =SUMIFS('Raw counts'!O:O,'Raw counts'!$A:$A,'Brain networks'!$B10) -> 10931 | Q10: =SUMIFS('Raw counts'!P:P,'Raw counts'!$A:$A,'Brain networks'!$B10) -> 16096 | R10: =SUMIFS('Raw counts'!Q:Q,'Raw counts'!$A:$A,'Brain networks'!$B10) -> 20448 | S10: =SUMIFS('Raw counts'!R:R,'Raw counts'!$A:$A,'Brain networks'!$B10) -> 16195 | T10: =SUMIFS('Raw counts'!S:S,'Raw counts'!$A:$A,'Brain networks'!$B10) -> 12996 | U10: =SUMIFS('Raw counts'!T:T,'Raw counts'!$A:$A,'Brain networks'!$B10) -> 13967 | W10: =_xlfn.T.TEST(F10:O10,P10:U10,2,2) -> 0.24876166 | X10: =AVERAGE(F10:O10) -> 12485.9 | Y10: =AVERAGE(P10:U10) -> 15105.5
A11: BNST | B11: 351 | C11: Bed nuclei of the stria terminalis | D11: 52900 | E11: 809 | F11: =SUMIFS('Raw counts'!E:E,'Raw counts'!$A:$A,'Brain networks'!$B11) -> 4673 | G11: =SUMIFS('Raw counts'!F:F,'Raw counts'!$A:$A,'Brain networks'!$B11) -> 4327 | H11: =SUMIFS('Raw counts'!G:G,'Raw counts'!$A:$A,'Brain networks'!$B11) -> 2373 | I11: =SUMIFS('Raw counts'!H:H,'Raw counts'!$A:$A,'Brain networks'!$B11) -> 2191 | J11: =SUMIFS('Raw counts'!I:I,'Raw counts'!$A:$A,'Brain networks'!$B11) -> 458 | K11: =SUMIFS('Raw counts'!J:J,'Raw counts'!$A:$A,'Brain networks'!$B11) -> 1376 | L11: =SUMIFS('Raw counts'!K:K,'Raw counts'!$A:$A,'Brain networks'!$B11) -> 2227 | M11: =SUMIFS('Raw counts'!L:L,'Raw counts'!$A:$A,'Brain networks'!$B11) -> 3393 | N11: =SUMIFS('Raw counts'!M:M,'Raw counts'!$A:$A,'Brain networks'!$B11) -> 2120 | O11: =SUMIFS('Raw counts'!N:N,'Raw counts'!$A:$A,'Brain networks'!$B11) -> 1608 | P11: =SUMIFS('Raw counts'!O:O,'Raw counts'!$A:$A,'Brain networks'!$B11) -> 4808 | Q11: =SUMIFS('Raw counts'!P:P,'Raw counts'!$A:$A,'Brain networks'!$B11) -> 1506 | R11: =SUMIFS('Raw counts'!Q:Q,'Raw counts'!$A:$A,'Brain networks'!$B11) -> 2988 | S11: =SUMIFS('Raw counts'!R:R,'Raw counts'!$A:$A,'Brain networks'!$B11) -> 3023 | T11: =SUMIFS('Raw counts'!S:S,'Raw counts'!$A:$A,'Brain networks'!$B11) -> 1915 | U11: =SUMIFS('Raw counts'!T:T,'Raw counts'!$A:$A,'Brain networks'!$B11) -> 913 | W11: =_xlfn.T.TEST(F11:O11,P11:U11,2,2) -> 0.94235169 | X11: =AVERAGE(F11:O11) -> 2474.6 | Y11: =AVERAGE(P11:U11) -> 2525.5
A12: PAG | B12: 795 | C12: Periaqueductal gray | D12: 81500 | E12: 323 | F12: =SUMIFS('Raw counts'!E:E,'Raw counts'!$A:$A,'Brain networks'!$B12) -> 412 | G12: =SUMIFS('Raw counts'!F:F,'Raw counts'!$A:$A,'Brain networks'!$B12) -> 10053 | H12: =SUMIFS('Raw counts'!G:G,'Raw counts'!$A:$A,'Brain networks'!$B12) -> 4045 | I12: =SUMIFS('Raw counts'!H:H,'Raw counts'!$A:$A,'Brain networks'!$B12) -> 182 | J12: =SUMIFS('Raw counts'!I:I,'Raw counts'!$A:$A,'Brain networks'!$B12) -> 812 | K12: =SUMIFS('Raw counts'!J:J,'Raw counts'!$A:$A,'Brain networks'!$B12) -> 15466 | L12: =SUMIFS('Raw counts'!K:K,'Raw counts'!$A:$A,'Brain networks'!$B12) -> 3879 | M12: =SUMIFS('Raw counts'!L:L,'Raw counts'!$A:$A,'Brain networks'!$B12) -> 7041 | N12: =SUMIFS('Raw counts'!M:M,'Raw counts'!$A:$A,'Brain networks'!$B12) -> 2952 | O12: =SUMIFS('Raw counts'!N:N,'Raw counts'!$A:$A,'Brain networks'!$B12) -> 1406 | P12: =SUMIFS('Raw counts'!O:O,'Raw counts'!$A:$A,'Brain networks'!$B12) -> 9705 | Q12: =SUMIFS('Raw counts'!P:P,'Raw counts'!$A:$A,'Brain networks'!$B12) -> 6479 | R12: =SUMIFS('Raw counts'!Q:Q,'Raw counts'!$A:$A,'Brain networks'!$B12) -> 6609 | S12: =SUMIFS('Raw counts'!R:R,'Raw counts'!$A:$A,'Brain networks'!$B12) -> 13397 | T12: =SUMIFS('Raw counts'!S:S,'Raw counts'!$A:$A,'Brain networks'!$B12) -> 7197 | U12: =SUMIFS('Raw counts'!T:T,'Raw counts'!$A:$A,'Brain networks'!$B12) -> 1296 | W12: =_xlfn.T.TEST(F12:O12,P12:U12,2,2) -> 0.25660305 | X12: =AVERAGE(F12:O12) -> 4624.8 | Y12: =AVERAGE(P12:U12) -> 7447.1667
A13: aHyp | B13: 88 | C13: Anterior hypothalamic nucleus | D13: 74100 | E13: 467 | F13: =SUMIFS('Raw counts'!E:E,'Raw counts'!$A:$A,'Brain networks'!$B13) -> 1588 | G13: =SUMIFS('Raw counts'!F:F,'Raw counts'!$A:$A,'Brain networks'!$B13) -> 1441 | H13: =SUMIFS('Raw counts'!G:G,'Raw counts'!$A:$A,'Brain networks'!$B13) -> 2755 | I13: =SUMIFS('Raw counts'!H:H,'Raw counts'!$A:$A,'Brain networks'!$B13) -> 2062 | J13: =SUMIFS('Raw counts'!I:I,'Raw counts'!$A:$A,'Brain networks'!$B13) -> 587 | K13: =SUMIFS('Raw counts'!J:J,'Raw counts'!$A:$A,'Brain networks'!$B13) -> 14 | L13: =SUMIFS('Raw counts'!K:K,'Raw counts'!$A:$A,'Brain networks'!$B13) -> 413 | M13: =SUMIFS('Raw counts'!L:L,'Raw counts'!$A:$A,'Brain networks'!$B13) -> 459 | N13: =SUMIFS('Raw counts'!M:M,'Raw counts'!$A:$A,'Brain networks'!$B13) -> 447 | O13: =SUMIFS('Raw counts'!N:N,'Raw counts'!$A:$A,'Brain networks'!$B13) -> 458 | P13: =SUMIFS('Raw counts'!O:O,'Raw counts'!$A:$A,'Brain networks'!$B13) -> 11103 | Q13: =SUMIFS('Raw counts'!P:P,'Raw counts'!$A:$A,'Brain networks'!$B13) -> 1448 | R13: =SUMIFS('Raw counts'!Q:Q,'Raw counts'!$A:$A,'Brain networks'!$B13) -> 2449 | S13: =SUMIFS('Raw counts'!R:R,'Raw counts'!$A:$A,'Brain networks'!$B13) -> 1490 | T13: =SUMIFS('Raw counts'!S:S,'Raw counts'!$A:$A,'Brain networks'!$B13) -> 1197 | U13: =SUMIFS('Raw counts'!T:T,'Raw counts'!$A:$A,'Brain networks'!$B13) -> 429 | W13: =_xlfn.T.TEST(F13:O13,P13:U13,2,2) -> 0.14448983 | X13: =AVERAGE(F13:O13) -> 1022.4 | Y13: =AVERAGE(P13:U13) -> 3019.3333
A15: Executive control network
A16: PtA / FEF / M2 | C16: Secondary Motor Cortex | E16: 993 | F16: =SUMPRODUCT(SUMIFS('Raw counts'!E:E,'Raw counts'!$A:$A,$B92:$B96)) -> 55517 | G16: =SUMPRODUCT(SUMIFS('Raw counts'!F:F,'Raw counts'!$A:$A,$B92:$B96)) -> 47459 | H16: =SUMPRODUCT(SUMIFS('Raw counts'!G:G,'Raw counts'!$A:$A,$B92:$B96)) -> 35388 | I16: =SUMPRODUCT(SUMIFS('Raw counts'!H:H,'Raw counts'!$A:$A,$B92:$B96)) -> 30397 | J16: =SUMPRODUCT(SUMIFS('Raw counts'!I:I,'Raw counts'!$A:$A,$B92:$B96)) -> 38389 | K16: =SUMPRODUCT(SUMIFS('Raw counts'!J:J,'Raw counts'!$A:$A,$B92:$B96)) -> 41340 | L16: =SUMPRODUCT(SUMIFS('Raw counts'!K:K,'Raw counts'!$A:$A,$B92:$B96)) -> 46952 | M16: =SUMPRODUCT(SUMIFS('Raw counts'!L:L,'Raw counts'!$A:$A,$B92:$B96)) -> 38930 | N16: =SUMPRODUCT(SUMIFS('Raw counts'!M:M,'Raw counts'!$A:$A,$B92:$B96)) -> 34269 | O16: =SUMPRODUCT(SUMIFS('Raw counts'!N:N,'Raw counts'!$A:$A,$B92:$B96)) -> 23951 | P16: =SUMPRODUCT(SUMIFS('Raw counts'!O:O,'Raw counts'!$A:$A,$B92:$B96)) -> 46991 | Q16: =SUMPRODUCT(SUMIFS('Raw counts'!P:P,'Raw counts'!$A:$A,$B92:$B96)) -> 52565 | R16: =SUMPRODUCT(SUMIFS('Raw counts'!Q:Q,'Raw counts'!$A:$A,$B92:$B96)) -> 48949 | S16: =SUMPRODUCT(SUMIFS('Raw counts'!R:R,'Raw counts'!$A:$A,$B92:$B96)) -> 47627 | T16: =SUMPRODUCT(SUMIFS('Raw counts'!S:S,'Raw counts'!$A:$A,$B92:$B96)) -> 44420 | U16: =SUMPRODUCT(SUMIFS('Raw counts'!T:T,'Raw counts'!$A:$A,$B92:$B96)) -> 25815 | W16: =_xlfn.T.TEST(F16:O16,P16:U16,2,2) -> 0.30065741 | X16: =AVERAGE(F16:O16) -> 39259.2 | Y16: =AVERAGE(P16:U16) -> 44394.5
A17: IL | C17: Infralimbic area | E17: 44 | F17: =SUMPRODUCT(SUMIFS('Raw counts'!E:E,'Raw counts'!$A:$A,$B57:$B61)) -> 7080 | G17: =SUMPRODUCT(SUMIFS('Raw counts'!F:F,'Raw counts'!$A:$A,$B57:$B61)) -> 5251 | H17: =SUMPRODUCT(SUMIFS('Raw counts'!G:G,'Raw counts'!$A:$A,$B57:$B61)) -> 2895 | I17: =SUMPRODUCT(SUMIFS('Raw counts'!H:H,'Raw counts'!$A:$A,$B57:$B61)) -> 2729 | J17: =SUMPRODUCT(SUMIFS('Raw counts'!I:I,'Raw counts'!$A:$A,$B57:$B61)) -> 4086 | K17: =SUMPRODUCT(SUMIFS('Raw counts'!J:J,'Raw counts'!$A:$A,$B57:$B61)) -> 2974 | L17: =SUMPRODUCT(SUMIFS('Raw counts'!K:K,'Raw counts'!$A:$A,$B57:$B61)) -> 13899 | M17: =SUMPRODUCT(SUMIFS('Raw counts'!L:L,'Raw counts'!$A:$A,$B57:$B61)) -> 2014 | N17: =SUMPRODUCT(SUMIFS('Raw counts'!M:M,'Raw counts'!$A:$A,$B57:$B61)) -> 5967 | O17: =SUMPRODUCT(SUMIFS('Raw counts'!N:N,'Raw counts'!$A:$A,$B57:$B61)) -> 1047 | P17: =SUMPRODUCT(SUMIFS('Raw counts'!O:O,'Raw counts'!$A:$A,$B57:$B61)) -> 2869 | Q17: =SUMPRODUCT(SUMIFS('Raw counts'!P:P,'Raw counts'!$A:$A,$B57:$B61)) -> 5545 | R17: =SUMPRODUCT(SUMIFS('Raw counts'!Q:Q,'Raw counts'!$A:$A,$B57:$B61)) -> 3787 | S17: =SUMPRODUCT(SUMIFS('Raw counts'!R:R,'Raw counts'!$A:$A,$B57:$B61)) -> 6201 | T17: =SUMPRODUCT(SUMIFS('Raw counts'!S:S,'Raw counts'!$A:$A,$B57:$B61)) -> 2798 | U17: =SUMPRODUCT(SUMIFS('Raw counts'!T:T,'Raw counts'!$A:$A,$B57:$B61)) -> 2045 | W17: =_xlfn.T.TEST(F17:O17,P17:U17,2,2) -> 0.57786715 | X17: =AVERAGE(F17:O17) -> 4794.2 | Y17: =AVERAGE(P17:U17) -> 3874.1667
A19: Default mode network
A20: PL | C20: Prelimbic area | E20: 972 | F20: =SUMPRODUCT(SUMIFS('Raw counts'!E:E,'Raw counts'!$A:$A,$B52:$B56)) -> 5898 | G20: =SUMPRODUCT(SUMIFS('Raw counts'!F:F,'Raw counts'!$A:$A,$B52:$B56)) -> 3868 | H20: =SUMPRODUCT(SUMIFS('Raw counts'!G:G,'Raw counts'!$A:$A,$B52:$B56)) -> 2352 | I20: =SUMPRODUCT(SUMIFS('Raw counts'!H:H,'Raw counts'!$A:$A,$B52:$B56)) -> 2321 | J20: =SUMPRODUCT(SUMIFS('Raw counts'!I:I,'Raw counts'!$A:$A,$B52:$B56)) -> 3026 | K20: =SUMPRODUCT(SUMIFS('Raw counts'!J:J,'Raw counts'!$A:$A,$B52:$B56)) -> 7984 | L20: =SUMPRODUCT(SUMIFS('Raw counts'!K:K,'Raw counts'!$A:$A,$B52:$B56)) -> 13225 | M20: =SUMPRODUCT(SUMIFS('Raw counts'!L:L,'Raw counts'!$A:$A,$B52:$B56)) -> 3339 | N20: =SUMPRODUCT(SUMIFS('Raw counts'!M:M,'Raw counts'!$A:$A,$B52:$B56)) -> 5049 | O20: =SUMPRODUCT(SUMIFS('Raw counts'!N:N,'Raw counts'!$A:$A,$B52:$B56)) -> 1172 | P20: =SUMPRODUCT(SUMIFS('Raw counts'!O:O,'Raw counts'!$A:$A,$B52:$B56)) -> 2171 | Q20: =SUMPRODUCT(SUMIFS('Raw counts'!P:P,'Raw counts'!$A:$A,$B52:$B56)) -> 3102 | R20: =SUMPRODUCT(SUMIFS('Raw counts'!Q:Q,'Raw counts'!$A:$A,$B52:$B56)) -> 7774 | S20: =SUMPRODUCT(SUMIFS('Raw counts'!R:R,'Raw counts'!$A:$A,$B52:$B56)) -> 3079 | T20: =SUMPRODUCT(SUMIFS('Raw counts'!S:S,'Raw counts'!$A:$A,$B52:$B56)) -> 1590 | U20: =SUMPRODUCT(SUMIFS('Raw counts'!T:T,'Raw counts'!$A:$A,$B52:$B56)) -> 2013 | W20: =_xlfn.T.TEST(F20:O20,P20:U20,2,2) -> 0.36273876 | X20: =AVERAGE(F20:O20) -> 4823.4 | Y20: =AVERAGE(P20:U20) -> 3288.1667
A21: Cg | C21: Cingulate cortex | F21: =SUMPRODUCT(SUMIFS('Raw counts'!E:E,'Raw counts'!$A:$A,$B97:$B106)) -> 13388 | G21: =SUMPRODUCT(SUMIFS('Raw counts'!F:F,'Raw counts'!$A:$A,$B97:$B106)) -> 10712 | H21: =SUMPRODUCT(SUMIFS('Raw counts'!G:G,'Raw counts'!$A:$A,$B97:$B106)) -> 14888 | I21: =SUMPRODUCT(SUMIFS('Raw counts'!H:H,'Raw counts'!$A:$A,$B97:$B106)) -> 9851 | J21: =SUMPRODUCT(SUMIFS('Raw counts'!I:I,'Raw counts'!$A:$A,$B97:$B106)) -> 5492 | K21: =SUMPRODUCT(SUMIFS('Raw counts'!J:J,'Raw counts'!$A:$A,$B97:$B106)) -> 17127 | L21: =SUMPRODUCT(SUMIFS('Raw counts'!K:K,'Raw counts'!$A:$A,$B97:$B106)) -> 34083 | M21: =SUMPRODUCT(SUMIFS('Raw counts'!L:L,'Raw counts'!$A:$A,$B97:$B106)) -> 8370 | N21: =SUMPRODUCT(SUMIFS('Raw counts'!M:M,'Raw counts'!$A:$A,$B97:$B106)) -> 10101 | O21: =SUMPRODUCT(SUMIFS('Raw counts'!N:N,'Raw counts'!$A:$A,$B97:$B106)) -> 6644 | P21: =SUMPRODUCT(SUMIFS('Raw counts'!O:O,'Raw counts'!$A:$A,$B97:$B106)) -> 7343 | Q21: =SUMPRODUCT(SUMIFS('Raw counts'!P:P,'Raw counts'!$A:$A,$B97:$B106)) -> 9143 | R21: =SUMPRODUCT(SUMIFS('Raw counts'!Q:Q,'Raw counts'!$A:$A,$B97:$B106)) -> 15813 | S21: =SUMPRODUCT(SUMIFS('Raw counts'!R:R,'Raw counts'!$A:$A,$B97:$B106)) -> 10284 | T21: =SUMPRODUCT(SUMIFS('Raw counts'!S:S,'Raw counts'!$A:$A,$B97:$B106)) -> 6178 | U21: =SUMPRODUCT(SUMIFS('Raw counts'!T:T,'Raw counts'!$A:$A,$B97:$B106)) -> 6281 | W21: =_xlfn.T.TEST(F21:O21,P21:U21,2,2) -> 0.29537749 | X21: =AVERAGE(F21:O21) -> 13065.6 | Y21: =AVERAGE(P21:U21) -> 9173.6667
A22: mOFC / MO | C22: Medial orbital cortex | E22: 731 | F22: =SUMPRODUCT(SUMIFS('Raw counts'!E:E,'Raw counts'!$A:$A,$B107:$B110)) -> 2665 | G22: =SUMPRODUCT(SUMIFS('Raw counts'!F:F,'Raw counts'!$A:$A,$B107:$B110)) -> 1944 | H22: =SUMPRODUCT(SUMIFS('Raw counts'!G:G,'Raw counts'!$A:$A,$B107:$B110)) -> 905 | I22: =SUMPRODUCT(SUMIFS('Raw counts'!H:H,'Raw counts'!$A:$A,$B107:$B110)) -> 868 | J22: =SUMPRODUCT(SUMIFS('Raw counts'!I:I,'Raw counts'!$A:$A,$B107:$B110)) -> 1644 | K22: =SUMPRODUCT(SUMIFS('Raw counts'!J:J,'Raw counts'!$A:$A,$B107:$B110)) -> 3072 | L22: =SUMPRODUCT(SUMIFS('Raw counts'!K:K,'Raw counts'!$A:$A,$B107:$B110)) -> 9357 | M22: =SUMPRODUCT(SUMIFS('Raw counts'!L:L,'Raw counts'!$A:$A,$B107:$B110)) -> 1074 | N22: =SUMPRODUCT(SUMIFS('Raw counts'!M:M,'Raw counts'!$A:$A,$B107:$B110)) -> 2528 | O22: =SUMPRODUCT(SUMIFS('Raw counts'!N:N,'Raw counts'!$A:$A,$B107:$B110)) -> 652 | P22: =SUMPRODUCT(SUMIFS('Raw counts'!O:O,'Raw counts'!$A:$A,$B107:$B110)) -> 1170 | Q22: =SUMPRODUCT(SUMIFS('Raw counts'!P:P,'Raw counts'!$A:$A,$B107:$B110)) -> 2705 | R22: =SUMPRODUCT(SUMIFS('Raw counts'!Q:Q,'Raw counts'!$A:$A,$B107:$B110)) -> 4819 | S22: =SUMPRODUCT(SUMIFS('Raw counts'!R:R,'Raw counts'!$A:$A,$B107:$B110)) -> 1853 | T22: =SUMPRODUCT(SUMIFS('Raw counts'!S:S,'Raw counts'!$A:$A,$B107:$B110)) -> 905 | U22: =SUMPRODUCT(SUMIFS('Raw counts'!T:T,'Raw counts'!$A:$A,$B107:$B110)) -> 1144 | W22: =_xlfn.T.TEST(F22:O22,P22:U22,2,2) -> 0.75252215 | X22: =AVERAGE(F22:O22) -> 2470.9 | Y22: =AVERAGE(P22:U22) -> 2099.3333
A23: RSP | C23: Retrosplenial area | F23: =SUMPRODUCT(SUMIFS('Raw counts'!E:E,'Raw counts'!$A:$A,$B35:$B51)) -> 26854 | G23: =SUMPRODUCT(SUMIFS('Raw counts'!F:F,'Raw counts'!$A:$A,$B35:$B51)) -> 36709 | H23: =SUMPRODUCT(SUMIFS('Raw counts'!G:G,'Raw counts'!$A:$A,$B35:$B51)) -> 45888 | I23: =SUMPRODUCT(SUMIFS('Raw counts'!H:H,'Raw counts'!$A:$A,$B35:$B51)) -> 37556 | J23: =SUMPRODUCT(SUMIFS('Raw counts'!I:I,'Raw counts'!$A:$A,$B35:$B51)) -> 24907 | K23: =SUMPRODUCT(SUMIFS('Raw counts'!J:J,'Raw counts'!$A:$A,$B35:$B51)) -> 57924 | L23: =SUMPRODUCT(SUMIFS('Raw counts'!K:K,'Raw counts'!$A:$A,$B35:$B51)) -> 36222 | M23: =SUMPRODUCT(SUMIFS('Raw counts'!L:L,'Raw counts'!$A:$A,$B35:$B51)) -> 24608 | N23: =SUMPRODUCT(SUMIFS('Raw counts'!M:M,'Raw counts'!$A:$A,$B35:$B51)) -> 30613 | O23: =SUMPRODUCT(SUMIFS('Raw counts'!N:N,'Raw counts'!$A:$A,$B35:$B51)) -> 28467 | P23: =SUMPRODUCT(SUMIFS('Raw counts'!O:O,'Raw counts'!$A:$A,$B35:$B51)) -> 35896 | Q23: =SUMPRODUCT(SUMIFS('Raw counts'!P:P,'Raw counts'!$A:$A,$B35:$B51)) -> 25105 | R23: =SUMPRODUCT(SUMIFS('Raw counts'!Q:Q,'Raw counts'!$A:$A,$B35:$B51)) -> 33601 | S23: =SUMPRODUCT(SUMIFS('Raw counts'!R:R,'Raw counts'!$A:$A,$B35:$B51)) -> 25103 | T23: =SUMPRODUCT(SUMIFS('Raw counts'!S:S,'Raw counts'!$A:$A,$B35:$B51)) -> 33057 | U23: =SUMPRODUCT(SUMIFS('Raw counts'!T:T,'Raw counts'!$A:$A,$B35:$B51)) -> 22549 | W23: =_xlfn.T.TEST(F23:O23,P23:U23,2,2) -> 0.23900088 | X23: =AVERAGE(F23:O23) -> 34974.8 | Y23: =AVERAGE(P23:U23) -> 29218.5
A24: Ent | C24: Entorhinal cortex | E24: 909 | F24: =SUMPRODUCT(SUMIFS('Raw counts'!E:E,'Raw counts'!$A:$A,$B111:$B113)) -> 21731 | G24: =SUMPRODUCT(SUMIFS('Raw counts'!F:F,'Raw counts'!$A:$A,$B111:$B113)) -> 20704 | H24: =SUMPRODUCT(SUMIFS('Raw counts'!G:G,'Raw counts'!$A:$A,$B111:$B113)) -> 17077 | I24: =SUMPRODUCT(SUMIFS('Raw counts'!H:H,'Raw counts'!$A:$A,$B111:$B113)) -> 13060 | J24: =SUMPRODUCT(SUMIFS('Raw counts'!I:I,'Raw counts'!$A:$A,$B111:$B113)) -> 16658 | K24: =SUMPRODUCT(SUMIFS('Raw counts'!J:J,'Raw counts'!$A:$A,$B111:$B113)) -> 24391 | L24: =SUMPRODUCT(SUMIFS('Raw counts'!K:K,'Raw counts'!$A:$A,$B111:$B113)) -> 21075 | M24: =SUMPRODUCT(SUMIFS('Raw counts'!L:L,'Raw counts'!$A:$A,$B111:$B113)) -> 13017 | N24: =SUMPRODUCT(SUMIFS('Raw counts'!M:M,'Raw counts'!$A:$A,$B111:$B113)) -> 19900 | O24: =SUMPRODUCT(SUMIFS('Raw counts'!N:N,'Raw counts'!$A:$A,$B111:$B113)) -> 8738 | P24: =SUMPRODUCT(SUMIFS('Raw counts'!O:O,'Raw counts'!$A:$A,$B111:$B113)) -> 21528 | Q24: =SUMPRODUCT(SUMIFS('Raw counts'!P:P,'Raw counts'!$A:$A,$B111:$B113)) -> 16043 | R24: =SUMPRODUCT(SUMIFS('Raw counts'!Q:Q,'Raw counts'!$A:$A,$B111:$B113)) -> 20977 | S24: =SUMPRODUCT(SUMIFS('Raw counts'!R:R,'Raw counts'!$A:$A,$B111:$B113)) -> 17376 | T24: =SUMPRODUCT(SUMIFS('Raw counts'!S:S,'Raw counts'!$A:$A,$B111:$B113)) -> 23114 | U24: =SUMPRODUCT(SUMIFS('Raw counts'!T:T,'Raw counts'!$A:$A,$B111:$B113)) -> 10857 | W24: =_xlfn.T.TEST(F24:O24,P24:U24,2,2) -> 0.78467479 | X24: =AVERAGE(F24:O24) -> 17635.1 | Y24: =AVERAGE(P24:U24) -> 18315.833
A25: dDG | C25: Dentate gyrus | E25: 726 | F25: =SUMPRODUCT(SUMIFS('Raw counts'!E:E,'Raw counts'!$A:$A,$B32:$B34)) -> 6992 | G25: =SUMPRODUCT(SUMIFS('Raw counts'!F:F,'Raw counts'!$A:$A,$B32:$B34)) -> 7573 | H25: =SUMPRODUCT(SUMIFS('Raw counts'!G:G,'Raw counts'!$A:$A,$B32:$B34)) -> 4924 | I25: =SUMPRODUCT(SUMIFS('Raw counts'!H:H,'Raw counts'!$A:$A,$B32:$B34)) -> 9062 | J25: =SUMPRODUCT(SUMIFS('Raw counts'!I:I,'Raw counts'!$A:$A,$B32:$B34)) -> 3714 | K25: =SUMPRODUCT(SUMIFS('Raw counts'!J:J,'Raw counts'!$A:$A,$B32:$B34)) -> 6601 | L25: =SUMPRODUCT(SUMIFS('Raw counts'!K:K,'Raw counts'!$A:$A,$B32:$B34)) -> 4025 | M25: =SUMPRODUCT(SUMIFS('Raw counts'!L:L,'Raw counts'!$A:$A,$B32:$B34)) -> 5565 | N25: =SUMPRODUCT(SUMIFS('Raw counts'!M:M,'Raw counts'!$A:$A,$B32:$B34)) -> 7088 | O25: =SUMPRODUCT(SUMIFS('Raw counts'!N:N,'Raw counts'!$A:$A,$B32:$B34)) -> 11342 | P25: =SUMPRODUCT(SUMIFS('Raw counts'!O:O,'Raw counts'!$A:$A,$B32:$B34)) -> 5715 | Q25: =SUMPRODUCT(SUMIFS('Raw counts'!P:P,'Raw counts'!$A:$A,$B32:$B34)) -> 5144 | R25: =SUMPRODUCT(SUMIFS('Raw counts'!Q:Q,'Raw counts'!$A:$A,$B32:$B34)) -> 7107 | S25: =SUMPRODUCT(SUMIFS('Raw counts'!R:R,'Raw counts'!$A:$A,$B32:$B34)) -> 3383 | T25: =SUMPRODUCT(SUMIFS('Raw counts'!S:S,'Raw counts'!$A:$A,$B32:$B34)) -> 3989 | U25: =SUMPRODUCT(SUMIFS('Raw counts'!T:T,'Raw counts'!$A:$A,$B32:$B34)) -> 11030 | W25: =_xlfn.T.TEST(F25:O25,P25:U25,2,2) -> 0.63333191 | X25: =AVERAGE(F25:O25) -> 6688.6 | Y25: =AVERAGE(P25:U25) -> 6061.3333
A26: dCA1 | B26: 382 | C26: Field CA1 | D26: 37700 | E26: 375 | F26: =SUMIFS('Raw counts'!E:E,'Raw counts'!$A:$A,'Brain networks'!$B26) -> 1900 | G26: =SUMIFS('Raw counts'!F:F,'Raw counts'!$A:$A,'Brain networks'!$B26) -> 3509 | H26: =SUMIFS('Raw counts'!G:G,'Raw counts'!$A:$A,'Brain networks'!$B26) -> 5872 | I26: =SUMIFS('Raw counts'!H:H,'Raw counts'!$A:$A,'Brain networks'!$B26) -> 1758 | J26: =SUMIFS('Raw counts'!I:I,'Raw counts'!$A:$A,'Brain networks'!$B26) -> 4336 | K26: =SUMIFS('Raw counts'!J:J,'Raw counts'!$A:$A,'Brain networks'!$B26) -> 4723 | L26: =SUMIFS('Raw counts'!K:K,'Raw counts'!$A:$A,'Brain networks'!$B26) -> 1646 | M26: =SUMIFS('Raw counts'!L:L,'Raw counts'!$A:$A,'Brain networks'!$B26) -> 3505 | N26: =SUMIFS('Raw counts'!M:M,'Raw counts'!$A:$A,'Brain networks'!$B26) -> 2737 | O26: =SUMIFS('Raw counts'!N:N,'Raw counts'!$A:$A,'Brain networks'!$B26) -> 2570 | P26: =SUMIFS('Raw counts'!O:O,'Raw counts'!$A:$A,'Brain networks'!$B26) -> 1737 | Q26: =SUMIFS('Raw counts'!P:P,'Raw counts'!$A:$A,'Brain networks'!$B26) -> 3304 | R26: =SUMIFS('Raw counts'!Q:Q,'Raw counts'!$A:$A,'Brain networks'!$B26) -> 3136 | S26: =SUMIFS('Raw counts'!R:R,'Raw counts'!$A:$A,'Brain networks'!$B26) -> 3062 | T26: =SUMIFS('Raw counts'!S:S,'Raw counts'!$A:$A,'Brain networks'!$B26) -> 2475 | U26: =SUMIFS('Raw counts'!T:T,'Raw counts'!$A:$A,'Brain networks'!$B26) -> 1547 | W26: =_xlfn.T.TEST(F26:O26,P26:U26,2,2) -> 0.27413536 | X26: =AVERAGE(F26:O26) -> 3255.6 | Y26: =AVERAGE(P26:U26) -> 2543.5
A27: dCA3 | B27: 463 | C27: Field CA3 | D27: 38700 | E27: 375 | F27: =SUMIFS('Raw counts'!E:E,'Raw counts'!$A:$A,'Brain networks'!$B27) -> 3640 | G27: =SUMIFS('Raw counts'!F:F,'Raw counts'!$A:$A,'Brain networks'!$B27) -> 3311 | H27: =SUMIFS('Raw counts'!G:G,'Raw counts'!$A:$A,'Brain networks'!$B27) -> 5319 | I27: =SUMIFS('Raw counts'!H:H,'Raw counts'!$A:$A,'Brain networks'!$B27) -> 1759 | J27: =SUMIFS('Raw counts'!I:I,'Raw counts'!$A:$A,'Brain networks'!$B27) -> 2953 | K27: =SUMIFS('Raw counts'!J:J,'Raw counts'!$A:$A,'Brain networks'!$B27) -> 2057 | L27: =SUMIFS('Raw counts'!K:K,'Raw counts'!$A:$A,'Brain networks'!$B27) -> 1146 | M27: =SUMIFS('Raw counts'!L:L,'Raw counts'!$A:$A,'Brain networks'!$B27) -> 1052 | N27: =SUMIFS('Raw counts'!M:M,'Raw counts'!$A:$A,'Brain networks'!$B27) -> 1776 | O27: =SUMIFS('Raw counts'!N:N,'Raw counts'!$A:$A,'Brain networks'!$B27) -> 850 | P27: =SUMIFS('Raw counts'!O:O,'Raw counts'!$A:$A,'Brain networks'!$B27) -> 4580 | Q27: =SUMIFS('Raw counts'!P:P,'Raw counts'!$A:$A,'Brain networks'!$B27) -> 3095 | R27: =SUMIFS('Raw counts'!Q:Q,'Raw counts'!$A:$A,'Brain networks'!$B27) -> 1605 | S27: =SUMIFS('Raw counts'!R:R,'Raw counts'!$A:$A,'Brain networks'!$B27) -> 1673 | T27: =SUMIFS('Raw counts'!S:S,'Raw counts'!$A:$A,'Brain networks'!$B27) -> 1309 | U27: =SUMIFS('Raw counts'!T:T,'Raw counts'!$A:$A,'Brain networks'!$B27) -> 983 | W27: =_xlfn.T.TEST(F27:O27,P27:U27,2,2) -> 0.807682 | X27: =AVERAGE(F27:O27) -> 2386.3 | Y27: =AVERAGE(P27:U27) -> 2207.5
B29: 632 | C29: Dentate gyrus, granule cell layer | D29: 39600 | E29: 726
B30: 10703 | C30: Dentate gyrus, molecular layer | D30: 39400 | E30: 726
B31: 10704 | C31: Dentate gyrus, polymorph layer | D31: 39500 | E31: 726
B32: 2632 | C32: Dentate gyrus, granule cell layer ventral | D32: 39600 | E32: 2726
B33: 12703 | C33: Dentate gyrus, molecular layer | D33: 39400 | E33: 2726
B34: 12704 | C34: Dentate gyrus, subgranular zone ventral | D34: 39700 | E34: 2726
B35: 894 | C35: Retrosplenial area, lateral agranular part | D35: 25300 | E35: 254
B36: 274 | C36: Retrosplenial area, dorsal part, layer 6a | D36: 26400 | E36: 879
B37: 330 | C37: Retrosplenial area, dorsal part, layer 6b | D37: 26500 | E37: 879
B38: 434 | C38: Retrosplenial area, dorsal part, layer 2/3 | D38: 26100 | E38: 879
B39: 442 | C39: Retrosplenial area, dorsal part, layer 1 | D39: 26000 | E39: 879
B40: 545 | C40: Retrosplenial area, dorsal part, layer 4 | D40: 26200 | E40: 879
... B113: 934 | C113: Entorhinal area, medial part, ventral zone | D113: 43700 | E113: 909

Sheet Activation map corrected Z<3
E1: Group | F1: 0 | G1: 0 | H1: 0 | I1: 0 | J1: 0 | K1: 0 | L1: 0 | M1: 0 | N1: 0 | O1: 0 | P1: 1 | Q1: 1 | R1: 1 | S1: 1 | T1: 1 | U1: 1
B2: id | C2: name | D2: structure_order | E2: parent_id | F2: 345391 | G2: 348028 | H2: 348030 | I2: 348035 | J2: 348465 | K2: 349038 | L2: 349438 | M2: 354044 | N2: 354519 | O2: 354522 | P2: 348034 | Q2: 349022 | R2: 349440 | S2: 350322 | T2: 350324 | U2: 354043 | W2: T-test | X2: Gem 0 | Y2: Gem 1 | Z2: SEM 0 | AA2: SEM 1
