Workbook

Sheet Activation map
E1: Group | F1: 0 | G1: 0 | H1: 0 | I1: 0 | J1: 0 | K1: 0 | L1: 0 | M1: 0 | N1: 0 | O1: 1 | P1: 1 | Q1: 1 | R1: 1 | S1: 1 | T1: 1 | U1: 1 | V1: 1
A2: region | B2: id | C2: name | D2: structure_order | E2: parent_id | F2: 124 | G2: 143 | H2: 146 | I2: 152 | J2: 170 | K2: 171 | L2: 175 | M2: 183 | N2: 200 | O2: 113 | P2: 172 | Q2: 177 | R2: 178 | S2: 179 | T2: 180 | U2: 184 | V2: 207 | X2: T-test | Y2: Gem 0 | Z2: Gem 1
A3: dCA1 | B3: 382 | C3: Field CA1 | D3: 37700 | E3: 375 | F3: =SUMIFS(#REF!,#REF!,'Activation map'!$B3) -> #VALUE! | G3: =SUMIFS(#REF!,#REF!,'Activation map'!$B3) -> #VALUE! | H3: =SUMIFS(#REF!,#REF!,'Activation map'!$B3) -> #VALUE! | I3: =SUMIFS(#REF!,#REF!,'Activation map'!$B3) -> #VALUE! | J3: =SUMIFS(#REF!,#REF!,'Activation map'!$B3) -> #VALUE! | K3: =SUMIFS(#REF!,#REF!,'Activation map'!$B3) -> #VALUE! | L3: =SUMIFS(#REF!,#REF!,'Activation map'!$B3) -> #VALUE! | M3: =SUMIFS(#REF!,#REF!,'Activation map'!$B3) -> #VALUE! | ... V3: =SUMIFS(#REF!,#REF!,'Activation map'!$B3) -> #VALUE! | X3: =_xlfn.T.TEST(F3:N3,O3:V3,2,2) -> #VALUE! | Y3: =AVERAGE(F3:N3) -> #VALUE! | Z3: =AVERAGE(O3:V3) -> #VALUE!
A4: dCA3 | B4: 463 | C4: Field CA3 | D4: 38700 | E4: 375 | F4: =SUMIFS(#REF!,#REF!,'Activation map'!$B4) -> #VALUE! | G4: =SUMIFS(#REF!,#REF!,'Activation map'!$B4) -> #VALUE! | H4: =SUMIFS(#REF!,#REF!,'Activation map'!$B4) -> #VALUE! | I4: =SUMIFS(#REF!,#REF!,'Activation map'!$B4) -> #VALUE! | J4: =SUMIFS(#REF!,#REF!,'Activation map'!$B4) -> #VALUE! | K4: =SUMIFS(#REF!,#REF!,'Activation map'!$B4) -> #VALUE! | L4: =SUMIFS(#REF!,#REF!,'Activation map'!$B4) -> #VALUE! | M4: =SUMIFS(#REF!,#REF!,'Activation map'!$B4) -> #VALUE! | ... V4: =SUMIFS(#REF!,#REF!,'Activation map'!$B4) -> #VALUE! | X4: =_xlfn.T.TEST(F4:N4,O4:V4,2,2) -> #VALUE! | Y4: =AVERAGE(F4:N4) -> #VALUE! | Z4: =AVERAGE(O4:V4) -> #VALUE!
A5: dDG | C5: Dentate gyrus | E5: 726 | F5: =SUMPRODUCT(SUMIFS(#REF!,#REF!,$B16:$B18)) -> #VALUE! | G5: =SUMPRODUCT(SUMIFS(#REF!,#REF!,$B16:$B18)) -> #VALUE! | H5: =SUMPRODUCT(SUMIFS(#REF!,#REF!,$B16:$B18)) -> #VALUE! | I5: =SUMPRODUCT(SUMIFS(#REF!,#REF!,$B16:$B18)) -> #VALUE! | J5: =SUMPRODUCT(SUMIFS(#REF!,#REF!,$B16:$B18)) -> #VALUE! | K5: =SUMPRODUCT(SUMIFS(#REF!,#REF!,$B16:$B18)) -> #VALUE! | L5: =SUMPRODUCT(SUMIFS(#REF!,#REF!,$B16:$B18)) -> #VALUE! | M5: =SUMPRODUCT(SUMIFS(#REF!,#REF!,$B16:$B18)) -> #VALUE! | ... V5: =SUMPRODUCT(SUMIFS(#REF!,#REF!,$B16:$B18)) -> #VALUE! | X5: =_xlfn.T.TEST(F5:N5,O5:V5,2,2) -> #VALUE! | Y5: =AVERAGE(F5:N5) -> #VALUE! | Z5: =AVERAGE(O5:V5) -> #VALUE!
A6: vCA1 | B6: 2382 | C6: Field CA1 ventral | D6: 37700 | E6: 2375 | F6: =SUMIFS(#REF!,#REF!,'Activation map'!$B6) -> #VALUE! | G6: =SUMIFS(#REF!,#REF!,'Activation map'!$B6) -> #VALUE! | H6: =SUMIFS(#REF!,#REF!,'Activation map'!$B6) -> #VALUE! | I6: =SUMIFS(#REF!,#REF!,'Activation map'!$B6) -> #VALUE! | J6: =SUMIFS(#REF!,#REF!,'Activation map'!$B6) -> #VALUE! | K6: =SUMIFS(#REF!,#REF!,'Activation map'!$B6) -> #VALUE! | L6: =SUMIFS(#REF!,#REF!,'Activation map'!$B6) -> #VALUE! | M6: =SUMIFS(#REF!,#REF!,'Activation map'!$B6) -> #VALUE! | ... V6: =SUMIFS(#REF!,#REF!,'Activation map'!$B6) -> #VALUE! | X6: =_xlfn.T.TEST(F6:N6,O6:V6,2,2) -> #VALUE! | Y6: =AVERAGE(F6:N6) -> #VALUE! | Z6: =AVERAGE(O6:V6) -> #VALUE!
A7: vCA3 | B7: 2463 | C7: Field CA3 ventral | D7: 38700 | E7: 2375 | F7: =SUMIFS(#REF!,#REF!,'Activation map'!$B7) -> #VALUE! | G7: =SUMIFS(#REF!,#REF!,'Activation map'!$B7) -> #VALUE! | H7: =SUMIFS(#REF!,#REF!,'Activation map'!$B7) -> #VALUE! | I7: =SUMIFS(#REF!,#REF!,'Activation map'!$B7) -> #VALUE! | J7: =SUMIFS(#REF!,#REF!,'Activation map'!$B7) -> #VALUE! | K7: =SUMIFS(#REF!,#REF!,'Activation map'!$B7) -> #VALUE! | L7: =SUMIFS(#REF!,#REF!,'Activation map'!$B7) -> #VALUE! | M7: =SUMIFS(#REF!,#REF!,'Activation map'!$B7) -> #VALUE! | ... V7: =SUMIFS(#REF!,#REF!,'Activation map'!$B7) -> #VALUE! | X7: =_xlfn.T.TEST(F7:N7,O7:V7,2,2) -> #VALUE! | Y7: =AVERAGE(F7:N7) -> #VALUE! | Z7: =AVERAGE(O7:V7) -> #VALUE!
A8: vDG | C8: Dentate gyrus ventral | E8: 2726 | F8: =SUMPRODUCT(SUMIFS(#REF!,#REF!,$B19:$B21)) -> #VALUE! | G8: =SUMPRODUCT(SUMIFS(#REF!,#REF!,$B19:$B21)) -> #VALUE! | H8: =SUMPRODUCT(SUMIFS(#REF!,#REF!,$B19:$B21)) -> #VALUE! | I8: =SUMPRODUCT(SUMIFS(#REF!,#REF!,$B19:$B21)) -> #VALUE! | J8: =SUMPRODUCT(SUMIFS(#REF!,#REF!,$B19:$B21)) -> #VALUE! | K8: =SUMPRODUCT(SUMIFS(#REF!,#REF!,$B19:$B21)) -> #VALUE! | L8: =SUMPRODUCT(SUMIFS(#REF!,#REF!,$B19:$B21)) -> #VALUE! | M8: =SUMPRODUCT(SUMIFS(#REF!,#REF!,$B19:$B21)) -> #VALUE! | ... V8: =SUMPRODUCT(SUMIFS(#REF!,#REF!,$B19:$B21)) -> #VALUE! | X8: =_xlfn.T.TEST(F8:N8,O8:V8,2,2) -> #VALUE! | Y8: =AVERAGE(F8:N8) -> #VALUE! | Z8: =AVERAGE(O8:V8) -> #VALUE!
A9: RSP | C9: Retrosplenial area | F9: =SUMPRODUCT(SUMIFS(#REF!,#REF!,$B22:$B38)) -> #VALUE! | G9: =SUMPRODUCT(SUMIFS(#REF!,#REF!,$B22:$B38)) -> #VALUE! | H9: =SUMPRODUCT(SUMIFS(#REF!,#REF!,$B22:$B38)) -> #VALUE! | I9: =SUMPRODUCT(SUMIFS(#REF!,#REF!,$B22:$B38)) -> #VALUE! | J9: =SUMPRODUCT(SUMIFS(#REF!,#REF!,$B22:$B38)) -> #VALUE! | K9: =SUMPRODUCT(SUMIFS(#REF!,#REF!,$B22:$B38)) -> #VALUE! | L9: =SUMPRODUCT(SUMIFS(#REF!,#REF!,$B22:$B38)) -> #VALUE! | M9: =SUMPRODUCT(SUMIFS(#REF!,#REF!,$B22:$B38)) -> #VALUE! | ... V9: =SUMPRODUCT(SUMIFS(#REF!,#REF!,$B22:$B38)) -> #VALUE! | X9: =_xlfn.T.TEST(F9:N9,O9:V9,2,2) -> #VALUE! | Y9: =AVERAGE(F9:N9) -> #VALUE! | Z9: =AVERAGE(O9:V9) -> #VALUE!
A10: ACC | C10: Anterior cingulate area | F10: =SUMPRODUCT(SUMIFS(#REF!,#REF!,$B39:$B48)) -> #VALUE! | G10: =SUMPRODUCT(SUMIFS(#REF!,#REF!,$B39:$B48)) -> #VALUE! | H10: =SUMPRODUCT(SUMIFS(#REF!,#REF!,$B39:$B48)) -> #VALUE! | I10: =SUMPRODUCT(SUMIFS(#REF!,#REF!,$B39:$B48)) -> #VALUE! | J10: =SUMPRODUCT(SUMIFS(#REF!,#REF!,$B39:$B48)) -> #VALUE! | K10: =SUMPRODUCT(SUMIFS(#REF!,#REF!,$B39:$B48)) -> #VALUE! | L10: =SUMPRODUCT(SUMIFS(#REF!,#REF!,$B39:$B48)) -> #VALUE! | M10: =SUMPRODUCT(SUMIFS(#REF!,#REF!,$B39:$B48)) -> #VALUE! | ... V10: =SUMPRODUCT(SUMIFS(#REF!,#REF!,$B39:$B48)) -> #VALUE! | X10: =_xlfn.T.TEST(F10:N10,O10:V10,2,2) -> #VALUE! | Y10: =AVERAGE(F10:N10) -> #VALUE! | Z10: =AVERAGE(O10:V10) -> #VALUE!
A11: PL | C11: Prelimbic area | E11: 972 | F11: =SUMPRODUCT(SUMIFS(#REF!,#REF!,$B49:$B53)) -> #VALUE! | G11: =SUMPRODUCT(SUMIFS(#REF!,#REF!,$B49:$B53)) -> #VALUE! | H11: =SUMPRODUCT(SUMIFS(#REF!,#REF!,$B49:$B53)) -> #VALUE! | I11: =SUMPRODUCT(SUMIFS(#REF!,#REF!,$B49:$B53)) -> #VALUE! | J11: =SUMPRODUCT(SUMIFS(#REF!,#REF!,$B49:$B53)) -> #VALUE! | K11: =SUMPRODUCT(SUMIFS(#REF!,#REF!,$B49:$B53)) -> #VALUE! | L11: =SUMPRODUCT(SUMIFS(#REF!,#REF!,$B49:$B53)) -> #VALUE! | M11: =SUMPRODUCT(SUMIFS(#REF!,#REF!,$B49:$B53)) -> #VALUE! | ... V11: =SUMPRODUCT(SUMIFS(#REF!,#REF!,$B49:$B53)) -> #VALUE! | X11: =_xlfn.T.TEST(F11:N11,O11:V11,2,2) -> #VALUE! | Y11: =AVERAGE(F11:N11) -> #VALUE! | Z11: =AVERAGE(O11:V11) -> #VALUE!
A12: IL | C12: Infralimbic area | E12: 44 | F12: =SUMPRODUCT(SUMIFS(#REF!,#REF!,$B54:$B58)) -> #VALUE! | G12: =SUMPRODUCT(SUMIFS(#REF!,#REF!,$B54:$B58)) -> #VALUE! | H12: =SUMPRODUCT(SUMIFS(#REF!,#REF!,$B54:$B58)) -> #VALUE! | I12: =SUMPRODUCT(SUMIFS(#REF!,#REF!,$B54:$B58)) -> #VALUE! | J12: =SUMPRODUCT(SUMIFS(#REF!,#REF!,$B54:$B58)) -> #VALUE! | K12: =SUMPRODUCT(SUMIFS(#REF!,#REF!,$B54:$B58)) -> #VALUE! | L12: =SUMPRODUCT(SUMIFS(#REF!,#REF!,$B54:$B58)) -> #VALUE! | M12: =SUMPRODUCT(SUMIFS(#REF!,#REF!,$B54:$B58)) -> #VALUE! | ... V12: =SUMPRODUCT(SUMIFS(#REF!,#REF!,$B54:$B58)) -> #VALUE! | X12: =_xlfn.T.TEST(F12:N12,O12:V12,2,2) -> #VALUE! | Y12: =AVERAGE(F12:N12) -> #VALUE! | Z12: =AVERAGE(O12:V12) -> #VALUE!
A13: CeA | B13: 536 | C13: Central amygdalar nucleus | D13: 50300 | E13: 278 | F13: =SUMIFS(#REF!,#REF!,'Activation map'!$B13) -> #VALUE! | G13: =SUMIFS(#REF!,#REF!,'Activation map'!$B13) -> #VALUE! | H13: =SUMIFS(#REF!,#REF!,'Activation map'!$B13) -> #VALUE! | I13: =SUMIFS(#REF!,#REF!,'Activation map'!$B13) -> #VALUE! | J13: =SUMIFS(#REF!,#REF!,'Activation map'!$B13) -> #VALUE! | K13: =SUMIFS(#REF!,#REF!,'Activation map'!$B13) -> #VALUE! | L13: =SUMIFS(#REF!,#REF!,'Activation map'!$B13) -> #VALUE! | M13: =SUMIFS(#REF!,#REF!,'Activation map'!$B13) -> #VALUE! | ... V13: =SUMIFS(#REF!,#REF!,'Activation map'!$B13) -> #VALUE! | X13: =_xlfn.T.TEST(F13:N13,O13:V13,2,2) -> #VALUE! | Y13: =AVERAGE(F13:N13) -> #VALUE! | Z13: =AVERAGE(O13:V13) -> #VALUE!
A14: BLA | C14: Basolateral amygdalar nucleus | E14: 295 | F14: =SUMPRODUCT(SUMIFS(#REF!,#REF!,$B59:$B61)) -> #VALUE! | G14: =SUMPRODUCT(SUMIFS(#REF!,#REF!,$B59:$B61)) -> #VALUE! | H14: =SUMPRODUCT(SUMIFS(#REF!,#REF!,$B59:$B61)) -> #VALUE! | I14: =SUMPRODUCT(SUMIFS(#REF!,#REF!,$B59:$B61)) -> #VALUE! | J14: =SUMPRODUCT(SUMIFS(#REF!,#REF!,$B59:$B61)) -> #VALUE! | K14: =SUMPRODUCT(SUMIFS(#REF!,#REF!,$B59:$B61)) -> #VALUE! | L14: =SUMPRODUCT(SUMIFS(#REF!,#REF!,$B59:$B61)) -> #VALUE! | M14: =SUMPRODUCT(SUMIFS(#REF!,#REF!,$B59:$B61)) -> #VALUE! | ... V14: =SUMPRODUCT(SUMIFS(#REF!,#REF!,$B59:$B61)) -> #VALUE! | X14: =_xlfn.T.TEST(F14:N14,O14:V14,2,2) -> #VALUE! | Y14: =AVERAGE(F14:N14) -> #VALUE! | Z14: =AVERAGE(O14:V14) -> #VALUE!
B16: 632 | C16: Dentate gyrus, granule cell layer | D16: 39600 | E16: 726
B17: 10703 | C17: Dentate gyrus, molecular layer | D17: 39400 | E17: 726
B18: 10704 | C18: Dentate gyrus, polymorph layer | D18: 39500 | E18: 726
B19: 2632 | C19: Dentate gyrus, granule cell layer ventral | D19: 39600 | E19: 2726
B20: 12703 | C20: Dentate gyrus, molecular layer | D20: 39400 | E20: 2726
B21: 12704 | C21: Dentate gyrus, subgranular zone ventral | D21: 39700 | E21: 2726
B22: 894 | C22: Retrosplenial area, lateral agranular part | D22: 25300 | E22: 254
B23: 274 | C23: Retrosplenial area, dorsal part, layer 6a | D23: 26400 | E23: 879
B24: 330 | C24: Retrosplenial area, dorsal part, layer 6b | D24: 26500 | E24: 879
B25: 434 | C25: Retrosplenial area, dorsal part, layer 2/3 | D25: 26100 | E25: 879
B26: 442 | C26: Retrosplenial area, dorsal part, layer 1 | D26: 26000 | E26: 879
B27: 545 | C27: Retrosplenial area, dorsal part, layer 4 | D27: 26200 | E27: 879
... B61: 451 | C61: Basolateral amygdalar nucleus, ventral part | D61: 47400 | E61: 295

Sheet Total-corrected counts Z<2
E1: 0 | F1: 0 | G1: 0 | H1: 0 | I1: 0 | J1: 0 | K1: 0 | L1: 0 | M1: 0 | N1: 1 | O1: 1 | P1: 1 | Q1: 1 | R1: 1 | S1: 1 | T1: 1 | U1: 1
A2: id | B2: name | C2: structure_order | D2: parent_id | E2: 124 | F2: 143 | G2: 146 | H2: 152 | I2: 170 | J2: 171 | K2: 175 | L2: 183 | M2: 200 | N2: 113 | O2: 172 | P2: 177 | Q2: 178 | R2: 179 | S2: 180 | T2: 184 | U2: 207 | V2: Filter | W2: T-test | X2: Gem 0 | Y2: Gem 1
A3: 0 | B3: background | C3: 0 | E3: =IFERROR(IF(OR(HLOOKUP($A3,#REF!,3,FALSE())>2,HLOOKUP(A3,#REF!,3,FALSE())<-2),"",#REF!),"") | F3: =IFERROR(IF(OR(HLOOKUP($A3,#REF!,4,FALSE())>2,HLOOKUP($A3,#REF!,4,FALSE())<-2),"",#REF!),"") | G3: =IFERROR(IF(OR(HLOOKUP($A3,#REF!,5,FALSE())>2,HLOOKUP($A3,#REF!,5,FALSE())<-2),"",#REF!),"") | H3: =IFERROR(IF(OR(HLOOKUP($A3,#REF!,6,FALSE())>2,HLOOKUP($A3,#REF!,6,FALSE())<-2),"",#REF!),"") | I3: =IFERROR(IF(OR(HLOOKUP($A3,#REF!,7,FALSE())>2,HLOOKUP($A3,#REF!,7,FALSE())<-2),"",#REF!),"") | J3: =IFERROR(IF(OR(HLOOKUP($A3,#REF!,8,FALSE())>2,HLOOKUP($A3,#REF!,8,FALSE())<-2),"",#REF!),"") | K3: =IFERROR(IF(OR(HLOOKUP($A3,#REF!,9,FALSE())>2,HLOOKUP($A3,#REF!,9,FALSE())<-2),"",#REF!),"") | L3: =IFERROR(IF(OR(HLOOKUP($A3,#REF!,10,FALSE())>2,HLOOKUP($A3,#REF!,10,FALSE())<-2),"",#REF!),"") | M3: =IFERROR(IF(OR(HLOOKUP($A3,#REF!,11,FALSE())>2,HLOOKUP($A3,#REF!,11,FALSE())<-2),"",#REF!),"") | N3: =IFERROR(IF(OR(HLOOKUP($A3,#REF!,12,FALSE())>2,HLOOKUP($A3,#REF!,12,FALSE())<-2),"",#REF!),"") | O3: =IFERROR(IF(OR(HLOOKUP($A3,#REF!,13,FALSE())>2,HLOOKUP($A3,#REF!,13,FALSE())<-2),"",#REF!),"") | P3: =IFERROR(IF(OR(HLOOKUP($A3,#REF!,14,FALSE())>2,HLOOKUP($A3,#REF!,14,FALSE())<-2),"",#REF!),"") | Q3: =IFERROR(IF(OR(HLOOKUP($A3,#REF!,15,FALSE())>2,HLOOKUP($A3,#REF!,15,FALSE())<-2),"",#REF!),"") | R3: =IFERROR(IF(OR(HLOOKUP($A3,#REF!,16,FALSE())>2,HLOOKUP($A3,#REF!,16,FALSE())<-2),"",#REF!),"") | S3: =IFERROR(IF(OR(HLOOKUP($A3,#REF!,17,FALSE())>2,HLOOKUP($A3,#REF!,17,FALSE())<-2),"",#REF!),"") | T3: =IFERROR(IF(OR(HLOOKUP($A3,#REF!,18,FALSE())>2,HLOOKUP($A3,#REF!,18,FALSE())<-2),"",#REF!),"") | U3: =IFERROR(IF(OR(HLOOKUP($A3,#REF!,19,FALSE())>2,HLOOKUP($A3,#REF!,19,FALSE())<-2),"",#REF!),"") | V3: =IFERROR(IF(AND(X3=0,Y3=0),0,1),0) -> 1 | W3: =IFERROR(_xlfn.T.TEST(E3:M3,N3:U3,2,2),"") | X3: =IFERROR(AVERAGE(E3:M3),"") | Y3: =IFERROR(AVERAGE(N3:U3),"")
A4: 1 | B4: Tuberomammillary nucleus, ventral part | C4: 75500 | D4: 557 | E4: =IFERROR(IF(OR(HLOOKUP($A4,#REF!,3,FALSE())>2,HLOOKUP(A4,#REF!,3,FALSE())<-2),"",#REF!),"") | F4: =IFERROR(IF(OR(HLOOKUP($A4,#REF!,4,FALSE())>2,HLOOKUP($A4,#REF!,4,FALSE())<-2),"",#REF!),"") | G4: =IFERROR(IF(OR(HLOOKUP($A4,#REF!,5,FALSE())>2,HLOOKUP($A4,#REF!,5,FALSE())<-2),"",#REF!),"") | H4: =IFERROR(IF(OR(HLOOKUP($A4,#REF!,6,FALSE())>2,HLOOKUP($A4,#REF!,6,FALSE())<-2),"",#REF!),"") | I4: =IFERROR(IF(OR(HLOOKUP($A4,#REF!,7,FALSE())>2,HLOOKUP($A4,#REF!,7,FALSE())<-2),"",#REF!),"") | J4: =IFERROR(IF(OR(HLOOKUP($A4,#REF!,8,FALSE())>2,HLOOKUP($A4,#REF!,8,FALSE())<-2),"",#REF!),"") | K4: =IFERROR(IF(OR(HLOOKUP($A4,#REF!,9,FALSE())>2,HLOOKUP($A4,#REF!,9,FALSE())<-2),"",#REF!),"") | L4: =IFERROR(IF(OR(HLOOKUP($A4,#REF!,10,FALSE())>2,HLOOKUP($A4,#REF!,10,FALSE())<-2),"",#REF!),"") | M4: =IFERROR(IF(OR(HLOOKUP($A4,#REF!,11,FALSE())>2,HLOOKUP($A4,#REF!,11,FALSE())<-2),"",#REF!),"") | N4: =IFERROR(IF(OR(HLOOKUP($A4,#REF!,12,FALSE())>2,HLOOKUP($A4,#REF!,12,FALSE())<-2),"",#REF!),"") | O4: =IFERROR(IF(OR(HLOOKUP($A4,#REF!,13,FALSE())>2,HLOOKUP($A4,#REF!,13,FALSE())<-2),"",#REF!),"") | P4: =IFERROR(IF(OR(HLOOKUP($A4,#REF!,14,FALSE())>2,HLOOKUP($A4,#REF!,14,FALSE())<-2),"",#REF!),"") | Q4: =IFERROR(IF(OR(HLOOKUP($A4,#REF!,15,FALSE())>2,HLOOKUP($A4,#REF!,15,FALSE())<-2),"",#REF!),"") | R4: =IFERROR(IF(OR(HLOOKUP($A4,#REF!,16,FALSE())>2,HLOOKUP($A4,#REF!,16,FALSE())<-2),"",#REF!),"") | S4: =IFERROR(IF(OR(HLOOKUP($A4,#REF!,17,FALSE())>2,HLOOKUP($A4,#REF!,17,FALSE())<-2),"",#REF!),"") | T4: =IFERROR(IF(OR(HLOOKUP($A4,#REF!,18,FALSE())>2,HLOOKUP($A4,#REF!,18,FALSE())<-2),"",#REF!),"") | U4: =IFERROR(IF(OR(HLOOKUP($A4,#REF!,19,FALSE())>2,HLOOKUP($A4,#REF!,19,FALSE())<-2),"",#REF!),"") | V4: =IFERROR(IF(AND(X4=0,Y4=0),0,1),0) -> 1 | W4: =IFERROR(_xlfn.T.TEST(E4:M4,N4:U4,2,2),"") | X4: =IFERROR(AVERAGE(E4:M4),"") | Y4: =IFERROR(AVERAGE(N4:U4),"")
A5: 2 | B5: Primary somatosensory area, mouth, layer 6b | C5: 6200 | D5: 345 | E5: =IFERROR(IF(OR(HLOOKUP($A5,#REF!,3,FALSE())>2,HLOOKUP(A5,#REF!,3,FALSE())<-2),"",#REF!),"") | F5: =IFERROR(IF(OR(HLOOKUP($A5,#REF!,4,FALSE())>2,HLOOKUP($A5,#REF!,4,FALSE())<-2),"",#REF!),"") | G5: =IFERROR(IF(OR(HLOOKUP($A5,#REF!,5,FALSE())>2,HLOOKUP($A5,#REF!,5,FALSE())<-2),"",#REF!),"") | H5: =IFERROR(IF(OR(HLOOKUP($A5,#REF!,6,FALSE())>2,HLOOKUP($A5,#REF!,6,FALSE())<-2),"",#REF!),"") | I5: =IFERROR(IF(OR(HLOOKUP($A5,#REF!,7,FALSE())>2,HLOOKUP($A5,#REF!,7,FALSE())<-2),"",#REF!),"") | J5: =IFERROR(IF(OR(HLOOKUP($A5,#REF!,8,FALSE())>2,HLOOKUP($A5,#REF!,8,FALSE())<-2),"",#REF!),"") | K5: =IFERROR(IF(OR(HLOOKUP($A5,#REF!,9,FALSE())>2,HLOOKUP($A5,#REF!,9,FALSE())<-2),"",#REF!),"") | L5: =IFERROR(IF(OR(HLOOKUP($A5,#REF!,10,FALSE())>2,HLOOKUP($A5,#REF!,10,FALSE())<-2),"",#REF!),"") | M5: =IFERROR(IF(OR(HLOOKUP($A5,#REF!,11,FALSE())>2,HLOOKUP($A5,#REF!,11,FALSE())<-2),"",#REF!),"") | N5: =IFERROR(IF(OR(HLOOKUP($A5,#REF!,12,FALSE())>2,HLOOKUP($A5,#REF!,12,FALSE())<-2),"",#REF!),"") | O5: =IFERROR(IF(OR(HLOOKUP($A5,#REF!,13,FALSE())>2,HLOOKUP($A5,#REF!,13,FALSE())<-2),"",#REF!),"") | P5: =IFERROR(IF(OR(HLOOKUP($A5,#REF!,14,FALSE())>2,HLOOKUP($A5,#REF!,14,FALSE())<-2),"",#REF!),"") | Q5: =IFERROR(IF(OR(HLOOKUP($A5,#REF!,15,FALSE())>2,HLOOKUP($A5,#REF!,15,FALSE())<-2),"",#REF!),"") | R5: =IFERROR(IF(OR(HLOOKUP($A5,#REF!,16,FALSE())>2,HLOOKUP($A5,#REF!,16,FALSE())<-2),"",#REF!),"") | S5: =IFERROR(IF(OR(HLOOKUP($A5,#REF!,17,FALSE())>2,HLOOKUP($A5,#REF!,17,FALSE())<-2),"",#REF!),"") | T5: =IFERROR(IF(OR(HLOOKUP($A5,#REF!,18,FALSE())>2,HLOOKUP($A5,#REF!,18,FALSE())<-2),"",#REF!),"") | U5: =IFERROR(IF(OR(HLOOKUP($A5,#REF!,19,FALSE())>2,HLOOKUP($A5,#REF!,19,FALSE())<-2),"",#REF!),"") | V5: =IFERROR(IF(AND(X5=0,Y5=0),0,1),0) -> 1 | W5: =IFERROR(_xlfn.T.TEST(E5:M5,N5:U5,2,2),"") | X5: =IFERROR(AVERAGE(E5:M5),"") | Y5: =IFERROR(AVERAGE(N5:U5),"")
A6: 3 | B6: secondary fissure | C6: 118200 | D6: 1040 | E6: =IFERROR(IF(OR(HLOOKUP($A6,#REF!,3,FALSE())>2,HLOOKUP(A6,#REF!,3,FALSE())<-2),"",#REF!),"") | F6: =IFERROR(IF(OR(HLOOKUP($A6,#REF!,4,FALSE())>2,HLOOKUP($A6,#REF!,4,FALSE())<-2),"",#REF!),"") | G6: =IFERROR(IF(OR(HLOOKUP($A6,#REF!,5,FALSE())>2,HLOOKUP($A6,#REF!,5,FALSE())<-2),"",#REF!),"") | H6: =IFERROR(IF(OR(HLOOKUP($A6,#REF!,6,FALSE())>2,HLOOKUP($A6,#REF!,6,FALSE())<-2),"",#REF!),"") | I6: =IFERROR(IF(OR(HLOOKUP($A6,#REF!,7,FALSE())>2,HLOOKUP($A6,#REF!,7,FALSE())<-2),"",#REF!),"") | J6: =IFERROR(IF(OR(HLOOKUP($A6,#REF!,8,FALSE())>2,HLOOKUP($A6,#REF!,8,FALSE())<-2),"",#REF!),"") | K6: =IFERROR(IF(OR(HLOOKUP($A6,#REF!,9,FALSE())>2,HLOOKUP($A6,#REF!,9,FALSE())<-2),"",#REF!),"") | L6: =IFERROR(IF(OR(HLOOKUP($A6,#REF!,10,FALSE())>2,HLOOKUP($A6,#REF!,10,FALSE())<-2),"",#REF!),"") | M6: =IFERROR(IF(OR(HLOOKUP($A6,#REF!,11,FALSE())>2,HLOOKUP($A6,#REF!,11,FALSE())<-2),"",#REF!),"") | N6: =IFERROR(IF(OR(HLOOKUP($A6,#REF!,12,FALSE())>2,HLOOKUP($A6,#REF!,12,FALSE())<-2),"",#REF!),"") | O6: =IFERROR(IF(OR(HLOOKUP($A6,#REF!,13,FALSE())>2,HLOOKUP($A6,#REF!,13,FALSE())<-2),"",#REF!),"") | P6: =IFERROR(IF(OR(HLOOKUP($A6,#REF!,14,FALSE())>2,HLOOKUP($A6,#REF!,14,FALSE())<-2),"",#REF!),"") | Q6: =IFERROR(IF(OR(HLOOKUP($A6,#REF!,15,FALSE())>2,HLOOKUP($A6,#REF!,15,FALSE())<-2),"",#REF!),"") | R6: =IFERROR(IF(OR(HLOOKUP($A6,#REF!,16,FALSE())>2,HLOOKUP($A6,#REF!,16,FALSE())<-2),"",#REF!),"") | S6: =IFERROR(IF(OR(HLOOKUP($A6,#REF!,17,FALSE())>2,HLOOKUP($A6,#REF!,17,FALSE())<-2),"",#REF!),"") | T6: =IFERROR(IF(OR(HLOOKUP($A6,#REF!,18,FALSE())>2,HLOOKUP($A6,#REF!,18,FALSE())<-2),"",#REF!),"") | U6: =IFERROR(IF(OR(HLOOKUP($A6,#REF!,19,FALSE())>2,HLOOKUP($A6,#REF!,19,FALSE())<-2),"",#REF!),"") | V6: =IFERROR(IF(AND(X6=0,Y6=0),0,1),0) -> 1 | W6: =IFERROR(_xlfn.T.TEST(E6:M6,N6:U6,2,2),"") | X6: =IFERROR(AVERAGE(E6:M6),"") | Y6: =IFERROR(AVERAGE(N6:U6),"")
A7: 4 | B7: Inferior colliculus | C7: 79100 | D7: 339 | E7: =IFERROR(IF(OR(HLOOKUP($A7,#REF!,3,FALSE())>2,HLOOKUP(A7,#REF!,3,FALSE())<-2),"",#REF!),"") | F7: =IFERROR(IF(OR(HLOOKUP($A7,#REF!,4,FALSE())>2,HLOOKUP($A7,#REF!,4,FALSE())<-2),"",#REF!),"") | G7: =IFERROR(IF(OR(HLOOKUP($A7,#REF!,5,FALSE())>2,HLOOKUP($A7,#REF!,5,FALSE())<-2),"",#REF!),"") | H7: =IFERROR(IF(OR(HLOOKUP($A7,#REF!,6,FALSE())>2,HLOOKUP($A7,#REF!,6,FALSE())<-2),"",#REF!),"") | I7: =IFERROR(IF(OR(HLOOKUP($A7,#REF!,7,FALSE())>2,HLOOKUP($A7,#REF!,7,FALSE())<-2),"",#REF!),"") | J7: =IFERROR(IF(OR(HLOOKUP($A7,#REF!,8,FALSE())>2,HLOOKUP($A7,#REF!,8,FALSE())<-2),"",#REF!),"") | K7: =IFERROR(IF(OR(HLOOKUP($A7,#REF!,9,FALSE())>2,HLOOKUP($A7,#REF!,9,FALSE())<-2),"",#REF!),"") | L7: =IFERROR(IF(OR(HLOOKUP($A7,#REF!,10,FALSE())>2,HLOOKUP($A7,#REF!,10,FALSE())<-2),"",#REF!),"") | M7: =IFERROR(IF(OR(HLOOKUP($A7,#REF!,11,FALSE())>2,HLOOKUP($A7,#REF!,11,FALSE())<-2),"",#REF!),"") | N7: =IFERROR(IF(OR(HLOOKUP($A7,#REF!,12,FALSE())>2,HLOOKUP($A7,#REF!,12,FALSE())<-2),"",#REF!),"") | O7: =IFERROR(IF(OR(HLOOKUP($A7,#REF!,13,FALSE())>2,HLOOKUP($A7,#REF!,13,FALSE())<-2),"",#REF!),"") | P7: =IFERROR(IF(OR(HLOOKUP($A7,#REF!,14,FALSE())>2,HLOOKUP($A7,#REF!,14,FALSE())<-2),"",#REF!),"") | Q7: =IFERROR(IF(OR(HLOOKUP($A7,#REF!,15,FALSE())>2,HLOOKUP($A7,#REF!,15,FALSE())<-2),"",#REF!),"") | R7: =IFERROR(IF(OR(HLOOKUP($A7,#REF!,16,FALSE())>2,HLOOKUP($A7,#REF!,16,FALSE())<-2),"",#REF!),"") | S7: =IFERROR(IF(OR(HLOOKUP($A7,#REF!,17,FALSE())>2,HLOOKUP($A7,#REF!,17,FALSE())<-2),"",#REF!),"") | T7: =IFERROR(IF(OR(HLOOKUP($A7,#REF!,18,FALSE())>2,HLOOKUP($A7,#REF!,18,FALSE())<-2),"",#REF!),"") | U7: =IFERROR(IF(OR(HLOOKUP($A7,#REF!,19,FALSE())>2,HLOOKUP($A7,#REF!,19,FALSE())<-2),"",#REF!),"") | V7: =IFERROR(IF(AND(X7=0,Y7=0),0,1),0) -> 1 | W7: =IFERROR(_xlfn.T.TEST(E7:M7,N7:U7,2,2),"") | X7: =IFERROR(AVERAGE(E7:M7),"") | Y7: =IFERROR(AVERAGE(N7:U7),"")
A8: 6 | B8: internal capsule | C8: 107000 | D8: 784 | E8: =IFERROR(IF(OR(HLOOKUP($A8,#REF!,3,FALSE())>2,HLOOKUP(A8,#REF!,3,FALSE())<-2),"",#REF!),"") | F8: =IFERROR(IF(OR(HLOOKUP($A8,#REF!,4,FALSE())>2,HLOOKUP($A8,#REF!,4,FALSE())<-2),"",#REF!),"") | G8: =IFERROR(IF(OR(HLOOKUP($A8,#REF!,5,FALSE())>2,HLOOKUP($A8,#REF!,5,FALSE())<-2),"",#REF!),"") | H8: =IFERROR(IF(OR(HLOOKUP($A8,#REF!,6,FALSE())>2,HLOOKUP($A8,#REF!,6,FALSE())<-2),"",#REF!),"") | I8: =IFERROR(IF(OR(HLOOKUP($A8,#REF!,7,FALSE())>2,HLOOKUP($A8,#REF!,7,FALSE())<-2),"",#REF!),"") | J8: =IFERROR(IF(OR(HLOOKUP($A8,#REF!,8,FALSE())>2,HLOOKUP($A8,#REF!,8,FALSE())<-2),"",#REF!),"") | K8: =IFERROR(IF(OR(HLOOKUP($A8,#REF!,9,FALSE())>2,HLOOKUP($A8,#REF!,9,FALSE())<-2),"",#REF!),"") | L8: =IFERROR(IF(OR(HLOOKUP($A8,#REF!,10,FALSE())>2,HLOOKUP($A8,#REF!,10,FALSE())<-2),"",#REF!),"") | M8: =IFERROR(IF(OR(HLOOKUP($A8,#REF!,11,FALSE())>2,HLOOKUP($A8,#REF!,11,FALSE())<-2),"",#REF!),"") | N8: =IFERROR(IF(OR(HLOOKUP($A8,#REF!,12,FALSE())>2,HLOOKUP($A8,#REF!,12,FALSE())<-2),"",#REF!),"") | O8: =IFERROR(IF(OR(HLOOKUP($A8,#REF!,13,FALSE())>2,HLOOKUP($A8,#REF!,13,FALSE())<-2),"",#REF!),"") | P8: =IFERROR(IF(OR(HLOOKUP($A8,#REF!,14,FALSE())>2,HLOOKUP($A8,#REF!,14,FALSE())<-2),"",#REF!),"") | Q8: =IFERROR(IF(OR(HLOOKUP($A8,#REF!,15,FALSE())>2,HLOOKUP($A8,#REF!,15,FALSE())<-2),"",#REF!),"") | R8: =IFERROR(IF(OR(HLOOKUP($A8,#REF!,16,FALSE())>2,HLOOKUP($A8,#REF!,16,FALSE())<-2),"",#REF!),"") | S8: =IFERROR(IF(OR(HLOOKUP($A8,#REF!,17,FALSE())>2,HLOOKUP($A8,#REF!,17,FALSE())<-2),"",#REF!),"") | T8: =IFERROR(IF(OR(HLOOKUP($A8,#REF!,18,FALSE())>2,HLOOKUP($A8,#REF!,18,FALSE())<-2),"",#REF!),"") | U8: =IFERROR(IF(OR(HLOOKUP($A8,#REF!,19,FALSE())>2,HLOOKUP($A8,#REF!,19,FALSE())<-2),"",#REF!),"") | V8: =IFERROR(IF(AND(X8=0,Y8=0),0,1),0) -> 1 | W8: =IFERROR(_xlfn.T.TEST(E8:M8,N8:U8,2,2),"") | X8: =IFERROR(AVERAGE(E8:M8),"") | Y8: =IFERROR(AVERAGE(N8:U8),"")
A9: 7 | B9: Principal sensory nucleus of the trigeminal | C9: 85300 | D9: 1132 | E9: =IFERROR(IF(OR(HLOOKUP($A9,#REF!,3,FALSE())>2,HLOOKUP(A9,#REF!,3,FALSE())<-2),"",#REF!),"") | F9: =IFERROR(IF(OR(HLOOKUP($A9,#REF!,4,FALSE())>2,HLOOKUP($A9,#REF!,4,FALSE())<-2),"",#REF!),"") | G9: =IFERROR(IF(OR(HLOOKUP($A9,#REF!,5,FALSE())>2,HLOOKUP($A9,#REF!,5,FALSE())<-2),"",#REF!),"") | H9: =IFERROR(IF(OR(HLOOKUP($A9,#REF!,6,FALSE())>2,HLOOKUP($A9,#REF!,6,FALSE())<-2),"",#REF!),"") | I9: =IFERROR(IF(OR(HLOOKUP($A9,#REF!,7,FALSE())>2,HLOOKUP($A9,#REF!,7,FALSE())<-2),"",#REF!),"") | J9: =IFERROR(IF(OR(HLOOKUP($A9,#REF!,8,FALSE())>2,HLOOKUP($A9,#REF!,8,FALSE())<-2),"",#REF!),"") | K9: =IFERROR(IF(OR(HLOOKUP($A9,#REF!,9,FALSE())>2,HLOOKUP($A9,#REF!,9,FALSE())<-2),"",#REF!),"") | L9: =IFERROR(IF(OR(HLOOKUP($A9,#REF!,10,FALSE())>2,HLOOKUP($A9,#REF!,10,FALSE())<-2),"",#REF!),"") | M9: =IFERROR(IF(OR(HLOOKUP($A9,#REF!,11,FALSE())>2,HLOOKUP($A9,#REF!,11,FALSE())<-2),"",#REF!),"") | N9: =IFERROR(IF(OR(HLOOKUP($A9,#REF!,12,FALSE())>2,HLOOKUP($A9,#REF!,12,FALSE())<-2),"",#REF!),"") | O9: =IFERROR(IF(OR(HLOOKUP($A9,#REF!,13,FALSE())>2,HLOOKUP($A9,#REF!,13,FALSE())<-2),"",#REF!),"") | P9: =IFERROR(IF(OR(HLOOKUP($A9,#REF!,14,FALSE())>2,HLOOKUP($A9,#REF!,14,FALSE())<-2),"",#REF!),"") | Q9: =IFERROR(IF(OR(HLOOKUP($A9,#REF!,15,FALSE())>2,HLOOKUP($A9,#REF!,15,FALSE())<-2),"",#REF!),"") | R9: =IFERROR(IF(OR(HLOOKUP($A9,#REF!,16,FALSE())>2,HLOOKUP($A9,#REF!,16,FALSE())<-2),"",#REF!),"") | S9: =IFERROR(IF(OR(HLOOKUP($A9,#REF!,17,FALSE())>2,HLOOKUP($A9,#REF!,17,FALSE())<-2),"",#REF!),"") | T9: =IFERROR(IF(OR(HLOOKUP($A9,#REF!,18,FALSE())>2,HLOOKUP($A9,#REF!,18,FALSE())<-2),"",#REF!),"") | U9: =IFERROR(IF(OR(HLOOKUP($A9,#REF!,19,FALSE())>2,HLOOKUP($A9,#REF!,19,FALSE())<-2),"",#REF!),"") | V9: =IFERROR(IF(AND(X9=0,Y9=0),0,1),0) -> 1 | W9: =IFERROR(_xlfn.T.TEST(E9:M9,N9:U9,2,2),"") | X9: =IFERROR(AVERAGE(E9:M9),"") | Y9: =IFERROR(AVERAGE(N9:U9),"")
A10: 8 | B10: Basic cell groups and regions | C10: 100 | D10: 997 | E10: =IFERROR(IF(OR(HLOOKUP($A10,#REF!,3,FALSE())>2,HLOOKUP(A10,#REF!,3,FALSE())<-2),"",#REF!),"") | F10: =IFERROR(IF(OR(HLOOKUP($A10,#REF!,4,FALSE())>2,HLOOKUP($A10,#REF!,4,FALSE())<-2),"",#REF!),"") | G10: =IFERROR(IF(OR(HLOOKUP($A10,#REF!,5,FALSE())>2,HLOOKUP($A10,#REF!,5,FALSE())<-2),"",#REF!),"") | H10: =IFERROR(IF(OR(HLOOKUP($A10,#REF!,6,FALSE())>2,HLOOKUP($A10,#REF!,6,FALSE())<-2),"",#REF!),"") | I10: =IFERROR(IF(OR(HLOOKUP($A10,#REF!,7,FALSE())>2,HLOOKUP($A10,#REF!,7,FALSE())<-2),"",#REF!),"") | J10: =IFERROR(IF(OR(HLOOKUP($A10,#REF!,8,FALSE())>2,HLOOKUP($A10,#REF!,8,FALSE())<-2),"",#REF!),"") | K10: =IFERROR(IF(OR(HLOOKUP($A10,#REF!,9,FALSE())>2,HLOOKUP($A10,#REF!,9,FALSE())<-2),"",#REF!),"") | L10: =IFERROR(IF(OR(HLOOKUP($A10,#REF!,10,FALSE())>2,HLOOKUP($A10,#REF!,10,FALSE())<-2),"",#REF!),"") | M10: =IFERROR(IF(OR(HLOOKUP($A10,#REF!,11,FALSE())>2,HLOOKUP($A10,#REF!,11,FALSE())<-2),"",#REF!),"") | N10: =IFERROR(IF(OR(HLOOKUP($A10,#REF!,12,FALSE())>2,HLOOKUP($A10,#REF!,12,FALSE())<-2),"",#REF!),"") | O10: =IFERROR(IF(OR(HLOOKUP($A10,#REF!,13,FALSE())>2,HLOOKUP($A10,#REF!,13,FALSE())<-2),"",#REF!),"") | P10: =IFERROR(IF(OR(HLOOKUP($A10,#REF!,14,FALSE())>2,HLOOKUP($A10,#REF!,14,FALSE())<-2),"",#REF!),"") | Q10: =IFERROR(IF(OR(HLOOKUP($A10,#REF!,15,FALSE())>2,HLOOKUP($A10,#REF!,15,FALSE())<-2),"",#REF!),"") | R10: =IFERROR(IF(OR(HLOOKUP($A10,#REF!,16,FALSE())>2,HLOOKUP($A10,#REF!,16,FALSE())<-2),"",#REF!),"") | S10: =IFERROR(IF(OR(HLOOKUP($A10,#REF!,17,FALSE())>2,HLOOKUP($A10,#REF!,17,FALSE())<-2),"",#REF!),"") | T10: =IFERROR(IF(OR(HLOOKUP($A10,#REF!,18,FALSE())>2,HLOOKUP($A10,#REF!,18,FALSE())<-2),"",#REF!),"") | U10: =IFERROR(IF(OR(HLOOKUP($A10,#REF!,19,FALSE())>2,HLOOKUP($A10,#REF!,19,FALSE())<-2),"",#REF!),"") | V10: =IFERROR(IF(AND(X10=0,Y10=0),0,1),0) -> 1 | W10: =IFERROR(_xlfn.T.TEST(E10:M10,N10:U10,2,2),"") | X10: =IFERROR(AVERAGE(E10:M10),"") | Y10: =IFERROR(AVERAGE(N10:U10),"")
A11: 9 | B11: Primary somatosensory area, trunk, layer 6a | C11: 7500 | D11: 361 | E11: =IFERROR(IF(OR(HLOOKUP($A11,#REF!,3,FALSE())>2,HLOOKUP(A11,#REF!,3,FALSE())<-2),"",#REF!),"") | F11: =IFERROR(IF(OR(HLOOKUP($A11,#REF!,4,FALSE())>2,HLOOKUP($A11,#REF!,4,FALSE())<-2),"",#REF!),"") | G11: =IFERROR(IF(OR(HLOOKUP($A11,#REF!,5,FALSE())>2,HLOOKUP($A11,#REF!,5,FALSE())<-2),"",#REF!),"") | H11: =IFERROR(IF(OR(HLOOKUP($A11,#REF!,6,FALSE())>2,HLOOKUP($A11,#REF!,6,FALSE())<-2),"",#REF!),"") | I11: =IFERROR(IF(OR(HLOOKUP($A11,#REF!,7,FALSE())>2,HLOOKUP($A11,#REF!,7,FALSE())<-2),"",#REF!),"") | J11: =IFERROR(IF(OR(HLOOKUP($A11,#REF!,8,FALSE())>2,HLOOKUP($A11,#REF!,8,FALSE())<-2),"",#REF!),"") | K11: =IFERROR(IF(OR(HLOOKUP($A11,#REF!,9,FALSE())>2,HLOOKUP($A11,#REF!,9,FALSE())<-2),"",#REF!),"") | L11: =IFERROR(IF(OR(HLOOKUP($A11,#REF!,10,FALSE())>2,HLOOKUP($A11,#REF!,10,FALSE())<-2),"",#REF!),"") | M11: =IFERROR(IF(OR(HLOOKUP($A11,#REF!,11,FALSE())>2,HLOOKUP($A11,#REF!,11,FALSE())<-2),"",#REF!),"") | N11: =IFERROR(IF(OR(HLOOKUP($A11,#REF!,12,FALSE())>2,HLOOKUP($A11,#REF!,12,FALSE())<-2),"",#REF!),"") | O11: =IFERROR(IF(OR(HLOOKUP($A11,#REF!,13,FALSE())>2,HLOOKUP($A11,#REF!,13,FALSE())<-2),"",#REF!),"") | P11: =IFERROR(IF(OR(HLOOKUP($A11,#REF!,14,FALSE())>2,HLOOKUP($A11,#REF!,14,FALSE())<-2),"",#REF!),"") | Q11: =IFERROR(IF(OR(HLOOKUP($A11,#REF!,15,FALSE())>2,HLOOKUP($A11,#REF!,15,FALSE())<-2),"",#REF!),"") | R11: =IFERROR(IF(OR(HLOOKUP($A11,#REF!,16,FALSE())>2,HLOOKUP($A11,#REF!,16,FALSE())<-2),"",#REF!),"") | S11: =IFERROR(IF(OR(HLOOKUP($A11,#REF!,17,FALSE())>2,HLOOKUP($A11,#REF!,17,FALSE())<-2),"",#REF!),"") | T11: =IFERROR(IF(OR(HLOOKUP($A11,#REF!,18,FALSE())>2,HLOOKUP($A11,#REF!,18,FALSE())<-2),"",#REF!),"") | U11: =IFERROR(IF(OR(HLOOKUP($A11,#REF!,19,FALSE())>2,HLOOKUP($A11,#REF!,19,FALSE())<-2),"",#REF!),"") | V11: =IFERROR(IF(AND(X11=0,Y11=0),0,1),0) -> 1 | W11: =IFERROR(_xlfn.T.TEST(E11:M11,N11:U11,2,2),"") | X11: =IFERROR(AVERAGE(E11:M11),"") | Y11: =IFERROR(AVERAGE(N11:U11),"")
A12: 10 | B12: Superior colliculus, motor related, intermediate gray layer | C12: 81100 | D12: 294 | E12: =IFERROR(IF(OR(HLOOKUP($A12,#REF!,3,FALSE())>2,HLOOKUP(A12,#REF!,3,FALSE())<-2),"",#REF!),"") | F12: =IFERROR(IF(OR(HLOOKUP($A12,#REF!,4,FALSE())>2,HLOOKUP($A12,#REF!,4,FALSE())<-2),"",#REF!),"") | G12: =IFERROR(IF(OR(HLOOKUP($A12,#REF!,5,FALSE())>2,HLOOKUP($A12,#REF!,5,FALSE())<-2),"",#REF!),"") | H12: =IFERROR(IF(OR(HLOOKUP($A12,#REF!,6,FALSE())>2,HLOOKUP($A12,#REF!,6,FALSE())<-2),"",#REF!),"") | I12: =IFERROR(IF(OR(HLOOKUP($A12,#REF!,7,FALSE())>2,HLOOKUP($A12,#REF!,7,FALSE())<-2),"",#REF!),"") | J12: =IFERROR(IF(OR(HLOOKUP($A12,#REF!,8,FALSE())>2,HLOOKUP($A12,#REF!,8,FALSE())<-2),"",#REF!),"") | K12: =IFERROR(IF(OR(HLOOKUP($A12,#REF!,9,FALSE())>2,HLOOKUP($A12,#REF!,9,FALSE())<-2),"",#REF!),"") | L12: =IFERROR(IF(OR(HLOOKUP($A12,#REF!,10,FALSE())>2,HLOOKUP($A12,#REF!,10,FALSE())<-2),"",#REF!),"") | M12: =IFERROR(IF(OR(HLOOKUP($A12,#REF!,11,FALSE())>2,HLOOKUP($A12,#REF!,11,FALSE())<-2),"",#REF!),"") | N12: =IFERROR(IF(OR(HLOOKUP($A12,#REF!,12,FALSE())>2,HLOOKUP($A12,#REF!,12,FALSE())<-2),"",#REF!),"") | O12: =IFERROR(IF(OR(HLOOKUP($A12,#REF!,13,FALSE())>2,HLOOKUP($A12,#REF!,13,FALSE())<-2),"",#REF!),"") | P12: =IFERROR(IF(OR(HLOOKUP($A12,#REF!,14,FALSE())>2,HLOOKUP($A12,#REF!,14,FALSE())<-2),"",#REF!),"") | Q12: =IFERROR(IF(OR(HLOOKUP($A12,#REF!,15,FALSE())>2,HLOOKUP($A12,#REF!,15,FALSE())<-2),"",#REF!),"") | R12: =IFERROR(IF(OR(HLOOKUP($A12,#REF!,16,FALSE())>2,HLOOKUP($A12,#REF!,16,FALSE())<-2),"",#REF!),"") | S12: =IFERROR(IF(OR(HLOOKUP($A12,#REF!,17,FALSE())>2,HLOOKUP($A12,#REF!,17,FALSE())<-2),"",#REF!),"") | T12: =IFERROR(IF(OR(HLOOKUP($A12,#REF!,18,FALSE())>2,HLOOKUP($A12,#REF!,18,FALSE())<-2),"",#REF!),"") | U12: =IFERROR(IF(OR(HLOOKUP($A12,#REF!,19,FALSE())>2,HLOOKUP($A12,#REF!,19,FALSE())<-2),"",#REF!),"") | V12: =IFERROR(IF(AND(X12=0,Y12=0),0,1),0) -> 1 | W12: =IFERROR(_xlfn.T.TEST(E12:M12,N12:U12,2,2),"") | X12: =IFERROR(AVERAGE(E12:M12),"") | Y12: =IFERROR(AVERAGE(N12:U12),"")
A13: 11 | B13: posterolateral fissure | C13: 118300 | D13: 1040 | E13: =IFERROR(IF(OR(HLOOKUP($A13,#REF!,3,FALSE())>2,HLOOKUP(A13,#REF!,3,FALSE())<-2),"",#REF!),"") | F13: =IFERROR(IF(OR(HLOOKUP($A13,#REF!,4,FALSE())>2,HLOOKUP($A13,#REF!,4,FALSE())<-2),"",#REF!),"") | G13: =IFERROR(IF(OR(HLOOKUP($A13,#REF!,5,FALSE())>2,HLOOKUP($A13,#REF!,5,FALSE())<-2),"",#REF!),"") | H13: =IFERROR(IF(OR(HLOOKUP($A13,#REF!,6,FALSE())>2,HLOOKUP($A13,#REF!,6,FALSE())<-2),"",#REF!),"") | I13: =IFERROR(IF(OR(HLOOKUP($A13,#REF!,7,FALSE())>2,HLOOKUP($A13,#REF!,7,FALSE())<-2),"",#REF!),"") | J13: =IFERROR(IF(OR(HLOOKUP($A13,#REF!,8,FALSE())>2,HLOOKUP($A13,#REF!,8,FALSE())<-2),"",#REF!),"") | K13: =IFERROR(IF(OR(HLOOKUP($A13,#REF!,9,FALSE())>2,HLOOKUP($A13,#REF!,9,FALSE())<-2),"",#REF!),"") | L13: =IFERROR(IF(OR(HLOOKUP($A13,#REF!,10,FALSE())>2,HLOOKUP($A13,#REF!,10,FALSE())<-2),"",#REF!),"") | M13: =IFERROR(IF(OR(HLOOKUP($A13,#REF!,11,FALSE())>2,HLOOKUP($A13,#REF!,11,FALSE())<-2),"",#REF!),"") | N13: =IFERROR(IF(OR(HLOOKUP($A13,#REF!,12,FALSE())>2,HLOOKUP($A13,#REF!,12,FALSE())<-2),"",#REF!),"") | O13: =IFERROR(IF(OR(HLOOKUP($A13,#REF!,13,FALSE())>2,HLOOKUP($A13,#REF!,13,FALSE())<-2),"",#REF!),"") | P13: =IFERROR(IF(OR(HLOOKUP($A13,#REF!,14,FALSE())>2,HLOOKUP($A13,#REF!,14,FALSE())<-2),"",#REF!),"") | Q13: =IFERROR(IF(OR(HLOOKUP($A13,#REF!,15,FALSE())>2,HLOOKUP($A13,#REF!,15,FALSE())<-2),"",#REF!),"") | R13: =IFERROR(IF(OR(HLOOKUP($A13,#REF!,16,FALSE())>2,HLOOKUP($A13,#REF!,16,FALSE())<-2),"",#REF!),"") | S13: =IFERROR(IF(OR(HLOOKUP($A13,#REF!,17,FALSE())>2,HLOOKUP($A13,#REF!,17,FALSE())<-2),"",#REF!),"") | T13: =IFERROR(IF(OR(HLOOKUP($A13,#REF!,18,FALSE())>2,HLOOKUP($A13,#REF!,18,FALSE())<-2),"",#REF!),"") | U13: =IFERROR(IF(OR(HLOOKUP($A13,#REF!,19,FALSE())>2,HLOOKUP($A13,#REF!,19,FALSE())<-2),"",#REF!),"") | V13: =IFERROR(IF(AND(X13=0,Y13=0),0,1),0) -> 1 | W13: =IFERROR(_xlfn.T.TEST(E13:M13,N13:U13,2,2),"") | X13: =IFERROR(AVERAGE(E13:M13),"") | Y13: =IFERROR(AVERAGE(N13:U13),"")
A14: 12 | B14: Interfascicular nucleus raphÈ | C14: 84100 | D14: 165 | E14: =IFERROR(IF(OR(HLOOKUP($A14,#REF!,3,FALSE())>2,HLOOKUP(A14,#REF!,3,FALSE())<-2),"",#REF!),"") | F14: =IFERROR(IF(OR(HLOOKUP($A14,#REF!,4,FALSE())>2,HLOOKUP($A14,#REF!,4,FALSE())<-2),"",#REF!),"") | G14: =IFERROR(IF(OR(HLOOKUP($A14,#REF!,5,FALSE())>2,HLOOKUP($A14,#REF!,5,FALSE())<-2),"",#REF!),"") | H14: =IFERROR(IF(OR(HLOOKUP($A14,#REF!,6,FALSE())>2,HLOOKUP($A14,#REF!,6,FALSE())<-2),"",#REF!),"") | I14: =IFERROR(IF(OR(HLOOKUP($A14,#REF!,7,FALSE())>2,HLOOKUP($A14,#REF!,7,FALSE())<-2),"",#REF!),"") | J14: =IFERROR(IF(OR(HLOOKUP($A14,#REF!,8,FALSE())>2,HLOOKUP($A14,#REF!,8,FALSE())<-2),"",#REF!),"") | K14: =IFERROR(IF(OR(HLOOKUP($A14,#REF!,9,FALSE())>2,HLOOKUP($A14,#REF!,9,FALSE())<-2),"",#REF!),"") | L14: =IFERROR(IF(OR(HLOOKUP($A14,#REF!,10,FALSE())>2,HLOOKUP($A14,#REF!,10,FALSE())<-2),"",#REF!),"") | M14: =IFERROR(IF(OR(HLOOKUP($A14,#REF!,11,FALSE())>2,HLOOKUP($A14,#REF!,11,FALSE())<-2),"",#REF!),"") | N14: =IFERROR(IF(OR(HLOOKUP($A14,#REF!,12,FALSE())>2,HLOOKUP($A14,#REF!,12,FALSE())<-2),"",#REF!),"") | O14: =IFERROR(IF(OR(HLOOKUP($A14,#REF!,13,FALSE())>2,HLOOKUP($A14,#REF!,13,FALSE())<-2),"",#REF!),"") | P14: =IFERROR(IF(OR(HLOOKUP($A14,#REF!,14,FALSE())>2,HLOOKUP($A14,#REF!,14,FALSE())<-2),"",#REF!),"") | Q14: =IFERROR(IF(OR(HLOOKUP($A14,#REF!,15,FALSE())>2,HLOOKUP($A14,#REF!,15,FALSE())<-2),"",#REF!),"") | R14: =IFERROR(IF(OR(HLOOKUP($A14,#REF!,16,FALSE())>2,HLOOKUP($A14,#REF!,16,FALSE())<-2),"",#REF!),"") | S14: =IFERROR(IF(OR(HLOOKUP($A14,#REF!,17,FALSE())>2,HLOOKUP($A14,#REF!,17,FALSE())<-2),"",#REF!),"") | T14: =IFERROR(IF(OR(HLOOKUP($A14,#REF!,18,FALSE())>2,HLOOKUP($A14,#REF!,18,FALSE())<-2),"",#REF!),"") | U14: =IFERROR(IF(OR(HLOOKUP($A14,#REF!,19,FALSE())>2,HLOOKUP($A14,#REF!,19,FALSE())<-2),"",#REF!),"") | V14: =IFERROR(IF(AND(X14=0,Y14=0),0,1),0) -> 1 | W14: =IFERROR(_xlfn.T.TEST(E14:M14,N14:U14,2,2),"") | X14: =IFERROR(AVERAGE(E14:M14),"") | Y14: =IFERROR(AVERAGE(N14:U14),"")
A15: 14 | B15: internal medullary lamina of the thalamus | C15: 108200 | D15: 896 | E15: =IFERROR(IF(OR(HLOOKUP($A15,#REF!,3,FALSE())>2,HLOOKUP(A15,#REF!,3,FALSE())<-2),"",#REF!),"") | F15: =IFERROR(IF(OR(HLOOKUP($A15,#REF!,4,FALSE())>2,HLOOKUP($A15,#REF!,4,FALSE())<-2),"",#REF!),"") | G15: =IFERROR(IF(OR(HLOOKUP($A15,#REF!,5,FALSE())>2,HLOOKUP($A15,#REF!,5,FALSE())<-2),"",#REF!),"") | H15: =IFERROR(IF(OR(HLOOKUP($A15,#REF!,6,FALSE())>2,HLOOKUP($A15,#REF!,6,FALSE())<-2),"",#REF!),"") | I15: =IFERROR(IF(OR(HLOOKUP($A15,#REF!,7,FALSE())>2,HLOOKUP($A15,#REF!,7,FALSE())<-2),"",#REF!),"") | J15: =IFERROR(IF(OR(HLOOKUP($A15,#REF!,8,FALSE())>2,HLOOKUP($A15,#REF!,8,FALSE())<-2),"",#REF!),"") | K15: =IFERROR(IF(OR(HLOOKUP($A15,#REF!,9,FALSE())>2,HLOOKUP($A15,#REF!,9,FALSE())<-2),"",#REF!),"") | L15: =IFERROR(IF(OR(HLOOKUP($A15,#REF!,10,FALSE())>2,HLOOKUP($A15,#REF!,10,FALSE())<-2),"",#REF!),"") | M15: =IFERROR(IF(OR(HLOOKUP($A15,#REF!,11,FALSE())>2,HLOOKUP($A15,#REF!,11,FALSE())<-2),"",#REF!),"") | N15: =IFERROR(IF(OR(HLOOKUP($A15,#REF!,12,FALSE())>2,HLOOKUP($A15,#REF!,12,FALSE())<-2),"",#REF!),"") | O15: =IFERROR(IF(OR(HLOOKUP($A15,#REF!,13,FALSE())>2,HLOOKUP($A15,#REF!,13,FALSE())<-2),"",#REF!),"") | P15: =IFERROR(IF(OR(HLOOKUP($A15,#REF!,14,FALSE())>2,HLOOKUP($A15,#REF!,14,FALSE())<-2),"",#REF!),"") | Q15: =IFERROR(IF(OR(HLOOKUP($A15,#REF!,15,FALSE())>2,HLOOKUP($A15,#REF!,15,FALSE())<-2),"",#REF!),"") | R15: =IFERROR(IF(OR(HLOOKUP($A15,#REF!,16,FALSE())>2,HLOOKUP($A15,#REF!,16,FALSE())<-2),"",#REF!),"") | S15: =IFERROR(IF(OR(HLOOKUP($A15,#REF!,17,FALSE())>2,HLOOKUP($A15,#REF!,17,FALSE())<-2),"",#REF!),"") | T15: =IFERROR(IF(OR(HLOOKUP($A15,#REF!,18,FALSE())>2,HLOOKUP($A15,#REF!,18,FALSE())<-2),"",#REF!),"") | U15: =IFERROR(IF(OR(HLOOKUP($A15,#REF!,19,FALSE())>2,HLOOKUP($A15,#REF!,19,FALSE())<-2),"",#REF!),"") | V15: =IFERROR(IF(AND(X15=0,Y15=0),0,1),0) -> 1 | W15: =IFERROR(_xlfn.T.TEST(E15:M15,N15:U15,2,2),"") | X15: =IFERROR(AVERAGE(E15:M15),"") | Y15: =IFERROR(AVERAGE(N15:U15),"")
... A988: 996 | B988: Agranular insular area, dorsal part, layer 1 | C988: 23500 | D988: 104 | E988: =IFERROR(IF(OR(HLOOKUP($A988,#REF!,3,FALSE())>2,HLOOKUP(A988,#REF!,3,FALSE())<-2),"",#REF!),"") | F988: =IFERROR(IF(OR(HLOOKUP($A988,#REF!,4,FALSE())>2,HLOOKUP($A988,#REF!,4,FALSE())<-2),"",#REF!),"") | G988: =IFERROR(IF(OR(HLOOKUP($A988,#REF!,5,FALSE())>2,HLOOKUP($A988,#REF!,5,FALSE())<-2),"",#REF!),"") | H988: =IFERROR(IF(OR(HLOOKUP($A988,#REF!,6,FALSE())>2,HLOOKUP($A988,#REF!,6,FALSE())<-2),"",#REF!),"") | I988: =IFERROR(IF(OR(HLOOKUP($A988,#REF!,7,FALSE())>2,HLOOKUP($A988,#REF!,7,FALSE())<-2),"",#REF!),"") | J988: =IFERROR(IF(OR(HLOOKUP($A988,#REF!,8,FALSE())>2,HLOOKUP($A988,#REF!,8,FALSE())<-2),"",#REF!),"") | K988: =IFERROR(IF(OR(HLOOKUP($A988,#REF!,9,FALSE())>2,HLOOKUP($A988,#REF!,9,FALSE())<-2),"",#REF!),"") | L988: =IFERROR(IF(OR(HLOOKUP($A988,#REF!,10,FALSE())>2,HLOOKUP($A988,#REF!,10,FALSE())<-2),"",#REF!),"") | M988: =IFERROR(IF(OR(HLOOKUP($A988,#REF!,11,FALSE())>2,HLOOKUP($A988,#REF!,11,FALSE())<-2),"",#REF!),"") | N988: =IFERROR(IF(OR(HLOOKUP($A988,#REF!,12,FALSE())>2,HLOOKUP($A988,#REF!,12,FALSE())<-2),"",#REF!),"") | O988: =IFERROR(IF(OR(HLOOKUP($A988,#REF!,13,FALSE())>2,HLOOKUP($A988,#REF!,13,FALSE())<-2),"",#REF!),"") | P988: =IFERROR(IF(OR(HLOOKUP($A988,#REF!,14,FALSE())>2,HLOOKUP($A988,#REF!,14,FALSE())<-2),"",#REF!),"") | Q988: =IFERROR(IF(OR(HLOOKUP($A988,#REF!,15,FALSE())>2,HLOOKUP($A988,#REF!,15,FALSE())<-2),"",#REF!),"") | R988: =IFERROR(IF(OR(HLOOKUP($A988,#REF!,16,FALSE())>2,HLOOKUP($A988,#REF!,16,FALSE())<-2),"",#REF!),"") | S988: =IFERROR(IF(OR(HLOOKUP($A988,#REF!,17,FALSE())>2,HLOOKUP($A988,#REF!,17,FALSE())<-2),"",#REF!),"") | T988: =IFERROR(IF(OR(HLOOKUP($A988,#REF!,18,FALSE())>2,HLOOKUP($A988,#REF!,18,FALSE())<-2),"",#REF!),"") | U988: =IFERROR(IF(OR(HLOOKUP($A988,#REF!,19,FALSE())>2,HLOOKUP($A988,#REF!,19,FALSE())<-2),"",#REF!),"") | V988: =IFERROR(IF(AND(X988=0,Y988=0),0,1),0) -> 1 | W988: =IFERROR(_xlfn.T.TEST(E988:M988,N988:U988,2,2),"") | X988: =IFERROR(AVERAGE(E988:M988),"") | Y988: =IFERROR(AVERAGE(N988:U988),"")
A989: 997 | B989: root | C989: 0 | E989: =IFERROR(IF(OR(HLOOKUP($A989,#REF!,3,FALSE())>2,HLOOKUP(A989,#REF!,3,FALSE())<-2),"",#REF!),"") | F989: =IFERROR(IF(OR(HLOOKUP($A989,#REF!,4,FALSE())>2,HLOOKUP($A989,#REF!,4,FALSE())<-2),"",#REF!),"") | G989: =IFERROR(IF(OR(HLOOKUP($A989,#REF!,5,FALSE())>2,HLOOKUP($A989,#REF!,5,FALSE())<-2),"",#REF!),"") | H989: =IFERROR(IF(OR(HLOOKUP($A989,#REF!,6,FALSE())>2,HLOOKUP($A989,#REF!,6,FALSE())<-2),"",#REF!),"") | I989: =IFERROR(IF(OR(HLOOKUP($A989,#REF!,7,FALSE())>2,HLOOKUP($A989,#REF!,7,FALSE())<-2),"",#REF!),"") | J989: =IFERROR(IF(OR(HLOOKUP($A989,#REF!,8,FALSE())>2,HLOOKUP($A989,#REF!,8,FALSE())<-2),"",#REF!),"") | K989: =IFERROR(IF(OR(HLOOKUP($A989,#REF!,9,FALSE())>2,HLOOKUP($A989,#REF!,9,FALSE())<-2),"",#REF!),"") | L989: =IFERROR(IF(OR(HLOOKUP($A989,#REF!,10,FALSE())>2,HLOOKUP($A989,#REF!,10,FALSE())<-2),"",#REF!),"") | M989: =IFERROR(IF(OR(HLOOKUP($A989,#REF!,11,FALSE())>2,HLOOKUP($A989,#REF!,11,FALSE())<-2),"",#REF!),"") | N989: =IFERROR(IF(OR(HLOOKUP($A989,#REF!,12,FALSE())>2,HLOOKUP($A989,#REF!,12,FALSE())<-2),"",#REF!),"") | O989: =IFERROR(IF(OR(HLOOKUP($A989,#REF!,13,FALSE())>2,HLOOKUP($A989,#REF!,13,FALSE())<-2),"",#REF!),"") | P989: =IFERROR(IF(OR(HLOOKUP($A989,#REF!,14,FALSE())>2,HLOOKUP($A989,#REF!,14,FALSE())<-2),"",#REF!),"") | Q989: =IFERROR(IF(OR(HLOOKUP($A989,#REF!,15,FALSE())>2,HLOOKUP($A989,#REF!,15,FALSE())<-2),"",#REF!),"") | R989: =IFERROR(IF(OR(HLOOKUP($A989,#REF!,16,FALSE())>2,HLOOKUP($A989,#REF!,16,FALSE())<-2),"",#REF!),"") | S989: =IFERROR(IF(OR(HLOOKUP($A989,#REF!,17,FALSE())>2,HLOOKUP($A989,#REF!,17,FALSE())<-2),"",#REF!),"") | T989: =IFERROR(IF(OR(HLOOKUP($A989,#REF!,18,FALSE())>2,HLOOKUP($A989,#REF!,18,FALSE())<-2),"",#REF!),"") | U989: =IFERROR(IF(OR(HLOOKUP($A989,#REF!,19,FALSE())>2,HLOOKUP($A989,#REF!,19,FALSE())<-2),"",#REF!),"") | V989: =IFERROR(IF(AND(X989=0,Y989=0),0,1),0) -> 1 | W989: =IFERROR(_xlfn.T.TEST(E989:M989,N989:U989,2,2),"") | X989: =IFERROR(AVERAGE(E989:M989),"") | Y989: =IFERROR(AVERAGE(N989:U989),"")
A990: 998 | B990: Fundus of striatum | C990: 48500 | D990: 493 | E990: =IFERROR(IF(OR(HLOOKUP($A990,#REF!,3,FALSE())>2,HLOOKUP(A990,#REF!,3,FALSE())<-2),"",#REF!),"") | F990: =IFERROR(IF(OR(HLOOKUP($A990,#REF!,4,FALSE())>2,HLOOKUP($A990,#REF!,4,FALSE())<-2),"",#REF!),"") | G990: =IFERROR(IF(OR(HLOOKUP($A990,#REF!,5,FALSE())>2,HLOOKUP($A990,#REF!,5,FALSE())<-2),"",#REF!),"") | H990: =IFERROR(IF(OR(HLOOKUP($A990,#REF!,6,FALSE())>2,HLOOKUP($A990,#REF!,6,FALSE())<-2),"",#REF!),"") | I990: =IFERROR(IF(OR(HLOOKUP($A990,#REF!,7,FALSE())>2,HLOOKUP($A990,#REF!,7,FALSE())<-2),"",#REF!),"") | J990: =IFERROR(IF(OR(HLOOKUP($A990,#REF!,8,FALSE())>2,HLOOKUP($A990,#REF!,8,FALSE())<-2),"",#REF!),"") | K990: =IFERROR(IF(OR(HLOOKUP($A990,#REF!,9,FALSE())>2,HLOOKUP($A990,#REF!,9,FALSE())<-2),"",#REF!),"") | L990: =IFERROR(IF(OR(HLOOKUP($A990,#REF!,10,FALSE())>2,HLOOKUP($A990,#REF!,10,FALSE())<-2),"",#REF!),"") | M990: =IFERROR(IF(OR(HLOOKUP($A990,#REF!,11,FALSE())>2,HLOOKUP($A990,#REF!,11,FALSE())<-2),"",#REF!),"") | N990: =IFERROR(IF(OR(HLOOKUP($A990,#REF!,12,FALSE())>2,HLOOKUP($A990,#REF!,12,FALSE())<-2),"",#REF!),"") | O990: =IFERROR(IF(OR(HLOOKUP($A990,#REF!,13,FALSE())>2,HLOOKUP($A990,#REF!,13,FALSE())<-2),"",#REF!),"") | P990: =IFERROR(IF(OR(HLOOKUP($A990,#REF!,14,FALSE())>2,HLOOKUP($A990,#REF!,14,FALSE())<-2),"",#REF!),"") | Q990: =IFERROR(IF(OR(HLOOKUP($A990,#REF!,15,FALSE())>2,HLOOKUP($A990,#REF!,15,FALSE())<-2),"",#REF!),"") | R990: =IFERROR(IF(OR(HLOOKUP($A990,#REF!,16,FALSE())>2,HLOOKUP($A990,#REF!,16,FALSE())<-2),"",#REF!),"") | S990: =IFERROR(IF(OR(HLOOKUP($A990,#REF!,17,FALSE())>2,HLOOKUP($A990,#REF!,17,FALSE())<-2),"",#REF!),"") | T990: =IFERROR(IF(OR(HLOOKUP($A990,#REF!,18,FALSE())>2,HLOOKUP($A990,#REF!,18,FALSE())<-2),"",#REF!),"") | U990: =IFERROR(IF(OR(HLOOKUP($A990,#REF!,19,FALSE())>2,HLOOKUP($A990,#REF!,19,FALSE())<-2),"",#REF!),"") | V990: =IFERROR(IF(AND(X990=0,Y990=0),0,1),0) -> 1 | W990: =IFERROR(_xlfn.T.TEST(E990:M990,N990:U990,2,2),"") | X990: =IFERROR(AVERAGE(E990:M990),"") | Y990: =IFERROR(AVERAGE(N990:U990),"")
A991: 999 | B991: Entorhinal area, lateral part, layer 2/3 | C991: 41600 | D991: 918 | E991: =IFERROR(IF(OR(HLOOKUP($A991,#REF!,3,FALSE())>2,HLOOKUP(A991,#REF!,3,FALSE())<-2),"",#REF!),"") | F991: =IFERROR(IF(OR(HLOOKUP($A991,#REF!,4,FALSE())>2,HLOOKUP($A991,#REF!,4,FALSE())<-2),"",#REF!),"") | G991: =IFERROR(IF(OR(HLOOKUP($A991,#REF!,5,FALSE())>2,HLOOKUP($A991,#REF!,5,FALSE())<-2),"",#REF!),"") | H991: =IFERROR(IF(OR(HLOOKUP($A991,#REF!,6,FALSE())>2,HLOOKUP($A991,#REF!,6,FALSE())<-2),"",#REF!),"") | I991: =IFERROR(IF(OR(HLOOKUP($A991,#REF!,7,FALSE())>2,HLOOKUP($A991,#REF!,7,FALSE())<-2),"",#REF!),"") | J991: =IFERROR(IF(OR(HLOOKUP($A991,#REF!,8,FALSE())>2,HLOOKUP($A991,#REF!,8,FALSE())<-2),"",#REF!),"") | K991: =IFERROR(IF(OR(HLOOKUP($A991,#REF!,9,FALSE())>2,HLOOKUP($A991,#REF!,9,FALSE())<-2),"",#REF!),"") | L991: =IFERROR(IF(OR(HLOOKUP($A991,#REF!,10,FALSE())>2,HLOOKUP($A991,#REF!,10,FALSE())<-2),"",#REF!),"") | M991: =IFERROR(IF(OR(HLOOKUP($A991,#REF!,11,FALSE())>2,HLOOKUP($A991,#REF!,11,FALSE())<-2),"",#REF!),"") | N991: =IFERROR(IF(OR(HLOOKUP($A991,#REF!,12,FALSE())>2,HLOOKUP($A991,#REF!,12,FALSE())<-2),"",#REF!),"") | O991: =IFERROR(IF(OR(HLOOKUP($A991,#REF!,13,FALSE())>2,HLOOKUP($A991,#REF!,13,FALSE())<-2),"",#REF!),"") | P991: =IFERROR(IF(OR(HLOOKUP($A991,#REF!,14,FALSE())>2,HLOOKUP($A991,#REF!,14,FALSE())<-2),"",#REF!),"") | Q991: =IFERROR(IF(OR(HLOOKUP($A991,#REF!,15,FALSE())>2,HLOOKUP($A991,#REF!,15,FALSE())<-2),"",#REF!),"") | R991: =IFERROR(IF(OR(HLOOKUP($A991,#REF!,16,FALSE())>2,HLOOKUP($A991,#REF!,16,FALSE())<-2),"",#REF!),"") | S991: =IFERROR(IF(OR(HLOOKUP($A991,#REF!,17,FALSE())>2,HLOOKUP($A991,#REF!,17,FALSE())<-2),"",#REF!),"") | T991: =IFERROR(IF(OR(HLOOKUP($A991,#REF!,18,FALSE())>2,HLOOKUP($A991,#REF!,18,FALSE())<-2),"",#REF!),"") | U991: =IFERROR(IF(OR(HLOOKUP($A991,#REF!,19,FALSE())>2,HLOOKUP($A991,#REF!,19,FALSE())<-2),"",#REF!),"") | V991: =IFERROR(IF(AND(X991=0,Y991=0),0,1),0) -> 1 | W991: =IFERROR(_xlfn.T.TEST(E991:M991,N991:U991,2,2),"") | X991: =IFERROR(AVERAGE(E991:M991),"") | Y991: =IFERROR(AVERAGE(N991:U991),"")
A992: 1000 | B992: extrapyramidal fiber systems | C992: 108500 | D992: 1009 | E992: =IFERROR(IF(OR(HLOOKUP($A992,#REF!,3,FALSE())>2,HLOOKUP(A992,#REF!,3,FALSE())<-2),"",#REF!),"") | F992: =IFERROR(IF(OR(HLOOKUP($A992,#REF!,4,FALSE())>2,HLOOKUP($A992,#REF!,4,FALSE())<-2),"",#REF!),"") | G992: =IFERROR(IF(OR(HLOOKUP($A992,#REF!,5,FALSE())>2,HLOOKUP($A992,#REF!,5,FALSE())<-2),"",#REF!),"") | H992: =IFERROR(IF(OR(HLOOKUP($A992,#REF!,6,FALSE())>2,HLOOKUP($A992,#REF!,6,FALSE())<-2),"",#REF!),"") | I992: =IFERROR(IF(OR(HLOOKUP($A992,#REF!,7,FALSE())>2,HLOOKUP($A992,#REF!,7,FALSE())<-2),"",#REF!),"") | J992: =IFERROR(IF(OR(HLOOKUP($A992,#REF!,8,FALSE())>2,HLOOKUP($A992,#REF!,8,FALSE())<-2),"",#REF!),"") | K992: =IFERROR(IF(OR(HLOOKUP($A992,#REF!,9,FALSE())>2,HLOOKUP($A992,#REF!,9,FALSE())<-2),"",#REF!),"") | L992: =IFERROR(IF(OR(HLOOKUP($A992,#REF!,10,FALSE())>2,HLOOKUP($A992,#REF!,10,FALSE())<-2),"",#REF!),"") | M992: =IFERROR(IF(OR(HLOOKUP($A992,#REF!,11,FALSE())>2,HLOOKUP($A992,#REF!,11,FALSE())<-2),"",#REF!),"") | N992: =IFERROR(IF(OR(HLOOKUP($A992,#REF!,12,FALSE())>2,HLOOKUP($A992,#REF!,12,FALSE())<-2),"",#REF!),"") | O992: =IFERROR(IF(OR(HLOOKUP($A992,#REF!,13,FALSE())>2,HLOOKUP($A992,#REF!,13,FALSE())<-2),"",#REF!),"") | P992: =IFERROR(IF(OR(HLOOKUP($A992,#REF!,14,FALSE())>2,HLOOKUP($A992,#REF!,14,FALSE())<-2),"",#REF!),"") | Q992: =IFERROR(IF(OR(HLOOKUP($A992,#REF!,15,FALSE())>2,HLOOKUP($A992,#REF!,15,FALSE())<-2),"",#REF!),"") | R992: =IFERROR(IF(OR(HLOOKUP($A992,#REF!,16,FALSE())>2,HLOOKUP($A992,#REF!,16,FALSE())<-2),"",#REF!),"") | S992: =IFERROR(IF(OR(HLOOKUP($A992,#REF!,17,FALSE())>2,HLOOKUP($A992,#REF!,17,FALSE())<-2),"",#REF!),"") | T992: =IFERROR(IF(OR(HLOOKUP($A992,#REF!,18,FALSE())>2,HLOOKUP($A992,#REF!,18,FALSE())<-2),"",#REF!),"") | U992: =IFERROR(IF(OR(HLOOKUP($A992,#REF!,19,FALSE())>2,HLOOKUP($A992,#REF!,19,FALSE())<-2),"",#REF!),"") | V992: =IFERROR(IF(AND(X992=0,Y992=0),0,1),0) -> 1 | W992: =IFERROR(_xlfn.T.TEST(E992:M992,N992:U992,2,2),"") | X992: =IFERROR(AVERAGE(E992:M992),"") | Y992: =IFERROR(AVERAGE(N992:U992),"")
A993: 1001 | B993: Lobule V | C993: 56800 | D993: 928 | E993: =IFERROR(IF(OR(HLOOKUP($A993,#REF!,3,FALSE())>2,HLOOKUP(A993,#REF!,3,FALSE())<-2),"",#REF!),"") | F993: =IFERROR(IF(OR(HLOOKUP($A993,#REF!,4,FALSE())>2,HLOOKUP($A993,#REF!,4,FALSE())<-2),"",#REF!),"") | G993: =IFERROR(IF(OR(HLOOKUP($A993,#REF!,5,FALSE())>2,HLOOKUP($A993,#REF!,5,FALSE())<-2),"",#REF!),"") | H993: =IFERROR(IF(OR(HLOOKUP($A993,#REF!,6,FALSE())>2,HLOOKUP($A993,#REF!,6,FALSE())<-2),"",#REF!),"") | I993: =IFERROR(IF(OR(HLOOKUP($A993,#REF!,7,FALSE())>2,HLOOKUP($A993,#REF!,7,FALSE())<-2),"",#REF!),"") | J993: =IFERROR(IF(OR(HLOOKUP($A993,#REF!,8,FALSE())>2,HLOOKUP($A993,#REF!,8,FALSE())<-2),"",#REF!),"") | K993: =IFERROR(IF(OR(HLOOKUP($A993,#REF!,9,FALSE())>2,HLOOKUP($A993,#REF!,9,FALSE())<-2),"",#REF!),"") | L993: =IFERROR(IF(OR(HLOOKUP($A993,#REF!,10,FALSE())>2,HLOOKUP($A993,#REF!,10,FALSE())<-2),"",#REF!),"") | M993: =IFERROR(IF(OR(HLOOKUP($A993,#REF!,11,FALSE())>2,HLOOKUP($A993,#REF!,11,FALSE())<-2),"",#REF!),"") | N993: =IFERROR(IF(OR(HLOOKUP($A993,#REF!,12,FALSE())>2,HLOOKUP($A993,#REF!,12,FALSE())<-2),"",#REF!),"") | O993: =IFERROR(IF(OR(HLOOKUP($A993,#REF!,13,FALSE())>2,HLOOKUP($A993,#REF!,13,FALSE())<-2),"",#REF!),"") | P993: =IFERROR(IF(OR(HLOOKUP($A993,#REF!,14,FALSE())>2,HLOOKUP($A993,#REF!,14,FALSE())<-2),"",#REF!),"") | Q993: =IFERROR(IF(OR(HLOOKUP($A993,#REF!,15,FALSE())>2,HLOOKUP($A993,#REF!,15,FALSE())<-2),"",#REF!),"") | R993: =IFERROR(IF(OR(HLOOKUP($A993,#REF!,16,FALSE())>2,HLOOKUP($A993,#REF!,16,FALSE())<-2),"",#REF!),"") | S993: =IFERROR(IF(OR(HLOOKUP($A993,#REF!,17,FALSE())>2,HLOOKUP($A993,#REF!,17,FALSE())<-2),"",#REF!),"") | T993: =IFERROR(IF(OR(HLOOKUP($A993,#REF!,18,FALSE())>2,HLOOKUP($A993,#REF!,18,FALSE())<-2),"",#REF!),"") | U993: =IFERROR(IF(OR(HLOOKUP($A993,#REF!,19,FALSE())>2,HLOOKUP($A993,#REF!,19,FALSE())<-2),"",#REF!),"") | V993: =IFERROR(IF(AND(X993=0,Y993=0),0,1),0) -> 1 | W993: =IFERROR(_xlfn.T.TEST(E993:M993,N993:U993,2,2),"") | X993: =IFERROR(AVERAGE(E993:M993),"") | Y993: =IFERROR(AVERAGE(N993:U993),"")
A994: 1002 | B994: Primary auditory area | C994: 11300 | D994: 247 | E994: =IFERROR(IF(OR(HLOOKUP($A994,#REF!,3,FALSE())>2,HLOOKUP(A994,#REF!,3,FALSE())<-2),"",#REF!),"") | F994: =IFERROR(IF(OR(HLOOKUP($A994,#REF!,4,FALSE())>2,HLOOKUP($A994,#REF!,4,FALSE())<-2),"",#REF!),"") | G994: =IFERROR(IF(OR(HLOOKUP($A994,#REF!,5,FALSE())>2,HLOOKUP($A994,#REF!,5,FALSE())<-2),"",#REF!),"") | H994: =IFERROR(IF(OR(HLOOKUP($A994,#REF!,6,FALSE())>2,HLOOKUP($A994,#REF!,6,FALSE())<-2),"",#REF!),"") | I994: =IFERROR(IF(OR(HLOOKUP($A994,#REF!,7,FALSE())>2,HLOOKUP($A994,#REF!,7,FALSE())<-2),"",#REF!),"") | J994: =IFERROR(IF(OR(HLOOKUP($A994,#REF!,8,FALSE())>2,HLOOKUP($A994,#REF!,8,FALSE())<-2),"",#REF!),"") | K994: =IFERROR(IF(OR(HLOOKUP($A994,#REF!,9,FALSE())>2,HLOOKUP($A994,#REF!,9,FALSE())<-2),"",#REF!),"") | L994: =IFERROR(IF(OR(HLOOKUP($A994,#REF!,10,FALSE())>2,HLOOKUP($A994,#REF!,10,FALSE())<-2),"",#REF!),"") | M994: =IFERROR(IF(OR(HLOOKUP($A994,#REF!,11,FALSE())>2,HLOOKUP($A994,#REF!,11,FALSE())<-2),"",#REF!),"") | N994: =IFERROR(IF(OR(HLOOKUP($A994,#REF!,12,FALSE())>2,HLOOKUP($A994,#REF!,12,FALSE())<-2),"",#REF!),"") | O994: =IFERROR(IF(OR(HLOOKUP($A994,#REF!,13,FALSE())>2,HLOOKUP($A994,#REF!,13,FALSE())<-2),"",#REF!),"") | P994: =IFERROR(IF(OR(HLOOKUP($A994,#REF!,14,FALSE())>2,HLOOKUP($A994,#REF!,14,FALSE())<-2),"",#REF!),"") | Q994: =IFERROR(IF(OR(HLOOKUP($A994,#REF!,15,FALSE())>2,HLOOKUP($A994,#REF!,15,FALSE())<-2),"",#REF!),"") | R994: =IFERROR(IF(OR(HLOOKUP($A994,#REF!,16,FALSE())>2,HLOOKUP($A994,#REF!,16,FALSE())<-2),"",#REF!),"") | S994: =IFERROR(IF(OR(HLOOKUP($A994,#REF!,17,FALSE())>2,HLOOKUP($A994,#REF!,17,FALSE())<-2),"",#REF!),"") | T994: =IFERROR(IF(OR(HLOOKUP($A994,#REF!,18,FALSE())>2,HLOOKUP($A994,#REF!,18,FALSE())<-2),"",#REF!),"") | U994: =IFERROR(IF(OR(HLOOKUP($A994,#REF!,19,FALSE())>2,HLOOKUP($A994,#REF!,19,FALSE())<-2),"",#REF!),"") | V994: =IFERROR(IF(AND(X994=0,Y994=0),0,1),0) -> 1 | W994: =IFERROR(_xlfn.T.TEST(E994:M994,N994:U994,2,2),"") | X994: =IFERROR(AVERAGE(E994:M994),"") | Y994: =IFERROR(AVERAGE(N994:U994),"")
A995: 1003 | B995: corticopontine tract | C995: 107400 | D995: 784 | E995: =IFERROR(IF(OR(HLOOKUP($A995,#REF!,3,FALSE())>2,HLOOKUP(A995,#REF!,3,FALSE())<-2),"",#REF!),"") | F995: =IFERROR(IF(OR(HLOOKUP($A995,#REF!,4,FALSE())>2,HLOOKUP($A995,#REF!,4,FALSE())<-2),"",#REF!),"") | G995: =IFERROR(IF(OR(HLOOKUP($A995,#REF!,5,FALSE())>2,HLOOKUP($A995,#REF!,5,FALSE())<-2),"",#REF!),"") | H995: =IFERROR(IF(OR(HLOOKUP($A995,#REF!,6,FALSE())>2,HLOOKUP($A995,#REF!,6,FALSE())<-2),"",#REF!),"") | I995: =IFERROR(IF(OR(HLOOKUP($A995,#REF!,7,FALSE())>2,HLOOKUP($A995,#REF!,7,FALSE())<-2),"",#REF!),"") | J995: =IFERROR(IF(OR(HLOOKUP($A995,#REF!,8,FALSE())>2,HLOOKUP($A995,#REF!,8,FALSE())<-2),"",#REF!),"") | K995: =IFERROR(IF(OR(HLOOKUP($A995,#REF!,9,FALSE())>2,HLOOKUP($A995,#REF!,9,FALSE())<-2),"",#REF!),"") | L995: =IFERROR(IF(OR(HLOOKUP($A995,#REF!,10,FALSE())>2,HLOOKUP($A995,#REF!,10,FALSE())<-2),"",#REF!),"") | M995: =IFERROR(IF(OR(HLOOKUP($A995,#REF!,11,FALSE())>2,HLOOKUP($A995,#REF!,11,FALSE())<-2),"",#REF!),"") | N995: =IFERROR(IF(OR(HLOOKUP($A995,#REF!,12,FALSE())>2,HLOOKUP($A995,#REF!,12,FALSE())<-2),"",#REF!),"") | O995: =IFERROR(IF(OR(HLOOKUP($A995,#REF!,13,FALSE())>2,HLOOKUP($A995,#REF!,13,FALSE())<-2),"",#REF!),"") | P995: =IFERROR(IF(OR(HLOOKUP($A995,#REF!,14,FALSE())>2,HLOOKUP($A995,#REF!,14,FALSE())<-2),"",#REF!),"") | Q995: =IFERROR(IF(OR(HLOOKUP($A995,#REF!,15,FALSE())>2,HLOOKUP($A995,#REF!,15,FALSE())<-2),"",#REF!),"") | R995: =IFERROR(IF(OR(HLOOKUP($A995,#REF!,16,FALSE())>2,HLOOKUP($A995,#REF!,16,FALSE())<-2),"",#REF!),"") | S995: =IFERROR(IF(OR(HLOOKUP($A995,#REF!,17,FALSE())>2,HLOOKUP($A995,#REF!,17,FALSE())<-2),"",#REF!),"") | T995: =IFERROR(IF(OR(HLOOKUP($A995,#REF!,18,FALSE())>2,HLOOKUP($A995,#REF!,18,FALSE())<-2),"",#REF!),"") | U995: =IFERROR(IF(OR(HLOOKUP($A995,#REF!,19,FALSE())>2,HLOOKUP($A995,#REF!,19,FALSE())<-2),"",#REF!),"") | V995: =IFERROR(IF(AND(X995=0,Y995=0),0,1),0) -> 1 | W995: =IFERROR(_xlfn.T.TEST(E995:M995,N995:U995,2,2),"") | X995: =IFERROR(AVERAGE(E995:M995),"") | Y995: =IFERROR(AVERAGE(N995:U995),"")
A996: 1004 | B996: Ventral premammillary nucleus | C996: 76100 | D996: 467 | E996: =IFERROR(IF(OR(HLOOKUP($A996,#REF!,3,FALSE())>2,HLOOKUP(A996,#REF!,3,FALSE())<-2),"",#REF!),"") | F996: =IFERROR(IF(OR(HLOOKUP($A996,#REF!,4,FALSE())>2,HLOOKUP($A996,#REF!,4,FALSE())<-2),"",#REF!),"") | G996: =IFERROR(IF(OR(HLOOKUP($A996,#REF!,5,FALSE())>2,HLOOKUP($A996,#REF!,5,FALSE())<-2),"",#REF!),"") | H996: =IFERROR(IF(OR(HLOOKUP($A996,#REF!,6,FALSE())>2,HLOOKUP($A996,#REF!,6,FALSE())<-2),"",#REF!),"") | I996: =IFERROR(IF(OR(HLOOKUP($A996,#REF!,7,FALSE())>2,HLOOKUP($A996,#REF!,7,FALSE())<-2),"",#REF!),"") | J996: =IFERROR(IF(OR(HLOOKUP($A996,#REF!,8,FALSE())>2,HLOOKUP($A996,#REF!,8,FALSE())<-2),"",#REF!),"") | K996: =IFERROR(IF(OR(HLOOKUP($A996,#REF!,9,FALSE())>2,HLOOKUP($A996,#REF!,9,FALSE())<-2),"",#REF!),"") | L996: =IFERROR(IF(OR(HLOOKUP($A996,#REF!,10,FALSE())>2,HLOOKUP($A996,#REF!,10,FALSE())<-2),"",#REF!),"") | M996: =IFERROR(IF(OR(HLOOKUP($A996,#REF!,11,FALSE())>2,HLOOKUP($A996,#REF!,11,FALSE())<-2),"",#REF!),"") | N996: =IFERROR(IF(OR(HLOOKUP($A996,#REF!,12,FALSE())>2,HLOOKUP($A996,#REF!,12,FALSE())<-2),"",#REF!),"") | O996: =IFERROR(IF(OR(HLOOKUP($A996,#REF!,13,FALSE())>2,HLOOKUP($A996,#REF!,13,FALSE())<-2),"",#REF!),"") | P996: =IFERROR(IF(OR(HLOOKUP($A996,#REF!,14,FALSE())>2,HLOOKUP($A996,#REF!,14,FALSE())<-2),"",#REF!),"") | Q996: =IFERROR(IF(OR(HLOOKUP($A996,#REF!,15,FALSE())>2,HLOOKUP($A996,#REF!,15,FALSE())<-2),"",#REF!),"") | R996: =IFERROR(IF(OR(HLOOKUP($A996,#REF!,16,FALSE())>2,HLOOKUP($A996,#REF!,16,FALSE())<-2),"",#REF!),"") | S996: =IFERROR(IF(OR(HLOOKUP($A996,#REF!,17,FALSE())>2,HLOOKUP($A996,#REF!,17,FALSE())<-2),"",#REF!),"") | T996: =IFERROR(IF(OR(HLOOKUP($A996,#REF!,18,FALSE())>2,HLOOKUP($A996,#REF!,18,FALSE())<-2),"",#REF!),"") | U996: =IFERROR(IF(OR(HLOOKUP($A996,#REF!,19,FALSE())>2,HLOOKUP($A996,#REF!,19,FALSE())<-2),"",#REF!),"") | V996: =IFERROR(IF(AND(X996=0,Y996=0),0,1),0) -> 1 | W996: =IFERROR(_xlfn.T.TEST(E996:M996,N996:U996,2,2),"") | X996: =IFERROR(AVERAGE(E996:M996),"") | Y996: =IFERROR(AVERAGE(N996:U996),"")
A997: 1005 | B997: Primary auditory area, layer 6b | C997: 11900 | D997: 1002 | E997: =IFERROR(IF(OR(HLOOKUP($A997,#REF!,3,FALSE())>2,HLOOKUP(A997,#REF!,3,FALSE())<-2),"",#REF!),"") | F997: =IFERROR(IF(OR(HLOOKUP($A997,#REF!,4,FALSE())>2,HLOOKUP($A997,#REF!,4,FALSE())<-2),"",#REF!),"") | G997: =IFERROR(IF(OR(HLOOKUP($A997,#REF!,5,FALSE())>2,HLOOKUP($A997,#REF!,5,FALSE())<-2),"",#REF!),"") | H997: =IFERROR(IF(OR(HLOOKUP($A997,#REF!,6,FALSE())>2,HLOOKUP($A997,#REF!,6,FALSE())<-2),"",#REF!),"") | I997: =IFERROR(IF(OR(HLOOKUP($A997,#REF!,7,FALSE())>2,HLOOKUP($A997,#REF!,7,FALSE())<-2),"",#REF!),"") | J997: =IFERROR(IF(OR(HLOOKUP($A997,#REF!,8,FALSE())>2,HLOOKUP($A997,#REF!,8,FALSE())<-2),"",#REF!),"") | K997: =IFERROR(IF(OR(HLOOKUP($A997,#REF!,9,FALSE())>2,HLOOKUP($A997,#REF!,9,FALSE())<-2),"",#REF!),"") | L997: =IFERROR(IF(OR(HLOOKUP($A997,#REF!,10,FALSE())>2,HLOOKUP($A997,#REF!,10,FALSE())<-2),"",#REF!),"") | M997: =IFERROR(IF(OR(HLOOKUP($A997,#REF!,11,FALSE())>2,HLOOKUP($A997,#REF!,11,FALSE())<-2),"",#REF!),"") | N997: =IFERROR(IF(OR(HLOOKUP($A997,#REF!,12,FALSE())>2,HLOOKUP($A997,#REF!,12,FALSE())<-2),"",#REF!),"") | O997: =IFERROR(IF(OR(HLOOKUP($A997,#REF!,13,FALSE())>2,HLOOKUP($A997,#REF!,13,FALSE())<-2),"",#REF!),"") | P997: =IFERROR(IF(OR(HLOOKUP($A997,#REF!,14,FALSE())>2,HLOOKUP($A997,#REF!,14,FALSE())<-2),"",#REF!),"") | Q997: =IFERROR(IF(OR(HLOOKUP($A997,#REF!,15,FALSE())>2,HLOOKUP($A997,#REF!,15,FALSE())<-2),"",#REF!),"") | R997: =IFERROR(IF(OR(HLOOKUP($A997,#REF!,16,FALSE())>2,HLOOKUP($A997,#REF!,16,FALSE())<-2),"",#REF!),"") | S997: =IFERROR(IF(OR(HLOOKUP($A997,#REF!,17,FALSE())>2,HLOOKUP($A997,#REF!,17,FALSE())<-2),"",#REF!),"") | T997: =IFERROR(IF(OR(HLOOKUP($A997,#REF!,18,FALSE())>2,HLOOKUP($A997,#REF!,18,FALSE())<-2),"",#REF!),"") | U997: =IFERROR(IF(OR(HLOOKUP($A997,#REF!,19,FALSE())>2,HLOOKUP($A997,#REF!,19,FALSE())<-2),"",#REF!),"") | V997: =IFERROR(IF(AND(X997=0,Y997=0),0,1),0) -> 1 | W997: =IFERROR(_xlfn.T.TEST(E997:M997,N997:U997,2,2),"") | X997: =IFERROR(AVERAGE(E997:M997),"") | Y997: =IFERROR(AVERAGE(N997:U997),"")
A998: 1006 | B998: Primary somatosensory area, trunk, layer 1 | C998: 7100 | D998: 361 | E998: =IFERROR(IF(OR(HLOOKUP($A998,#REF!,3,FALSE())>2,HLOOKUP(A998,#REF!,3,FALSE())<-2),"",#REF!),"") | F998: =IFERROR(IF(OR(HLOOKUP($A998,#REF!,4,FALSE())>2,HLOOKUP($A998,#REF!,4,FALSE())<-2),"",#REF!),"") | G998: =IFERROR(IF(OR(HLOOKUP($A998,#REF!,5,FALSE())>2,HLOOKUP($A998,#REF!,5,FALSE())<-2),"",#REF!),"") | H998: =IFERROR(IF(OR(HLOOKUP($A998,#REF!,6,FALSE())>2,HLOOKUP($A998,#REF!,6,FALSE())<-2),"",#REF!),"") | I998: =IFERROR(IF(OR(HLOOKUP($A998,#REF!,7,FALSE())>2,HLOOKUP($A998,#REF!,7,FALSE())<-2),"",#REF!),"") | J998: =IFERROR(IF(OR(HLOOKUP($A998,#REF!,8,FALSE())>2,HLOOKUP($A998,#REF!,8,FALSE())<-2),"",#REF!),"") | K998: =IFERROR(IF(OR(HLOOKUP($A998,#REF!,9,FALSE())>2,HLOOKUP($A998,#REF!,9,FALSE())<-2),"",#REF!),"") | L998: =IFERROR(IF(OR(HLOOKUP($A998,#REF!,10,FALSE())>2,HLOOKUP($A998,#REF!,10,FALSE())<-2),"",#REF!),"") | M998: =IFERROR(IF(OR(HLOOKUP($A998,#REF!,11,FALSE())>2,HLOOKUP($A998,#REF!,11,FALSE())<-2),"",#REF!),"") | N998: =IFERROR(IF(OR(HLOOKUP($A998,#REF!,12,FALSE())>2,HLOOKUP($A998,#REF!,12,FALSE())<-2),"",#REF!),"") | O998: =IFERROR(IF(OR(HLOOKUP($A998,#REF!,13,FALSE())>2,HLOOKUP($A998,#REF!,13,FALSE())<-2),"",#REF!),"") | P998: =IFERROR(IF(OR(HLOOKUP($A998,#REF!,14,FALSE())>2,HLOOKUP($A998,#REF!,14,FALSE())<-2),"",#REF!),"") | Q998: =IFERROR(IF(OR(HLOOKUP($A998,#REF!,15,FALSE())>2,HLOOKUP($A998,#REF!,15,FALSE())<-2),"",#REF!),"") | R998: =IFERROR(IF(OR(HLOOKUP($A998,#REF!,16,FALSE())>2,HLOOKUP($A998,#REF!,16,FALSE())<-2),"",#REF!),"") | S998: =IFERROR(IF(OR(HLOOKUP($A998,#REF!,17,FALSE())>2,HLOOKUP($A998,#REF!,17,FALSE())<-2),"",#REF!),"") | T998: =IFERROR(IF(OR(HLOOKUP($A998,#REF!,18,FALSE())>2,HLOOKUP($A998,#REF!,18,FALSE())<-2),"",#REF!),"") | U998: =IFERROR(IF(OR(HLOOKUP($A998,#REF!,19,FALSE())>2,HLOOKUP($A998,#REF!,19,FALSE())<-2),"",#REF!),"") | V998: =IFERROR(IF(AND(X998=0,Y998=0),0,1),0) -> 1 | W998: =IFERROR(_xlfn.T.TEST(E998:M998,N998:U998,2,2),"") | X998: =IFERROR(AVERAGE(E998:M998),"") | Y998: =IFERROR(AVERAGE(N998:U998),"")
A999: 1007 | B999: Simple lobule | C999: 59700 | D999: 1073 | E999: =IFERROR(IF(OR(HLOOKUP($A999,#REF!,3,FALSE())>2,HLOOKUP(A999,#REF!,3,FALSE())<-2),"",#REF!),"") | F999: =IFERROR(IF(OR(HLOOKUP($A999,#REF!,4,FALSE())>2,HLOOKUP($A999,#REF!,4,FALSE())<-2),"",#REF!),"") | G999: =IFERROR(IF(OR(HLOOKUP($A999,#REF!,5,FALSE())>2,HLOOKUP($A999,#REF!,5,FALSE())<-2),"",#REF!),"") | H999: =IFERROR(IF(OR(HLOOKUP($A999,#REF!,6,FALSE())>2,HLOOKUP($A999,#REF!,6,FALSE())<-2),"",#REF!),"") | I999: =IFERROR(IF(OR(HLOOKUP($A999,#REF!,7,FALSE())>2,HLOOKUP($A999,#REF!,7,FALSE())<-2),"",#REF!),"") | J999: =IFERROR(IF(OR(HLOOKUP($A999,#REF!,8,FALSE())>2,HLOOKUP($A999,#REF!,8,FALSE())<-2),"",#REF!),"") | K999: =IFERROR(IF(OR(HLOOKUP($A999,#REF!,9,FALSE())>2,HLOOKUP($A999,#REF!,9,FALSE())<-2),"",#REF!),"") | L999: =IFERROR(IF(OR(HLOOKUP($A999,#REF!,10,FALSE())>2,HLOOKUP($A999,#REF!,10,FALSE())<-2),"",#REF!),"") | M999: =IFERROR(IF(OR(HLOOKUP($A999,#REF!,11,FALSE())>2,HLOOKUP($A999,#REF!,11,FALSE())<-2),"",#REF!),"") | N999: =IFERROR(IF(OR(HLOOKUP($A999,#REF!,12,FALSE())>2,HLOOKUP($A999,#REF!,12,FALSE())<-2),"",#REF!),"") | O999: =IFERROR(IF(OR(HLOOKUP($A999,#REF!,13,FALSE())>2,HLOOKUP($A999,#REF!,13,FALSE())<-2),"",#REF!),"") | P999: =IFERROR(IF(OR(HLOOKUP($A999,#REF!,14,FALSE())>2,HLOOKUP($A999,#REF!,14,FALSE())<-2),"",#REF!),"") | Q999: =IFERROR(IF(OR(HLOOKUP($A999,#REF!,15,FALSE())>2,HLOOKUP($A999,#REF!,15,FALSE())<-2),"",#REF!),"") | R999: =IFERROR(IF(OR(HLOOKUP($A999,#REF!,16,FALSE())>2,HLOOKUP($A999,#REF!,16,FALSE())<-2),"",#REF!),"") | S999: =IFERROR(IF(OR(HLOOKUP($A999,#REF!,17,FALSE())>2,HLOOKUP($A999,#REF!,17,FALSE())<-2),"",#REF!),"") | T999: =IFERROR(IF(OR(HLOOKUP($A999,#REF!,18,FALSE())>2,HLOOKUP($A999,#REF!,18,FALSE())<-2),"",#REF!),"") | U999: =IFERROR(IF(OR(HLOOKUP($A999,#REF!,19,FALSE())>2,HLOOKUP($A999,#REF!,19,FALSE())<-2),"",#REF!),"") | V999: =IFERROR(IF(AND(X999=0,Y999=0),0,1),0) -> 1 | W999: =IFERROR(_xlfn.T.TEST(E999:M999,N999:U999,2,2),"") | X999: =IFERROR(AVERAGE(E999:M999),"") | Y999: =IFERROR(AVERAGE(N999:U999),"")
A1000: 1008 | B1000: Geniculate group, dorsal thalamus | C1000: 65000 | D1000: 864 | E1000: =IFERROR(IF(OR(HLOOKUP($A1000,#REF!,3,FALSE())>2,HLOOKUP(A1000,#REF!,3,FALSE())<-2),"",#REF!),"") | F1000: =IFERROR(IF(OR(HLOOKUP($A1000,#REF!,4,FALSE())>2,HLOOKUP($A1000,#REF!,4,FALSE())<-2),"",#REF!),"") | G1000: =IFERROR(IF(OR(HLOOKUP($A1000,#REF!,5,FALSE())>2,HLOOKUP($A1000,#REF!,5,FALSE())<-2),"",#REF!),"") | H1000: =IFERROR(IF(OR(HLOOKUP($A1000,#REF!,6,FALSE())>2,HLOOKUP($A1000,#REF!,6,FALSE())<-2),"",#REF!),"") | I1000: =IFERROR(IF(OR(HLOOKUP($A1000,#REF!,7,FALSE())>2,HLOOKUP($A1000,#REF!,7,FALSE())<-2),"",#REF!),"") | J1000: =IFERROR(IF(OR(HLOOKUP($A1000,#REF!,8,FALSE())>2,HLOOKUP($A1000,#REF!,8,FALSE())<-2),"",#REF!),"") | K1000: =IFERROR(IF(OR(HLOOKUP($A1000,#REF!,9,FALSE())>2,HLOOKUP($A1000,#REF!,9,FALSE())<-2),"",#REF!),"") | L1000: =IFERROR(IF(OR(HLOOKUP($A1000,#REF!,10,FALSE())>2,HLOOKUP($A1000,#REF!,10,FALSE())<-2),"",#REF!),"") | M1000: =IFERROR(IF(OR(HLOOKUP($A1000,#REF!,11,FALSE())>2,HLOOKUP($A1000,#REF!,11,FALSE())<-2),"",#REF!),"") | N1000: =IFERROR(IF(OR(HLOOKUP($A1000,#REF!,12,FALSE())>2,HLOOKUP($A1000,#REF!,12,FALSE())<-2),"",#REF!),"") | O1000: =IFERROR(IF(OR(HLOOKUP($A1000,#REF!,13,FALSE())>2,HLOOKUP($A1000,#REF!,13,FALSE())<-2),"",#REF!),"") | P1000: =IFERROR(IF(OR(HLOOKUP($A1000,#REF!,14,FALSE())>2,HLOOKUP($A1000,#REF!,14,FALSE())<-2),"",#REF!),"") | Q1000: =IFERROR(IF(OR(HLOOKUP($A1000,#REF!,15,FALSE())>2,HLOOKUP($A1000,#REF!,15,FALSE())<-2),"",#REF!),"") | R1000: =IFERROR(IF(OR(HLOOKUP($A1000,#REF!,16,FALSE())>2,HLOOKUP($A1000,#REF!,16,FALSE())<-2),"",#REF!),"") | S1000: =IFERROR(IF(OR(HLOOKUP($A1000,#REF!,17,FALSE())>2,HLOOKUP($A1000,#REF!,17,FALSE())<-2),"",#REF!),"") | T1000: =IFERROR(IF(OR(HLOOKUP($A1000,#REF!,18,FALSE())>2,HLOOKUP($A1000,#REF!,18,FALSE())<-2),"",#REF!),"") | U1000: =IFERROR(IF(OR(HLOOKUP($A1000,#REF!,19,FALSE())>2,HLOOKUP($A1000,#REF!,19,FALSE())<-2),"",#REF!),"") | V1000: =IFERROR(IF(AND(X1000=0,Y1000=0),0,1),0) -> 1 | W1000: =IFERROR(_xlfn.T.TEST(E1000:M1000,N1000:U1000,2,2),"") | X1000: =IFERROR(AVERAGE(E1000:M1000),"") | Y1000: =IFERROR(AVERAGE(N1000:U1000),"")
A1001: 1009 | B1001: fiber tracts | C1001: 97200 | D1001: 997 | E1001: =IFERROR(IF(OR(HLOOKUP($A1001,#REF!,3,FALSE())>2,HLOOKUP(A1001,#REF!,3,FALSE())<-2),"",#REF!),"") | F1001: =IFERROR(IF(OR(HLOOKUP($A1001,#REF!,4,FALSE())>2,HLOOKUP($A1001,#REF!,4,FALSE())<-2),"",#REF!),"") | G1001: =IFERROR(IF(OR(HLOOKUP($A1001,#REF!,5,FALSE())>2,HLOOKUP($A1001,#REF!,5,FALSE())<-2),"",#REF!),"") | H1001: =IFERROR(IF(OR(HLOOKUP($A1001,#REF!,6,FALSE())>2,HLOOKUP($A1001,#REF!,6,FALSE())<-2),"",#REF!),"") | I1001: =IFERROR(IF(OR(HLOOKUP($A1001,#REF!,7,FALSE())>2,HLOOKUP($A1001,#REF!,7,FALSE())<-2),"",#REF!),"") | J1001: =IFERROR(IF(OR(HLOOKUP($A1001,#REF!,8,FALSE())>2,HLOOKUP($A1001,#REF!,8,FALSE())<-2),"",#REF!),"") | K1001: =IFERROR(IF(OR(HLOOKUP($A1001,#REF!,9,FALSE())>2,HLOOKUP($A1001,#REF!,9,FALSE())<-2),"",#REF!),"") | L1001: =IFERROR(IF(OR(HLOOKUP($A1001,#REF!,10,FALSE())>2,HLOOKUP($A1001,#REF!,10,FALSE())<-2),"",#REF!),"") | M1001: =IFERROR(IF(OR(HLOOKUP($A1001,#REF!,11,FALSE())>2,HLOOKUP($A1001,#REF!,11,FALSE())<-2),"",#REF!),"") | N1001: =IFERROR(IF(OR(HLOOKUP($A1001,#REF!,12,FALSE())>2,HLOOKUP($A1001,#REF!,12,FALSE())<-2),"",#REF!),"") | O1001: =IFERROR(IF(OR(HLOOKUP($A1001,#REF!,13,FALSE())>2,HLOOKUP($A1001,#REF!,13,FALSE())<-2),"",#REF!),"") | P1001: =IFERROR(IF(OR(HLOOKUP($A1001,#REF!,14,FALSE())>2,HLOOKUP($A1001,#REF!,14,FALSE())<-2),"",#REF!),"") | Q1001: =IFERROR(IF(OR(HLOOKUP($A1001,#REF!,15,FALSE())>2,HLOOKUP($A1001,#REF!,15,FALSE())<-2),"",#REF!),"") | R1001: =IFERROR(IF(OR(HLOOKUP($A1001,#REF!,16,FALSE())>2,HLOOKUP($A1001,#REF!,16,FALSE())<-2),"",#REF!),"") | S1001: =IFERROR(IF(OR(HLOOKUP($A1001,#REF!,17,FALSE())>2,HLOOKUP($A1001,#REF!,17,FALSE())<-2),"",#REF!),"") | T1001: =IFERROR(IF(OR(HLOOKUP($A1001,#REF!,18,FALSE())>2,HLOOKUP($A1001,#REF!,18,FALSE())<-2),"",#REF!),"") | U1001: =IFERROR(IF(OR(HLOOKUP($A1001,#REF!,19,FALSE())>2,HLOOKUP($A1001,#REF!,19,FALSE())<-2),"",#REF!),"") | V1001: =IFERROR(IF(AND(X1001=0,Y1001=0),0,1),0) -> 1 | W1001: =IFERROR(_xlfn.T.TEST(E1001:M1001,N1001:U1001,2,2),"") | X1001: =IFERROR(AVERAGE(E1001:M1001),"") | Y1001: =IFERROR(AVERAGE(N1001:U1001),"")
... A1244: 312782656 | B1244: Unlabeled | C1244: 300 | D1244: 688 | E1244: =IFERROR(IF(OR(HLOOKUP($A1244,#REF!,3,FALSE())>2,HLOOKUP(A1244,#REF!,3,FALSE())<-2),"",#REF!),"") | F1244: =IFERROR(IF(OR(HLOOKUP($A1244,#REF!,4,FALSE())>2,HLOOKUP($A1244,#REF!,4,FALSE())<-2),"",#REF!),"") | G1244: =IFERROR(IF(OR(HLOOKUP($A1244,#REF!,5,FALSE())>2,HLOOKUP($A1244,#REF!,5,FALSE())<-2),"",#REF!),"") | H1244: =IFERROR(IF(OR(HLOOKUP($A1244,#REF!,6,FALSE())>2,HLOOKUP($A1244,#REF!,6,FALSE())<-2),"",#REF!),"") | I1244: =IFERROR(IF(OR(HLOOKUP($A1244,#REF!,7,FALSE())>2,HLOOKUP($A1244,#REF!,7,FALSE())<-2),"",#REF!),"") | J1244: =IFERROR(IF(OR(HLOOKUP($A1244,#REF!,8,FALSE())>2,HLOOKUP($A1244,#REF!,8,FALSE())<-2),"",#REF!),"") | K1244: =IFERROR(IF(OR(HLOOKUP($A1244,#REF!,9,FALSE())>2,HLOOKUP($A1244,#REF!,9,FALSE())<-2),"",#REF!),"") | L1244: =IFERROR(IF(OR(HLOOKUP($A1244,#REF!,10,FALSE())>2,HLOOKUP($A1244,#REF!,10,FALSE())<-2),"",#REF!),"") | M1244: =IFERROR(IF(OR(HLOOKUP($A1244,#REF!,11,FALSE())>2,HLOOKUP($A1244,#REF!,11,FALSE())<-2),"",#REF!),"") | N1244: =IFERROR(IF(OR(HLOOKUP($A1244,#REF!,12,FALSE())>2,HLOOKUP($A1244,#REF!,12,FALSE())<-2),"",#REF!),"") | O1244: =IFERROR(IF(OR(HLOOKUP($A1244,#REF!,13,FALSE())>2,HLOOKUP($A1244,#REF!,13,FALSE())<-2),"",#REF!),"") | P1244: =IFERROR(IF(OR(HLOOKUP($A1244,#REF!,14,FALSE())>2,HLOOKUP($A1244,#REF!,14,FALSE())<-2),"",#REF!),"") | Q1244: =IFERROR(IF(OR(HLOOKUP($A1244,#REF!,15,FALSE())>2,HLOOKUP($A1244,#REF!,15,FALSE())<-2),"",#REF!),"") | R1244: =IFERROR(IF(OR(HLOOKUP($A1244,#REF!,16,FALSE())>2,HLOOKUP($A1244,#REF!,16,FALSE())<-2),"",#REF!),"") | S1244: =IFERROR(IF(OR(HLOOKUP($A1244,#REF!,17,FALSE())>2,HLOOKUP($A1244,#REF!,17,FALSE())<-2),"",#REF!),"") | T1244: =IFERROR(IF(OR(HLOOKUP($A1244,#REF!,18,FALSE())>2,HLOOKUP($A1244,#REF!,18,FALSE())<-2),"",#REF!),"") | U1244: =IFERROR(IF(OR(HLOOKUP($A1244,#REF!,19,FALSE())>2,HLOOKUP($A1244,#REF!,19,FALSE())<-2),"",#REF!),"") | V1244: =IFERROR(IF(AND(X1244=0,Y1244=0),0,1),0) -> 1 | W1244: =IFERROR(_xlfn.T.TEST(E1244:M1244,N1244:U1244,2,2),"") | X1244: =IFERROR(AVERAGE(E1244:M1244),"") | Y1244: =IFERROR(AVERAGE(N1244:U1244),"")
E1246: =SUM(E3:E1244) -> 0 | F1246: =SUM(F3:F1244) -> 0 | G1246: 1076303 | H1246: 1434543 | I1246: 1633704 | J1246: 2028084 | K1246: 2345788 | L1246: 2272135 | M1246: 2192933 | N1246: 1111912 | O1246: 2971467 | P1246: 2339849 | Q1246: 1025955 | R1246: 2536998 | S1246: 1890459 | T1246: 1187552 | U1246: 2399985

Sheet Brain networks
E1: Group | F1: 0 | G1: 0 | H1: 0 | I1: 0 | J1: 0 | K1: 0 | L1: 0 | M1: 0 | N1: 0 | O1: 1 | P1: 1 | Q1: 1 | R1: 1 | S1: 1 | T1: 1 | U1: 1 | V1: 1
A2: region | B2: id | C2: name | D2: structure_order | E2: parent_id | F2: 124 | G2: 143 | H2: 146 | I2: 152 | J2: 170 | K2: 171 | L2: 175 | M2: 183 | N2: 200 | O2: 113 | P2: 172 | Q2: 177 | R2: 178 | S2: 179 | T2: 180 | U2: 184 | V2: 207 | X2: T-test | Y2: Gem 0 | Z2: Gem 1
A3: Salience network
A4: vDG | C4: Dentate gyrus | E4: 726 | F4: =SUMPRODUCT(SUMIFS(#REF!,#REF!,$B29:$B31)) -> #VALUE! | G4: =SUMPRODUCT(SUMIFS(#REF!,#REF!,$B29:$B31)) -> #VALUE! | H4: =SUMPRODUCT(SUMIFS(#REF!,#REF!,$B29:$B31)) -> #VALUE! | I4: =SUMPRODUCT(SUMIFS(#REF!,#REF!,$B29:$B31)) -> #VALUE! | J4: =SUMPRODUCT(SUMIFS(#REF!,#REF!,$B29:$B31)) -> #VALUE! | K4: =SUMPRODUCT(SUMIFS(#REF!,#REF!,$B29:$B31)) -> #VALUE! | L4: =SUMPRODUCT(SUMIFS(#REF!,#REF!,$B29:$B31)) -> #VALUE! | M4: =SUMPRODUCT(SUMIFS(#REF!,#REF!,$B29:$B31)) -> #VALUE! | ... V4: =SUMPRODUCT(SUMIFS(#REF!,#REF!,$B29:$B31)) -> #VALUE! | X4: =_xlfn.T.TEST(F4:N4,O4:V4,2,2) -> #VALUE! | Y4: =AVERAGE(F4:N4) -> #VALUE! | Z4: =AVERAGE(O4:V4) -> #VALUE!
A5: vCA1 | B5: 2382 | C5: Field CA1 ventral | D5: 37700 | E5: 2375 | F5: =SUMIFS(#REF!,#REF!,'Brain networks'!$B5) -> #VALUE! | G5: =SUMIFS(#REF!,#REF!,'Brain networks'!$B5) -> #VALUE! | H5: =SUMIFS(#REF!,#REF!,'Brain networks'!$B5) -> #VALUE! | I5: =SUMIFS(#REF!,#REF!,'Brain networks'!$B5) -> #VALUE! | J5: =SUMIFS(#REF!,#REF!,'Brain networks'!$B5) -> #VALUE! | K5: =SUMIFS(#REF!,#REF!,'Brain networks'!$B5) -> #VALUE! | L5: =SUMIFS(#REF!,#REF!,'Brain networks'!$B5) -> #VALUE! | M5: =SUMIFS(#REF!,#REF!,'Brain networks'!$B5) -> #VALUE! | ... V5: =SUMIFS(#REF!,#REF!,'Brain networks'!$B5) -> #VALUE! | X5: =_xlfn.T.TEST(F5:N5,O5:V5,2,2) -> #VALUE! | Y5: =AVERAGE(F5:N5) -> #VALUE! | Z5: =AVERAGE(O5:V5) -> #VALUE!
A6: vCA3 | B6: 2463 | C6: Field CA3 ventral | D6: 38700 | E6: 2375 | F6: =SUMIFS(#REF!,#REF!,'Brain networks'!$B6) -> #VALUE! | G6: =SUMIFS(#REF!,#REF!,'Brain networks'!$B6) -> #VALUE! | H6: =SUMIFS(#REF!,#REF!,'Brain networks'!$B6) -> #VALUE! | I6: =SUMIFS(#REF!,#REF!,'Brain networks'!$B6) -> #VALUE! | J6: =SUMIFS(#REF!,#REF!,'Brain networks'!$B6) -> #VALUE! | K6: =SUMIFS(#REF!,#REF!,'Brain networks'!$B6) -> #VALUE! | L6: =SUMIFS(#REF!,#REF!,'Brain networks'!$B6) -> #VALUE! | M6: =SUMIFS(#REF!,#REF!,'Brain networks'!$B6) -> #VALUE! | ... V6: =SUMIFS(#REF!,#REF!,'Brain networks'!$B6) -> #VALUE! | X6: =_xlfn.T.TEST(F6:N6,O6:V6,2,2) -> #VALUE! | Y6: =AVERAGE(F6:N6) -> #VALUE! | Z6: =AVERAGE(O6:V6) -> #VALUE!
A7: Amy | C7: Amygdala | F7: =SUMPRODUCT(SUMIFS(#REF!,#REF!,$B62:$B76)) -> #VALUE! | G7: =SUMPRODUCT(SUMIFS(#REF!,#REF!,$B62:$B76)) -> #VALUE! | H7: =SUMPRODUCT(SUMIFS(#REF!,#REF!,$B62:$B76)) -> #VALUE! | I7: =SUMPRODUCT(SUMIFS(#REF!,#REF!,$B62:$B76)) -> #VALUE! | J7: =SUMPRODUCT(SUMIFS(#REF!,#REF!,$B62:$B76)) -> #VALUE! | K7: =SUMPRODUCT(SUMIFS(#REF!,#REF!,$B62:$B76)) -> #VALUE! | L7: =SUMPRODUCT(SUMIFS(#REF!,#REF!,$B62:$B76)) -> #VALUE! | M7: =SUMPRODUCT(SUMIFS(#REF!,#REF!,$B62:$B76)) -> #VALUE! | ... V7: =SUMPRODUCT(SUMIFS(#REF!,#REF!,$B62:$B76)) -> #VALUE! | X7: =_xlfn.T.TEST(F7:N7,O7:V7,2,2) -> #VALUE! | Y7: =AVERAGE(F7:N7) -> #VALUE! | Z7: =AVERAGE(O7:V7) -> #VALUE!
A8: AI | C8: Anterior Insula | F8: =SUMPRODUCT(SUMIFS(#REF!,#REF!,$B77:$B91)) -> #VALUE! | G8: =SUMPRODUCT(SUMIFS(#REF!,#REF!,$B77:$B91)) -> #VALUE! | H8: =SUMPRODUCT(SUMIFS(#REF!,#REF!,$B77:$B91)) -> #VALUE! | I8: =SUMPRODUCT(SUMIFS(#REF!,#REF!,$B77:$B91)) -> #VALUE! | J8: =SUMPRODUCT(SUMIFS(#REF!,#REF!,$B77:$B91)) -> #VALUE! | K8: =SUMPRODUCT(SUMIFS(#REF!,#REF!,$B77:$B91)) -> #VALUE! | L8: =SUMPRODUCT(SUMIFS(#REF!,#REF!,$B77:$B91)) -> #VALUE! | M8: =SUMPRODUCT(SUMIFS(#REF!,#REF!,$B77:$B91)) -> #VALUE! | ... V8: =SUMPRODUCT(SUMIFS(#REF!,#REF!,$B77:$B91)) -> #VALUE! | X8: =_xlfn.T.TEST(F8:N8,O8:V8,2,2) -> #VALUE! | Y8: =AVERAGE(F8:N8) -> #VALUE! | Z8: =AVERAGE(O8:V8) -> #VALUE!
A9: CPu | B9: 672 | C9: Caudoputamen | D9: 48200 | E9: 485 | F9: =SUMIFS(#REF!,#REF!,'Brain networks'!$B9) -> #VALUE! | G9: =SUMIFS(#REF!,#REF!,'Brain networks'!$B9) -> #VALUE! | H9: =SUMIFS(#REF!,#REF!,'Brain networks'!$B9) -> #VALUE! | I9: =SUMIFS(#REF!,#REF!,'Brain networks'!$B9) -> #VALUE! | J9: =SUMIFS(#REF!,#REF!,'Brain networks'!$B9) -> #VALUE! | K9: =SUMIFS(#REF!,#REF!,'Brain networks'!$B9) -> #VALUE! | L9: =SUMIFS(#REF!,#REF!,'Brain networks'!$B9) -> #VALUE! | M9: =SUMIFS(#REF!,#REF!,'Brain networks'!$B9) -> #VALUE! | ... V9: =SUMIFS(#REF!,#REF!,'Brain networks'!$B9) -> #VALUE! | X9: =_xlfn.T.TEST(F9:N9,O9:V9,2,2) -> #VALUE! | Y9: =AVERAGE(F9:N9) -> #VALUE! | Z9: =AVERAGE(O9:V9) -> #VALUE!
A10: NAc | B10: 56 | C10: Nucleus accumbens | D10: 48400 | E10: 493 | F10: =SUMIFS(#REF!,#REF!,'Brain networks'!$B10) -> #VALUE! | G10: =SUMIFS(#REF!,#REF!,'Brain networks'!$B10) -> #VALUE! | H10: =SUMIFS(#REF!,#REF!,'Brain networks'!$B10) -> #VALUE! | I10: =SUMIFS(#REF!,#REF!,'Brain networks'!$B10) -> #VALUE! | J10: =SUMIFS(#REF!,#REF!,'Brain networks'!$B10) -> #VALUE! | K10: =SUMIFS(#REF!,#REF!,'Brain networks'!$B10) -> #VALUE! | L10: =SUMIFS(#REF!,#REF!,'Brain networks'!$B10) -> #VALUE! | M10: =SUMIFS(#REF!,#REF!,'Brain networks'!$B10) -> #VALUE! | ... V10: =SUMIFS(#REF!,#REF!,'Brain networks'!$B10) -> #VALUE! | X10: =_xlfn.T.TEST(F10:N10,O10:V10,2,2) -> #VALUE! | Y10: =AVERAGE(F10:N10) -> #VALUE! | Z10: =AVERAGE(O10:V10) -> #VALUE!
A11: BNST | B11: 351 | C11: Bed nuclei of the stria terminalis | D11: 52900 | E11: 809 | F11: =SUMIFS(#REF!,#REF!,'Brain networks'!$B11) -> #VALUE! | G11: =SUMIFS(#REF!,#REF!,'Brain networks'!$B11) -> #VALUE! | H11: =SUMIFS(#REF!,#REF!,'Brain networks'!$B11) -> #VALUE! | I11: =SUMIFS(#REF!,#REF!,'Brain networks'!$B11) -> #VALUE! | J11: =SUMIFS(#REF!,#REF!,'Brain networks'!$B11) -> #VALUE! | K11: =SUMIFS(#REF!,#REF!,'Brain networks'!$B11) -> #VALUE! | L11: =SUMIFS(#REF!,#REF!,'Brain networks'!$B11) -> #VALUE! | M11: =SUMIFS(#REF!,#REF!,'Brain networks'!$B11) -> #VALUE! | ... V11: =SUMIFS(#REF!,#REF!,'Brain networks'!$B11) -> #VALUE! | X11: =_xlfn.T.TEST(F11:N11,O11:V11,2,2) -> #VALUE! | Y11: =AVERAGE(F11:N11) -> #VALUE! | Z11: =AVERAGE(O11:V11) -> #VALUE!
A12: PAG | B12: 795 | C12: Periaqueductal gray | D12: 81500 | E12: 323 | F12: =SUMIFS(#REF!,#REF!,'Brain networks'!$B12) -> #VALUE! | G12: =SUMIFS(#REF!,#REF!,'Brain networks'!$B12) -> #VALUE! | H12: =SUMIFS(#REF!,#REF!,'Brain networks'!$B12) -> #VALUE! | I12: =SUMIFS(#REF!,#REF!,'Brain networks'!$B12) -> #VALUE! | J12: =SUMIFS(#REF!,#REF!,'Brain networks'!$B12) -> #VALUE! | K12: =SUMIFS(#REF!,#REF!,'Brain networks'!$B12) -> #VALUE! | L12: =SUMIFS(#REF!,#REF!,'Brain networks'!$B12) -> #VALUE! | M12: =SUMIFS(#REF!,#REF!,'Brain networks'!$B12) -> #VALUE! | ... V12: =SUMIFS(#REF!,#REF!,'Brain networks'!$B12) -> #VALUE! | X12: =_xlfn.T.TEST(F12:N12,O12:V12,2,2) -> #VALUE! | Y12: =AVERAGE(F12:N12) -> #VALUE! | Z12: =AVERAGE(O12:V12) -> #VALUE!
A13: aHyp | B13: 88 | C13: Anterior hypothalamic nucleus | D13: 74100 | E13: 467 | F13: =SUMIFS(#REF!,#REF!,'Brain networks'!$B13) -> #VALUE! | G13: =SUMIFS(#REF!,#REF!,'Brain networks'!$B13) -> #VALUE! | H13: =SUMIFS(#REF!,#REF!,'Brain networks'!$B13) -> #VALUE! | I13: =SUMIFS(#REF!,#REF!,'Brain networks'!$B13) -> #VALUE! | J13: =SUMIFS(#REF!,#REF!,'Brain networks'!$B13) -> #VALUE! | K13: =SUMIFS(#REF!,#REF!,'Brain networks'!$B13) -> #VALUE! | L13: =SUMIFS(#REF!,#REF!,'Brain networks'!$B13) -> #VALUE! | M13: =SUMIFS(#REF!,#REF!,'Brain networks'!$B13) -> #VALUE! | ... V13: =SUMIFS(#REF!,#REF!,'Brain networks'!$B13) -> #VALUE! | X13: =_xlfn.T.TEST(F13:N13,O13:V13,2,2) -> #VALUE! | Y13: =AVERAGE(F13:N13) -> #VALUE! | Z13: =AVERAGE(O13:V13) -> #VALUE!
A15: Executive control network
A16: PtA / FEF / M2 | C16: Secondary Motor Cortex | E16: 993 | F16: =SUMPRODUCT(SUMIFS(#REF!,#REF!,$B92:$B96)) -> #VALUE! | G16: =SUMPRODUCT(SUMIFS(#REF!,#REF!,$B92:$B96)) -> #VALUE! | H16: =SUMPRODUCT(SUMIFS(#REF!,#REF!,$B92:$B96)) -> #VALUE! | I16: =SUMPRODUCT(SUMIFS(#REF!,#REF!,$B92:$B96)) -> #VALUE! | J16: =SUMPRODUCT(SUMIFS(#REF!,#REF!,$B92:$B96)) -> #VALUE! | K16: =SUMPRODUCT(SUMIFS(#REF!,#REF!,$B92:$B96)) -> #VALUE! | L16: =SUMPRODUCT(SUMIFS(#REF!,#REF!,$B92:$B96)) -> #VALUE! | M16: =SUMPRODUCT(SUMIFS(#REF!,#REF!,$B92:$B96)) -> #VALUE! | ... V16: =SUMPRODUCT(SUMIFS(#REF!,#REF!,$B92:$B96)) -> #VALUE! | X16: =_xlfn.T.TEST(F16:N16,O16:V16,2,2) -> #VALUE! | Y16: =AVERAGE(F16:N16) -> #VALUE! | Z16: =AVERAGE(O16:V16) -> #VALUE!
A17: IL | C17: Infralimbic area | E17: 44 | F17: =SUMPRODUCT(SUMIFS(#REF!,#REF!,$B57:$B61)) -> #VALUE! | G17: =SUMPRODUCT(SUMIFS(#REF!,#REF!,$B57:$B61)) -> #VALUE! | H17: =SUMPRODUCT(SUMIFS(#REF!,#REF!,$B57:$B61)) -> #VALUE! | I17: =SUMPRODUCT(SUMIFS(#REF!,#REF!,$B57:$B61)) -> #VALUE! | J17: =SUMPRODUCT(SUMIFS(#REF!,#REF!,$B57:$B61)) -> #VALUE! | K17: =SUMPRODUCT(SUMIFS(#REF!,#REF!,$B57:$B61)) -> #VALUE! | L17: =SUMPRODUCT(SUMIFS(#REF!,#REF!,$B57:$B61)) -> #VALUE! | M17: =SUMPRODUCT(SUMIFS(#REF!,#REF!,$B57:$B61)) -> #VALUE! | ... V17: =SUMPRODUCT(SUMIFS(#REF!,#REF!,$B57:$B61)) -> #VALUE! | X17: =_xlfn.T.TEST(F17:N17,O17:V17,2,2) -> #VALUE! | Y17: =AVERAGE(F17:N17) -> #VALUE! | Z17: =AVERAGE(O17:V17) -> #VALUE!
A19: Default mode network
A20: PL | C20: Prelimbic area | E20: 972 | F20: =SUMPRODUCT(SUMIFS(#REF!,#REF!,$B52:$B56)) -> #VALUE! | G20: =SUMPRODUCT(SUMIFS(#REF!,#REF!,$B52:$B56)) -> #VALUE! | H20: =SUMPRODUCT(SUMIFS(#REF!,#REF!,$B52:$B56)) -> #VALUE! | I20: =SUMPRODUCT(SUMIFS(#REF!,#REF!,$B52:$B56)) -> #VALUE! | J20: =SUMPRODUCT(SUMIFS(#REF!,#REF!,$B52:$B56)) -> #VALUE! | K20: =SUMPRODUCT(SUMIFS(#REF!,#REF!,$B52:$B56)) -> #VALUE! | L20: =SUMPRODUCT(SUMIFS(#REF!,#REF!,$B52:$B56)) -> #VALUE! | M20: =SUMPRODUCT(SUMIFS(#REF!,#REF!,$B52:$B56)) -> #VALUE! | ... V20: =SUMPRODUCT(SUMIFS(#REF!,#REF!,$B52:$B56)) -> #VALUE! | X20: =_xlfn.T.TEST(F20:N20,O20:V20,2,2) -> #VALUE! | Y20: =AVERAGE(F20:N20) -> #VALUE! | Z20: =AVERAGE(O20:V20) -> #VALUE!
A21: Cg | C21: Cingulate cortex | F21: =SUMPRODUCT(SUMIFS(#REF!,#REF!,$B97:$B106)) -> #VALUE! | G21: =SUMPRODUCT(SUMIFS(#REF!,#REF!,$B97:$B106)) -> #VALUE! | H21: =SUMPRODUCT(SUMIFS(#REF!,#REF!,$B97:$B106)) -> #VALUE! | I21: =SUMPRODUCT(SUMIFS(#REF!,#REF!,$B97:$B106)) -> #VALUE! | J21: =SUMPRODUCT(SUMIFS(#REF!,#REF!,$B97:$B106)) -> #VALUE! | K21: =SUMPRODUCT(SUMIFS(#REF!,#REF!,$B97:$B106)) -> #VALUE! | L21: =SUMPRODUCT(SUMIFS(#REF!,#REF!,$B97:$B106)) -> #VALUE! | M21: =SUMPRODUCT(SUMIFS(#REF!,#REF!,$B97:$B106)) -> #VALUE! | ... V21: =SUMPRODUCT(SUMIFS(#REF!,#REF!,$B97:$B106)) -> #VALUE! | X21: =_xlfn.T.TEST(F21:N21,O21:V21,2,2) -> #VALUE! | Y21: =AVERAGE(F21:N21) -> #VALUE! | Z21: =AVERAGE(O21:V21) -> #VALUE!
A22: mOFC / MO | C22: Medial orbital cortex | E22: 731 | F22: =SUMPRODUCT(SUMIFS(#REF!,#REF!,$B107:$B110)) -> #VALUE! | G22: =SUMPRODUCT(SUMIFS(#REF!,#REF!,$B107:$B110)) -> #VALUE! | H22: =SUMPRODUCT(SUMIFS(#REF!,#REF!,$B107:$B110)) -> #VALUE! | I22: =SUMPRODUCT(SUMIFS(#REF!,#REF!,$B107:$B110)) -> #VALUE! | J22: =SUMPRODUCT(SUMIFS(#REF!,#REF!,$B107:$B110)) -> #VALUE! | K22: =SUMPRODUCT(SUMIFS(#REF!,#REF!,$B107:$B110)) -> #VALUE! | L22: =SUMPRODUCT(SUMIFS(#REF!,#REF!,$B107:$B110)) -> #VALUE! | M22: =SUMPRODUCT(SUMIFS(#REF!,#REF!,$B107:$B110)) -> #VALUE! | ... V22: =SUMPRODUCT(SUMIFS(#REF!,#REF!,$B107:$B110)) -> #VALUE! | X22: =_xlfn.T.TEST(F22:N22,O22:V22,2,2) -> #VALUE! | Y22: =AVERAGE(F22:N22) -> #VALUE! | Z22: =AVERAGE(O22:V22) -> #VALUE!
A23: RSP | C23: Retrosplenial area | F23: =SUMPRODUCT(SUMIFS(#REF!,#REF!,$B35:$B51)) -> #VALUE! | G23: =SUMPRODUCT(SUMIFS(#REF!,#REF!,$B35:$B51)) -> #VALUE! | H23: =SUMPRODUCT(SUMIFS(#REF!,#REF!,$B35:$B51)) -> #VALUE! | I23: =SUMPRODUCT(SUMIFS(#REF!,#REF!,$B35:$B51)) -> #VALUE! | J23: =SUMPRODUCT(SUMIFS(#REF!,#REF!,$B35:$B51)) -> #VALUE! | K23: =SUMPRODUCT(SUMIFS(#REF!,#REF!,$B35:$B51)) -> #VALUE! | L23: =SUMPRODUCT(SUMIFS(#REF!,#REF!,$B35:$B51)) -> #VALUE! | M23: =SUMPRODUCT(SUMIFS(#REF!,#REF!,$B35:$B51)) -> #VALUE! | ... V23: =SUMPRODUCT(SUMIFS(#REF!,#REF!,$B35:$B51)) -> #VALUE! | X23: =_xlfn.T.TEST(F23:N23,O23:V23,2,2) -> #VALUE! | Y23: =AVERAGE(F23:N23) -> #VALUE! | Z23: =AVERAGE(O23:V23) -> #VALUE!
A24: Ent | C24: Entorhinal cortex | E24: 909 | F24: =SUMPRODUCT(SUMIFS(#REF!,#REF!,$B111:$B113)) -> #VALUE! | G24: =SUMPRODUCT(SUMIFS(#REF!,#REF!,$B111:$B113)) -> #VALUE! | H24: =SUMPRODUCT(SUMIFS(#REF!,#REF!,$B111:$B113)) -> #VALUE! | I24: =SUMPRODUCT(SUMIFS(#REF!,#REF!,$B111:$B113)) -> #VALUE! | J24: =SUMPRODUCT(SUMIFS(#REF!,#REF!,$B111:$B113)) -> #VALUE! | K24: =SUMPRODUCT(SUMIFS(#REF!,#REF!,$B111:$B113)) -> #VALUE! | L24: =SUMPRODUCT(SUMIFS(#REF!,#REF!,$B111:$B113)) -> #VALUE! | M24: =SUMPRODUCT(SUMIFS(#REF!,#REF!,$B111:$B113)) -> #VALUE! | ... V24: =SUMPRODUCT(SUMIFS(#REF!,#REF!,$B111:$B113)) -> #VALUE! | X24: =_xlfn.T.TEST(F24:N24,O24:V24,2,2) -> #VALUE! | Y24: =AVERAGE(F24:N24) -> #VALUE! | Z24: =AVERAGE(O24:V24) -> #VALUE!
A25: dDG | C25: Dentate gyrus | E25: 726 | F25: =SUMPRODUCT(SUMIFS(#REF!,#REF!,$B32:$B34)) -> #VALUE! | G25: =SUMPRODUCT(SUMIFS(#REF!,#REF!,$B32:$B34)) -> #VALUE! | H25: =SUMPRODUCT(SUMIFS(#REF!,#REF!,$B32:$B34)) -> #VALUE! | I25: =SUMPRODUCT(SUMIFS(#REF!,#REF!,$B32:$B34)) -> #VALUE! | J25: =SUMPRODUCT(SUMIFS(#REF!,#REF!,$B32:$B34)) -> #VALUE! | K25: =SUMPRODUCT(SUMIFS(#REF!,#REF!,$B32:$B34)) -> #VALUE! | L25: =SUMPRODUCT(SUMIFS(#REF!,#REF!,$B32:$B34)) -> #VALUE! | M25: =SUMPRODUCT(SUMIFS(#REF!,#REF!,$B32:$B34)) -> #VALUE! | ... V25: =SUMPRODUCT(SUMIFS(#REF!,#REF!,$B32:$B34)) -> #VALUE! | X25: =_xlfn.T.TEST(F25:N25,O25:V25,2,2) -> #VALUE! | Y25: =AVERAGE(F25:N25) -> #VALUE! | Z25: =AVERAGE(O25:V25) -> #VALUE!
A26: dCA1 | B26: 382 | C26: Field CA1 | D26: 37700 | E26: 375 | F26: =SUMIFS(#REF!,#REF!,'Brain networks'!$B26) -> #VALUE! | G26: =SUMIFS(#REF!,#REF!,'Brain networks'!$B26) -> #VALUE! | H26: =SUMIFS(#REF!,#REF!,'Brain networks'!$B26) -> #VALUE! | I26: =SUMIFS(#REF!,#REF!,'Brain networks'!$B26) -> #VALUE! | J26: =SUMIFS(#REF!,#REF!,'Brain networks'!$B26) -> #VALUE! | K26: =SUMIFS(#REF!,#REF!,'Brain networks'!$B26) -> #VALUE! | L26: =SUMIFS(#REF!,#REF!,'Brain networks'!$B26) -> #VALUE! | M26: =SUMIFS(#REF!,#REF!,'Brain networks'!$B26) -> #VALUE! | ... V26: =SUMIFS(#REF!,#REF!,'Brain networks'!$B26) -> #VALUE! | X26: =_xlfn.T.TEST(F26:N26,O26:V26,2,2) -> #VALUE! | Y26: =AVERAGE(F26:N26) -> #VALUE! | Z26: =AVERAGE(O26:V26) -> #VALUE!
A27: dCA3 | B27: 463 | C27: Field CA3 | D27: 38700 | E27: 375 | F27: =SUMIFS(#REF!,#REF!,'Brain networks'!$B27) -> #VALUE! | G27: =SUMIFS(#REF!,#REF!,'Brain networks'!$B27) -> #VALUE! | H27: =SUMIFS(#REF!,#REF!,'Brain networks'!$B27) -> #VALUE! | I27: =SUMIFS(#REF!,#REF!,'Brain networks'!$B27) -> #VALUE! | J27: =SUMIFS(#REF!,#REF!,'Brain networks'!$B27) -> #VALUE! | K27: =SUMIFS(#REF!,#REF!,'Brain networks'!$B27) -> #VALUE! | L27: =SUMIFS(#REF!,#REF!,'Brain networks'!$B27) -> #VALUE! | M27: =SUMIFS(#REF!,#REF!,'Brain networks'!$B27) -> #VALUE! | ... V27: =SUMIFS(#REF!,#REF!,'Brain networks'!$B27) -> #VALUE! | X27: =_xlfn.T.TEST(F27:N27,O27:V27,2,2) -> #VALUE! | Y27: =AVERAGE(F27:N27) -> #VALUE! | Z27: =AVERAGE(O27:V27) -> #VALUE!
B29: 632 | C29: Dentate gyrus, granule cell layer | D29: 39600 | E29: 726
B30: 10703 | C30: Dentate gyrus, molecular layer | D30: 39400 | E30: 726
B31: 10704 | C31: Dentate gyrus, polymorph layer | D31: 39500 | E31: 726
B32: 2632 | C32: Dentate gyrus, granule cell layer ventral | D32: 39600 | E32: 2726
B33: 12703 | C33: Dentate gyrus, molecular layer | D33: 39400 | E33: 2726
B34: 12704 | C34: Dentate gyrus, subgranular zone ventral | D34: 39700 | E34: 2726
B35: 894 | C35: Retrosplenial area, lateral agranular part | D35: 25300 | E35: 254
B36: 274 | C36: Retrosplenial area, dorsal part, layer 6a | D36: 26400 | E36: 879
B37: 330 | C37: Retrosplenial area, dorsal part, layer 6b | D37: 26500 | E37: 879
B38: 434 | C38: Retrosplenial area, dorsal part, layer 2/3 | D38: 26100 | E38: 879
B39: 442 | C39: Retrosplenial area, dorsal part, layer 1 | D39: 26000 | E39: 879
B40: 545 | C40: Retrosplenial area, dorsal part, layer 4 | D40: 26200 | E40: 879
... B113: 934 | C113: Entorhinal area, medial part, ventral zone | D113: 43700 | E113: 909

Sheet Activation map corrected Z<2
E1: Group | F1: 0 | G1: 0 | H1: 0 | I1: 0 | J1: 0 | K1: 0 | L1: 0 | M1: 0 | N1: 0 | O1: 1 | P1: 1 | Q1: 1 | R1: 1 | S1: 1 | T1: 1 | U1: 1 | V1: 1
A2: region | B2: id | C2: name | D2: structure_order | E2: parent_id | F2: 124 | G2: 143 | H2: 146 | I2: 152 | J2: 170 | K2: 171 | L2: 175 | M2: 183 | N2: 200 | O2: 113 | P2: 172 | Q2: 177 | R2: 178 | S2: 179 | T2: 180 | U2: 184 | V2: 207 | X2: T-test | Y2: Gem 0 | Z2: Gem 1 | AA2: SEM 0 | AB2: SEM 1
A3: dCA1 | B3: 382 | C3: Field CA1 | D3: 37700 | E3: 375 | F3: =SUMIFS('Total-corrected counts Z<2'!E:E,'Total-corrected counts Z<2'!$A:$A,'Activation map corrected Z<2'!$B3) -> 0 | G3: =SUMIFS('Total-corrected counts Z<2'!F:F,'Total-corrected counts Z<2'!$A:$A,'Activation map corrected Z<2'!$B3) -> 0 | H3: =SUMIFS('Total-corrected counts Z<2'!G:G,'Total-corrected counts Z<2'!$A:$A,'Activation map corrected Z<2'!$B3) -> 0 | I3: =SUMIFS('Total-corrected counts Z<2'!H:H,'Total-corrected counts Z<2'!$A:$A,'Activation map corrected Z<2'!$B3) -> 0 | J3: =SUMIFS('Total-corrected counts Z<2'!I:I,'Total-corrected counts Z<2'!$A:$A,'Activation map corrected Z<2'!$B3) -> 0 | K3: =SUMIFS('Total-corrected counts Z<2'!J:J,'Total-corrected counts Z<2'!$A:$A,'Activation map corrected Z<2'!$B3) -> 0 | L3: =SUMIFS('Total-corrected counts Z<2'!K:K,'Total-corrected counts Z<2'!$A:$A,'Activation map corrected Z<2'!$B3) -> 0 | M3: =SUMIFS('Total-corrected counts Z<2'!L:L,'Total-corrected counts Z<2'!$A:$A,'Activation map corrected Z<2'!$B3) -> 0 | N3: =SUMIFS('Total-corrected counts Z<2'!M:M,'Total-corrected counts Z<2'!$A:$A,'Activation map corrected Z<2'!$B3) -> 0 | O3: =SUMIFS('Total-corrected counts Z<2'!N:N,'Total-corrected counts Z<2'!$A:$A,'Activation map corrected Z<2'!$B3) -> 0 | P3: =SUMIFS('Total-corrected counts Z<2'!O:O,'Total-corrected counts Z<2'!$A:$A,'Activation map corrected Z<2'!$B3) -> 0 | Q3: =SUMIFS('Total-corrected counts Z<2'!P:P,'Total-corrected counts Z<2'!$A:$A,'Activation map corrected Z<2'!$B3) -> 0 | R3: =SUMIFS('Total-corrected counts Z<2'!Q:Q,'Total-corrected counts Z<2'!$A:$A,'Activation map corrected Z<2'!$B3) -> 0 | S3: =SUMIFS('Total-corrected counts Z<2'!R:R,'Total-corrected counts Z<2'!$A:$A,'Activation map corrected Z<2'!$B3) -> 0 | T3: =SUMIFS('Total-corrected counts Z<2'!S:S,'Total-corrected counts Z<2'!$A:$A,'Activation map corrected Z<2'!$B3) -> 0 | U3: =SUMIFS('Total-corrected counts Z<2'!T:T,'Total-corrected counts Z<2'!$A:$A,'Activation map corrected Z<2'!$B3) -> 0 | V3: =SUMIFS('Total-corrected counts Z<2'!U:U,'Total-corrected counts Z<2'!$A:$A,'Activation map corrected Z<2'!$B3) -> 0 | X3: =_xlfn.T.TEST(F3:N3,O3:V3,2,2) -> #NUM! | Y3: =AVERAGE(F3:N3) -> 0 | Z3: =AVERAGE(O3:V3) -> 0 | AA3: =STDEV(F3:N3)/SQRT(COUNT(F3:N3)) -> 0 | AB3: =STDEV(O3:V3)/SQRT(COUNT(O3:V3)) -> 0
A4: dCA3 | B4: 463 | C4: Field CA3 | D4: 38700 | E4: 375 | F4: =SUMIFS('Total-corrected counts Z<2'!E:E,'Total-corrected counts Z<2'!$A:$A,'Activation map corrected Z<2'!$B4) -> 0 | G4: =SUMIFS('Total-corrected counts Z<2'!F:F,'Total-corrected counts Z<2'!$A:$A,'Activation map corrected Z<2'!$B4) -> 0 | H4: =SUMIFS('Total-corrected counts Z<2'!G:G,'Total-corrected counts Z<2'!$A:$A,'Activation map corrected Z<2'!$B4) -> 0 | I4: =SUMIFS('Total-corrected counts Z<2'!H:H,'Total-corrected counts Z<2'!$A:$A,'Activation map corrected Z<2'!$B4) -> 0 | J4: =SUMIFS('Total-corrected counts Z<2'!I:I,'Total-corrected counts Z<2'!$A:$A,'Activation map corrected Z<2'!$B4) -> 0 | K4: =SUMIFS('Total-corrected counts Z<2'!J:J,'Total-corrected counts Z<2'!$A:$A,'Activation map corrected Z<2'!$B4) -> 0 | L4: =SUMIFS('Total-corrected counts Z<2'!K:K,'Total-corrected counts Z<2'!$A:$A,'Activation map corrected Z<2'!$B4) -> 0 | M4: =SUMIFS('Total-corrected counts Z<2'!L:L,'Total-corrected counts Z<2'!$A:$A,'Activation map corrected Z<2'!$B4) -> 0 | N4: =SUMIFS('Total-corrected counts Z<2'!M:M,'Total-corrected counts Z<2'!$A:$A,'Activation map corrected Z<2'!$B4) -> 0 | O4: =SUMIFS('Total-corrected counts Z<2'!N:N,'Total-corrected counts Z<2'!$A:$A,'Activation map corrected Z<2'!$B4) -> 0 | P4: =SUMIFS('Total-corrected counts Z<2'!O:O,'Total-corrected counts Z<2'!$A:$A,'Activation map corrected Z<2'!$B4) -> 0 | Q4: =SUMIFS('Total-corrected counts Z<2'!P:P,'Total-corrected counts Z<2'!$A:$A,'Activation map corrected Z<2'!$B4) -> 0 | R4: =SUMIFS('Total-corrected counts Z<2'!Q:Q,'Total-corrected counts Z<2'!$A:$A,'Activation map corrected Z<2'!$B4) -> 0 | S4: =SUMIFS('Total-corrected counts Z<2'!R:R,'Total-corrected counts Z<2'!$A:$A,'Activation map corrected Z<2'!$B4) -> 0 | T4: =SUMIFS('Total-corrected counts Z<2'!S:S,'Total-corrected counts Z<2'!$A:$A,'Activation map corrected Z<2'!$B4) -> 0 | U4: =SUMIFS('Total-corrected counts Z<2'!T:T,'Total-corrected counts Z<2'!$A:$A,'Activation map corrected Z<2'!$B4) -> 0 | V4: =SUMIFS('Total-corrected counts Z<2'!U:U,'Total-corrected counts Z<2'!$A:$A,'Activation map corrected Z<2'!$B4) -> 0 | X4: =_xlfn.T.TEST(F4:N4,O4:V4,2,2) -> #NUM! | Y4: =AVERAGE(F4:N4) -> 0 | Z4: =AVERAGE(O4:V4) -> 0 | AA4: =STDEV(F4:N4)/SQRT(COUNT(F4:N4)) -> 0 | AB4: =STDEV(O4:V4)/SQRT(COUNT(O4:V4)) -> 0
A5: dDG | C5: Dentate gyrus | E5: 726 | F5: =SUMPRODUCT(SUMIFS('Total-corrected counts Z<2'!E:E,'Total-corrected counts Z<2'!$A:$A,$B18:$B20)) -> 0 | G5: =SUMPRODUCT(SUMIFS('Total-corrected counts Z<2'!F:F,'Total-corrected counts Z<2'!$A:$A,$B18:$B20)) -> 0 | H5: =SUMPRODUCT(SUMIFS('Total-corrected counts Z<2'!G:G,'Total-corrected counts Z<2'!$A:$A,$B18:$B20)) -> 0 | I5: =SUMPRODUCT(SUMIFS('Total-corrected counts Z<2'!H:H,'Total-corrected counts Z<2'!$A:$A,$B18:$B20)) -> 0 | J5: =SUMPRODUCT(SUMIFS('Total-corrected counts Z<2'!I:I,'Total-corrected counts Z<2'!$A:$A,$B18:$B20)) -> 0 | K5: =SUMPRODUCT(SUMIFS('Total-corrected counts Z<2'!J:J,'Total-corrected counts Z<2'!$A:$A,$B18:$B20)) -> 0 | L5: =SUMPRODUCT(SUMIFS('Total-corrected counts Z<2'!K:K,'Total-corrected counts Z<2'!$A:$A,$B18:$B20)) -> 0 | M5: =SUMPRODUCT(SUMIFS('Total-corrected counts Z<2'!L:L,'Total-corrected counts Z<2'!$A:$A,$B18:$B20)) -> 0 | N5: =SUMPRODUCT(SUMIFS('Total-corrected counts Z<2'!M:M,'Total-corrected counts Z<2'!$A:$A,$B18:$B20)) -> 0 | O5: =SUMPRODUCT(SUMIFS('Total-corrected counts Z<2'!N:N,'Total-corrected counts Z<2'!$A:$A,$B18:$B20)) -> 0 | P5: =SUMPRODUCT(SUMIFS('Total-corrected counts Z<2'!O:O,'Total-corrected counts Z<2'!$A:$A,$B18:$B20)) -> 0 | Q5: =SUMPRODUCT(SUMIFS('Total-corrected counts Z<2'!P:P,'Total-corrected counts Z<2'!$A:$A,$B18:$B20)) -> 0 | R5: =SUMPRODUCT(SUMIFS('Total-corrected counts Z<2'!Q:Q,'Total-corrected counts Z<2'!$A:$A,$B18:$B20)) -> 0 | S5: =SUMPRODUCT(SUMIFS('Total-corrected counts Z<2'!R:R,'Total-corrected counts Z<2'!$A:$A,$B18:$B20)) -> 0 | T5: =SUMPRODUCT(SUMIFS('Total-corrected counts Z<2'!S:S,'Total-corrected counts Z<2'!$A:$A,$B18:$B20)) -> 0 | U5: =SUMPRODUCT(SUMIFS('Total-corrected counts Z<2'!T:T,'Total-corrected counts Z<2'!$A:$A,$B18:$B20)) -> 0 | V5: =SUMPRODUCT(SUMIFS('Total-corrected counts Z<2'!U:U,'Total-corrected counts Z<2'!$A:$A,$B18:$B20)) -> 0 | X5: =_xlfn.T.TEST(F5:N5,O5:V5,2,2) -> #NUM! | Y5: =AVERAGE(F5:N5) -> 0 | Z5: =AVERAGE(O5:V5) -> 0 | AA5: =STDEV(F5:N5)/SQRT(COUNT(F5:N5)) -> 0 | AB5: =STDEV(O5:V5)/SQRT(COUNT(O5:V5)) -> 0
A6: vCA1 | B6: 2382 | C6: Field CA1 ventral | D6: 37700 | E6: 2375 | F6: =SUMIFS('Total-corrected counts Z<2'!E:E,'Total-corrected counts Z<2'!$A:$A,'Activation map corrected Z<2'!$B6) -> 0 | G6: =SUMIFS('Total-corrected counts Z<2'!F:F,'Total-corrected counts Z<2'!$A:$A,'Activation map corrected Z<2'!$B6) -> 0 | H6: =SUMIFS('Total-corrected counts Z<2'!G:G,'Total-corrected counts Z<2'!$A:$A,'Activation map corrected Z<2'!$B6) -> 0 | I6: =SUMIFS('Total-corrected counts Z<2'!H:H,'Total-corrected counts Z<2'!$A:$A,'Activation map corrected Z<2'!$B6) -> 0 | J6: =SUMIFS('Total-corrected counts Z<2'!I:I,'Total-corrected counts Z<2'!$A:$A,'Activation map corrected Z<2'!$B6) -> 0 | K6: =SUMIFS('Total-corrected counts Z<2'!J:J,'Total-corrected counts Z<2'!$A:$A,'Activation map corrected Z<2'!$B6) -> 0 | L6: =SUMIFS('Total-corrected counts Z<2'!K:K,'Total-corrected counts Z<2'!$A:$A,'Activation map corrected Z<2'!$B6) -> 0 | M6: =SUMIFS('Total-corrected counts Z<2'!L:L,'Total-corrected counts Z<2'!$A:$A,'Activation map corrected Z<2'!$B6) -> 0 | N6: =SUMIFS('Total-corrected counts Z<2'!M:M,'Total-corrected counts Z<2'!$A:$A,'Activation map corrected Z<2'!$B6) -> 0 | O6: =SUMIFS('Total-corrected counts Z<2'!N:N,'Total-corrected counts Z<2'!$A:$A,'Activation map corrected Z<2'!$B6) -> 0 | P6: =SUMIFS('Total-corrected counts Z<2'!O:O,'Total-corrected counts Z<2'!$A:$A,'Activation map corrected Z<2'!$B6) -> 0 | Q6: =SUMIFS('Total-corrected counts Z<2'!P:P,'Total-corrected counts Z<2'!$A:$A,'Activation map corrected Z<2'!$B6) -> 0 | R6: =SUMIFS('Total-corrected counts Z<2'!Q:Q,'Total-corrected counts Z<2'!$A:$A,'Activation map corrected Z<2'!$B6) -> 0 | S6: =SUMIFS('Total-corrected counts Z<2'!R:R,'Total-corrected counts Z<2'!$A:$A,'Activation map corrected Z<2'!$B6) -> 0 | T6: =SUMIFS('Total-corrected counts Z<2'!S:S,'Total-corrected counts Z<2'!$A:$A,'Activation map corrected Z<2'!$B6) -> 0 | U6: =SUMIFS('Total-corrected counts Z<2'!T:T,'Total-corrected counts Z<2'!$A:$A,'Activation map corrected Z<2'!$B6) -> 0 | V6: =SUMIFS('Total-corrected counts Z<2'!U:U,'Total-corrected counts Z<2'!$A:$A,'Activation map corrected Z<2'!$B6) -> 0 | X6: =_xlfn.T.TEST(F6:N6,O6:V6,2,2) -> #NUM! | Y6: =AVERAGE(F6:N6) -> 0 | Z6: =AVERAGE(O6:V6) -> 0 | AA6: =STDEV(F6:N6)/SQRT(COUNT(F6:N6)) -> 0 | AB6: =STDEV(O6:V6)/SQRT(COUNT(O6:V6)) -> 0
A7: vCA3 | B7: 2463 | C7: Field CA3 ventral | D7: 38700 | E7: 2375 | F7: =SUMIFS('Total-corrected counts Z<2'!E:E,'Total-corrected counts Z<2'!$A:$A,'Activation map corrected Z<2'!$B7) -> 0 | G7: =SUMIFS('Total-corrected counts Z<2'!F:F,'Total-corrected counts Z<2'!$A:$A,'Activation map corrected Z<2'!$B7) -> 0 | H7: =SUMIFS('Total-corrected counts Z<2'!G:G,'Total-corrected counts Z<2'!$A:$A,'Activation map corrected Z<2'!$B7) -> 0 | I7: =SUMIFS('Total-corrected counts Z<2'!H:H,'Total-corrected counts Z<2'!$A:$A,'Activation map corrected Z<2'!$B7) -> 0 | J7: =SUMIFS('Total-corrected counts Z<2'!I:I,'Total-corrected counts Z<2'!$A:$A,'Activation map corrected Z<2'!$B7) -> 0 | K7: =SUMIFS('Total-corrected counts Z<2'!J:J,'Total-corrected counts Z<2'!$A:$A,'Activation map corrected Z<2'!$B7) -> 0 | L7: =SUMIFS('Total-corrected counts Z<2'!K:K,'Total-corrected counts Z<2'!$A:$A,'Activation map corrected Z<2'!$B7) -> 0 | M7: =SUMIFS('Total-corrected counts Z<2'!L:L,'Total-corrected counts Z<2'!$A:$A,'Activation map corrected Z<2'!$B7) -> 0 | N7: =SUMIFS('Total-corrected counts Z<2'!M:M,'Total-corrected counts Z<2'!$A:$A,'Activation map corrected Z<2'!$B7) -> 0 | O7: =SUMIFS('Total-corrected counts Z<2'!N:N,'Total-corrected counts Z<2'!$A:$A,'Activation map corrected Z<2'!$B7) -> 0 | P7: =SUMIFS('Total-corrected counts Z<2'!O:O,'Total-corrected counts Z<2'!$A:$A,'Activation map corrected Z<2'!$B7) -> 0 | Q7: =SUMIFS('Total-corrected counts Z<2'!P:P,'Total-corrected counts Z<2'!$A:$A,'Activation map corrected Z<2'!$B7) -> 0 | R7: =SUMIFS('Total-corrected counts Z<2'!Q:Q,'Total-corrected counts Z<2'!$A:$A,'Activation map corrected Z<2'!$B7) -> 0 | S7: =SUMIFS('Total-corrected counts Z<2'!R:R,'Total-corrected counts Z<2'!$A:$A,'Activation map corrected Z<2'!$B7) -> 0 | T7: =SUMIFS('Total-corrected counts Z<2'!S:S,'Total-corrected counts Z<2'!$A:$A,'Activation map corrected Z<2'!$B7) -> 0 | U7: =SUMIFS('Total-corrected counts Z<2'!T:T,'Total-corrected counts Z<2'!$A:$A,'Activation map corrected Z<2'!$B7) -> 0 | V7: =SUMIFS('Total-corrected counts Z<2'!U:U,'Total-corrected counts Z<2'!$A:$A,'Activation map corrected Z<2'!$B7) -> 0 | X7: =_xlfn.T.TEST(F7:N7,O7:V7,2,2) -> #NUM! | Y7: =AVERAGE(F7:N7) -> 0 | Z7: =AVERAGE(O7:V7) -> 0 | AA7: =STDEV(F7:N7)/SQRT(COUNT(F7:N7)) -> 0 | AB7: =STDEV(O7:V7)/SQRT(COUNT(O7:V7)) -> 0
A8: vDG | C8: Dentate gyrus ventral | E8: 2726 | F8: =SUMPRODUCT(SUMIFS('Total-corrected counts Z<2'!E:E,'Total-corrected counts Z<2'!$A:$A,$B21:$B23)) -> 0 | G8: =SUMPRODUCT(SUMIFS('Total-corrected counts Z<2'!F:F,'Total-corrected counts Z<2'!$A:$A,$B21:$B23)) -> 0 | H8: =SUMPRODUCT(SUMIFS('Total-corrected counts Z<2'!G:G,'Total-corrected counts Z<2'!$A:$A,$B21:$B23)) -> 0 | I8: =SUMPRODUCT(SUMIFS('Total-corrected counts Z<2'!H:H,'Total-corrected counts Z<2'!$A:$A,$B21:$B23)) -> 0 | J8: =SUMPRODUCT(SUMIFS('Total-corrected counts Z<2'!I:I,'Total-corrected counts Z<2'!$A:$A,$B21:$B23)) -> 0 | K8: =SUMPRODUCT(SUMIFS('Total-corrected counts Z<2'!J:J,'Total-corrected counts Z<2'!$A:$A,$B21:$B23)) -> 0 | L8: =SUMPRODUCT(SUMIFS('Total-corrected counts Z<2'!K:K,'Total-corrected counts Z<2'!$A:$A,$B21:$B23)) -> 0 | M8: =SUMPRODUCT(SUMIFS('Total-corrected counts Z<2'!L:L,'Total-corrected counts Z<2'!$A:$A,$B21:$B23)) -> 0 | N8: =SUMPRODUCT(SUMIFS('Total-corrected counts Z<2'!M:M,'Total-corrected counts Z<2'!$A:$A,$B21:$B23)) -> 0 | O8: =SUMPRODUCT(SUMIFS('Total-corrected counts Z<2'!N:N,'Total-corrected counts Z<2'!$A:$A,$B21:$B23)) -> 0 | P8: =SUMPRODUCT(SUMIFS('Total-corrected counts Z<2'!O:O,'Total-corrected counts Z<2'!$A:$A,$B21:$B23)) -> 0 | Q8: =SUMPRODUCT(SUMIFS('Total-corrected counts Z<2'!P:P,'Total-corrected counts Z<2'!$A:$A,$B21:$B23)) -> 0 | R8: =SUMPRODUCT(SUMIFS('Total-corrected counts Z<2'!Q:Q,'Total-corrected counts Z<2'!$A:$A,$B21:$B23)) -> 0 | S8: =SUMPRODUCT(SUMIFS('Total-corrected counts Z<2'!R:R,'Total-corrected counts Z<2'!$A:$A,$B21:$B23)) -> 0 | T8: =SUMPRODUCT(SUMIFS('Total-corrected counts Z<2'!S:S,'Total-corrected counts Z<2'!$A:$A,$B21:$B23)) -> 0 | U8: =SUMPRODUCT(SUMIFS('Total-corrected counts Z<2'!T:T,'Total-corrected counts Z<2'!$A:$A,$B21:$B23)) -> 0 | V8: =SUMPRODUCT(SUMIFS('Total-corrected counts Z<2'!U:U,'Total-corrected counts Z<2'!$A:$A,$B21:$B23)) -> 0 | X8: =_xlfn.T.TEST(F8:N8,O8:V8,2,2) -> #NUM! | Y8: =AVERAGE(F8:N8) -> 0 | Z8: =AVERAGE(O8:V8) -> 0 | AA8: =STDEV(F8:N8)/SQRT(COUNT(F8:N8)) -> 0 | AB8: =STDEV(O8:V8)/SQRT(COUNT(O8:V8)) -> 0
A9: RSP | C9: Retrosplenial area | F9: =SUMPRODUCT(SUMIFS('Total-corrected counts Z<2'!E:E,'Total-corrected counts Z<2'!$A:$A,$B24:$B40)) -> 0 | G9: =SUMPRODUCT(SUMIFS('Total-corrected counts Z<2'!F:F,'Total-corrected counts Z<2'!$A:$A,$B24:$B40)) -> 0 | H9: =SUMPRODUCT(SUMIFS('Total-corrected counts Z<2'!G:G,'Total-corrected counts Z<2'!$A:$A,$B24:$B40)) -> 0 | I9: =SUMPRODUCT(SUMIFS('Total-corrected counts Z<2'!H:H,'Total-corrected counts Z<2'!$A:$A,$B24:$B40)) -> 0 | J9: =SUMPRODUCT(SUMIFS('Total-corrected counts Z<2'!I:I,'Total-corrected counts Z<2'!$A:$A,$B24:$B40)) -> 0 | K9: =SUMPRODUCT(SUMIFS('Total-corrected counts Z<2'!J:J,'Total-corrected counts Z<2'!$A:$A,$B24:$B40)) -> 0 | L9: =SUMPRODUCT(SUMIFS('Total-corrected counts Z<2'!K:K,'Total-corrected counts Z<2'!$A:$A,$B24:$B40)) -> 0 | M9: =SUMPRODUCT(SUMIFS('Total-corrected counts Z<2'!L:L,'Total-corrected counts Z<2'!$A:$A,$B24:$B40)) -> 0 | N9: =SUMPRODUCT(SUMIFS('Total-corrected counts Z<2'!M:M,'Total-corrected counts Z<2'!$A:$A,$B24:$B40)) -> 0 | O9: =SUMPRODUCT(SUMIFS('Total-corrected counts Z<2'!N:N,'Total-corrected counts Z<2'!$A:$A,$B24:$B40)) -> 0 | P9: =SUMPRODUCT(SUMIFS('Total-corrected counts Z<2'!O:O,'Total-corrected counts Z<2'!$A:$A,$B24:$B40)) -> 0 | Q9: =SUMPRODUCT(SUMIFS('Total-corrected counts Z<2'!P:P,'Total-corrected counts Z<2'!$A:$A,$B24:$B40)) -> 0 | R9: =SUMPRODUCT(SUMIFS('Total-corrected counts Z<2'!Q:Q,'Total-corrected counts Z<2'!$A:$A,$B24:$B40)) -> 0 | S9: =SUMPRODUCT(SUMIFS('Total-corrected counts Z<2'!R:R,'Total-corrected counts Z<2'!$A:$A,$B24:$B40)) -> 0 | T9: =SUMPRODUCT(SUMIFS('Total-corrected counts Z<2'!S:S,'Total-corrected counts Z<2'!$A:$A,$B24:$B40)) -> 0 | U9: =SUMPRODUCT(SUMIFS('Total-corrected counts Z<2'!T:T,'Total-corrected counts Z<2'!$A:$A,$B24:$B40)) -> 0 | V9: =SUMPRODUCT(SUMIFS('Total-corrected counts Z<2'!U:U,'Total-corrected counts Z<2'!$A:$A,$B24:$B40)) -> 0 | X9: =_xlfn.T.TEST(F9:N9,O9:V9,2,2) -> #NUM! | Y9: =AVERAGE(F9:N9) -> 0 | Z9: =AVERAGE(O9:V9) -> 0 | AA9: =STDEV(F9:N9)/SQRT(COUNT(F9:N9)) -> 0 | AB9: =STDEV(O9:V9)/SQRT(COUNT(O9:V9)) -> 0
A10: ACC | C10: Anterior cingulate area | F10: =SUMPRODUCT(SUMIFS('Total-corrected counts Z<2'!E:E,'Total-corrected counts Z<2'!$A:$A,$B41:$B50)) -> 0 | G10: =SUMPRODUCT(SUMIFS('Total-corrected counts Z<2'!F:F,'Total-corrected counts Z<2'!$A:$A,$B41:$B50)) -> 0 | H10: =SUMPRODUCT(SUMIFS('Total-corrected counts Z<2'!G:G,'Total-corrected counts Z<2'!$A:$A,$B41:$B50)) -> 0 | I10: =SUMPRODUCT(SUMIFS('Total-corrected counts Z<2'!H:H,'Total-corrected counts Z<2'!$A:$A,$B41:$B50)) -> 0 | J10: =SUMPRODUCT(SUMIFS('Total-corrected counts Z<2'!I:I,'Total-corrected counts Z<2'!$A:$A,$B41:$B50)) -> 0 | K10: =SUMPRODUCT(SUMIFS('Total-corrected counts Z<2'!J:J,'Total-corrected counts Z<2'!$A:$A,$B41:$B50)) -> 0 | L10: =SUMPRODUCT(SUMIFS('Total-corrected counts Z<2'!K:K,'Total-corrected counts Z<2'!$A:$A,$B41:$B50)) -> 0 | M10: =SUMPRODUCT(SUMIFS('Total-corrected counts Z<2'!L:L,'Total-corrected counts Z<2'!$A:$A,$B41:$B50)) -> 0 | N10: =SUMPRODUCT(SUMIFS('Total-corrected counts Z<2'!M:M,'Total-corrected counts Z<2'!$A:$A,$B41:$B50)) -> 0 | O10: =SUMPRODUCT(SUMIFS('Total-corrected counts Z<2'!N:N,'Total-corrected counts Z<2'!$A:$A,$B41:$B50)) -> 0 | P10: =SUMPRODUCT(SUMIFS('Total-corrected counts Z<2'!O:O,'Total-corrected counts Z<2'!$A:$A,$B41:$B50)) -> 0 | Q10: =SUMPRODUCT(SUMIFS('Total-corrected counts Z<2'!P:P,'Total-corrected counts Z<2'!$A:$A,$B41:$B50)) -> 0 | R10: =SUMPRODUCT(SUMIFS('Total-corrected counts Z<2'!Q:Q,'Total-corrected counts Z<2'!$A:$A,$B41:$B50)) -> 0 | S10: =SUMPRODUCT(SUMIFS('Total-corrected counts Z<2'!R:R,'Total-corrected counts Z<2'!$A:$A,$B41:$B50)) -> 0 | T10: =SUMPRODUCT(SUMIFS('Total-corrected counts Z<2'!S:S,'Total-corrected counts Z<2'!$A:$A,$B41:$B50)) -> 0 | U10: =SUMPRODUCT(SUMIFS('Total-corrected counts Z<2'!T:T,'Total-corrected counts Z<2'!$A:$A,$B41:$B50)) -> 0 | V10: =SUMPRODUCT(SUMIFS('Total-corrected counts Z<2'!U:U,'Total-corrected counts Z<2'!$A:$A,$B41:$B50)) -> 0 | X10: =_xlfn.T.TEST(F10:N10,O10:V10,2,2) -> #NUM! | Y10: =AVERAGE(F10:N10) -> 0 | Z10: =AVERAGE(O10:V10) -> 0 | AA10: =STDEV(F10:N10)/SQRT(COUNT(F10:N10)) -> 0 | AB10: =STDEV(O10:V10)/SQRT(COUNT(O10:V10)) -> 0
A11: PL | C11: Prelimbic area | E11: 972 | F11: =SUMPRODUCT(SUMIFS('Total-corrected counts Z<2'!E:E,'Total-corrected counts Z<2'!$A:$A,$B51:$B55)) -> 0 | G11: =SUMPRODUCT(SUMIFS('Total-corrected counts Z<2'!F:F,'Total-corrected counts Z<2'!$A:$A,$B51:$B55)) -> 0 | H11: =SUMPRODUCT(SUMIFS('Total-corrected counts Z<2'!G:G,'Total-corrected counts Z<2'!$A:$A,$B51:$B55)) -> 0 | I11: =SUMPRODUCT(SUMIFS('Total-corrected counts Z<2'!H:H,'Total-corrected counts Z<2'!$A:$A,$B51:$B55)) -> 0 | J11: =SUMPRODUCT(SUMIFS('Total-corrected counts Z<2'!I:I,'Total-corrected counts Z<2'!$A:$A,$B51:$B55)) -> 0 | K11: =SUMPRODUCT(SUMIFS('Total-corrected counts Z<2'!J:J,'Total-corrected counts Z<2'!$A:$A,$B51:$B55)) -> 0 | L11: =SUMPRODUCT(SUMIFS('Total-corrected counts Z<2'!K:K,'Total-corrected counts Z<2'!$A:$A,$B51:$B55)) -> 0 | M11: =SUMPRODUCT(SUMIFS('Total-corrected counts Z<2'!L:L,'Total-corrected counts Z<2'!$A:$A,$B51:$B55)) -> 0 | N11: =SUMPRODUCT(SUMIFS('Total-corrected counts Z<2'!M:M,'Total-corrected counts Z<2'!$A:$A,$B51:$B55)) -> 0 | O11: =SUMPRODUCT(SUMIFS('Total-corrected counts Z<2'!N:N,'Total-corrected counts Z<2'!$A:$A,$B51:$B55)) -> 0 | P11: =SUMPRODUCT(SUMIFS('Total-corrected counts Z<2'!O:O,'Total-corrected counts Z<2'!$A:$A,$B51:$B55)) -> 0 | Q11: =SUMPRODUCT(SUMIFS('Total-corrected counts Z<2'!P:P,'Total-corrected counts Z<2'!$A:$A,$B51:$B55)) -> 0 | R11: =SUMPRODUCT(SUMIFS('Total-corrected counts Z<2'!Q:Q,'Total-corrected counts Z<2'!$A:$A,$B51:$B55)) -> 0 | S11: =SUMPRODUCT(SUMIFS('Total-corrected counts Z<2'!R:R,'Total-corrected counts Z<2'!$A:$A,$B51:$B55)) -> 0 | T11: =SUMPRODUCT(SUMIFS('Total-corrected counts Z<2'!S:S,'Total-corrected counts Z<2'!$A:$A,$B51:$B55)) -> 0 | U11: =SUMPRODUCT(SUMIFS('Total-corrected counts Z<2'!T:T,'Total-corrected counts Z<2'!$A:$A,$B51:$B55)) -> 0 | V11: =SUMPRODUCT(SUMIFS('Total-corrected counts Z<2'!U:U,'Total-corrected counts Z<2'!$A:$A,$B51:$B55)) -> 0 | X11: =_xlfn.T.TEST(F11:N11,O11:V11,2,2) -> #NUM! | Y11: =AVERAGE(F11:N11) -> 0 | Z11: =AVERAGE(O11:V11) -> 0 | AA11: =STDEV(F11:N11)/SQRT(COUNT(F11:N11)) -> 0 | AB11: =STDEV(O11:V11)/SQRT(COUNT(O11:V11)) -> 0
A12: IL | C12: Infralimbic area | E12: 44 | F12: =SUMPRODUCT(SUMIFS('Total-corrected counts Z<2'!E:E,'Total-corrected counts Z<2'!$A:$A,$B56:$B60)) -> 0 | G12: =SUMPRODUCT(SUMIFS('Total-corrected counts Z<2'!F:F,'Total-corrected counts Z<2'!$A:$A,$B56:$B60)) -> 0 | H12: =SUMPRODUCT(SUMIFS('Total-corrected counts Z<2'!G:G,'Total-corrected counts Z<2'!$A:$A,$B56:$B60)) -> 0 | I12: =SUMPRODUCT(SUMIFS('Total-corrected counts Z<2'!H:H,'Total-corrected counts Z<2'!$A:$A,$B56:$B60)) -> 0 | J12: =SUMPRODUCT(SUMIFS('Total-corrected counts Z<2'!I:I,'Total-corrected counts Z<2'!$A:$A,$B56:$B60)) -> 0 | K12: =SUMPRODUCT(SUMIFS('Total-corrected counts Z<2'!J:J,'Total-corrected counts Z<2'!$A:$A,$B56:$B60)) -> 0 | L12: =SUMPRODUCT(SUMIFS('Total-corrected counts Z<2'!K:K,'Total-corrected counts Z<2'!$A:$A,$B56:$B60)) -> 0 | M12: =SUMPRODUCT(SUMIFS('Total-corrected counts Z<2'!L:L,'Total-corrected counts Z<2'!$A:$A,$B56:$B60)) -> 0 | N12: =SUMPRODUCT(SUMIFS('Total-corrected counts Z<2'!M:M,'Total-corrected counts Z<2'!$A:$A,$B56:$B60)) -> 0 | O12: =SUMPRODUCT(SUMIFS('Total-corrected counts Z<2'!N:N,'Total-corrected counts Z<2'!$A:$A,$B56:$B60)) -> 0 | P12: =SUMPRODUCT(SUMIFS('Total-corrected counts Z<2'!O:O,'Total-corrected counts Z<2'!$A:$A,$B56:$B60)) -> 0 | Q12: =SUMPRODUCT(SUMIFS('Total-corrected counts Z<2'!P:P,'Total-corrected counts Z<2'!$A:$A,$B56:$B60)) -> 0 | R12: =SUMPRODUCT(SUMIFS('Total-corrected counts Z<2'!Q:Q,'Total-corrected counts Z<2'!$A:$A,$B56:$B60)) -> 0 | S12: =SUMPRODUCT(SUMIFS('Total-corrected counts Z<2'!R:R,'Total-corrected counts Z<2'!$A:$A,$B56:$B60)) -> 0 | T12: =SUMPRODUCT(SUMIFS('Total-corrected counts Z<2'!S:S,'Total-corrected counts Z<2'!$A:$A,$B56:$B60)) -> 0 | U12: =SUMPRODUCT(SUMIFS('Total-corrected counts Z<2'!T:T,'Total-corrected counts Z<2'!$A:$A,$B56:$B60)) -> 0 | V12: =SUMPRODUCT(SUMIFS('Total-corrected counts Z<2'!U:U,'Total-corrected counts Z<2'!$A:$A,$B56:$B60)) -> 0 | X12: =_xlfn.T.TEST(F12:N12,O12:V12,2,2) -> #NUM! | Y12: =AVERAGE(F12:N12) -> 0 | Z12: =AVERAGE(O12:V12) -> 0 | AA12: =STDEV(F12:N12)/SQRT(COUNT(F12:N12)) -> 0 | AB12: =STDEV(O12:V12)/SQRT(COUNT(O12:V12)) -> 0
A13: CeA | B13: 536 | C13: Central amygdalar nucleus | D13: 50300 | E13: 278 | F13: =SUMIFS('Total-corrected counts Z<2'!E:E,'Total-corrected counts Z<2'!$A:$A,'Activation map corrected Z<2'!$B13) -> 0 | G13: =SUMIFS('Total-corrected counts Z<2'!F:F,'Total-corrected counts Z<2'!$A:$A,'Activation map corrected Z<2'!$B13) -> 0 | H13: =SUMIFS('Total-corrected counts Z<2'!G:G,'Total-corrected counts Z<2'!$A:$A,'Activation map corrected Z<2'!$B13) -> 0 | I13: =SUMIFS('Total-corrected counts Z<2'!H:H,'Total-corrected counts Z<2'!$A:$A,'Activation map corrected Z<2'!$B13) -> 0 | J13: =SUMIFS('Total-corrected counts Z<2'!I:I,'Total-corrected counts Z<2'!$A:$A,'Activation map corrected Z<2'!$B13) -> 0 | K13: =SUMIFS('Total-corrected counts Z<2'!J:J,'Total-corrected counts Z<2'!$A:$A,'Activation map corrected Z<2'!$B13) -> 0 | L13: =SUMIFS('Total-corrected counts Z<2'!K:K,'Total-corrected counts Z<2'!$A:$A,'Activation map corrected Z<2'!$B13) -> 0 | M13: =SUMIFS('Total-corrected counts Z<2'!L:L,'Total-corrected counts Z<2'!$A:$A,'Activation map corrected Z<2'!$B13) -> 0 | N13: =SUMIFS('Total-corrected counts Z<2'!M:M,'Total-corrected counts Z<2'!$A:$A,'Activation map corrected Z<2'!$B13) -> 0 | O13: =SUMIFS('Total-corrected counts Z<2'!N:N,'Total-corrected counts Z<2'!$A:$A,'Activation map corrected Z<2'!$B13) -> 0 | P13: =SUMIFS('Total-corrected counts Z<2'!O:O,'Total-corrected counts Z<2'!$A:$A,'Activation map corrected Z<2'!$B13) -> 0 | Q13: =SUMIFS('Total-corrected counts Z<2'!P:P,'Total-corrected counts Z<2'!$A:$A,'Activation map corrected Z<2'!$B13) -> 0 | R13: =SUMIFS('Total-corrected counts Z<2'!Q:Q,'Total-corrected counts Z<2'!$A:$A,'Activation map corrected Z<2'!$B13) -> 0 | S13: =SUMIFS('Total-corrected counts Z<2'!R:R,'Total-corrected counts Z<2'!$A:$A,'Activation map corrected Z<2'!$B13) -> 0 | T13: =SUMIFS('Total-corrected counts Z<2'!S:S,'Total-corrected counts Z<2'!$A:$A,'Activation map corrected Z<2'!$B13) -> 0 | U13: =SUMIFS('Total-corrected counts Z<2'!T:T,'Total-corrected counts Z<2'!$A:$A,'Activation map corrected Z<2'!$B13) -> 0 | V13: =SUMIFS('Total-corrected counts Z<2'!U:U,'Total-corrected counts Z<2'!$A:$A,'Activation map corrected Z<2'!$B13) -> 0 | X13: =_xlfn.T.TEST(F13:N13,O13:V13,2,2) -> #NUM! | Y13: =AVERAGE(F13:N13) -> 0 | Z13: =AVERAGE(O13:V13) -> 0 | AA13: =STDEV(F13:N13)/SQRT(COUNT(F13:N13)) -> 0 | AB13: =STDEV(O13:V13)/SQRT(COUNT(O13:V13)) -> 0
A14: BLA | C14: Basolateral amygdalar nucleus | E14: 295 | F14: =SUMPRODUCT(SUMIFS('Total-corrected counts Z<2'!E:E,'Total-corrected counts Z<2'!$A:$A,$B61:$B63)) -> 0 | G14: =SUMPRODUCT(SUMIFS('Total-corrected counts Z<2'!F:F,'Total-corrected counts Z<2'!$A:$A,$B61:$B63)) -> 0 | H14: =SUMPRODUCT(SUMIFS('Total-corrected counts Z<2'!G:G,'Total-corrected counts Z<2'!$A:$A,$B61:$B63)) -> 0 | I14: =SUMPRODUCT(SUMIFS('Total-corrected counts Z<2'!H:H,'Total-corrected counts Z<2'!$A:$A,$B61:$B63)) -> 0 | J14: =SUMPRODUCT(SUMIFS('Total-corrected counts Z<2'!I:I,'Total-corrected counts Z<2'!$A:$A,$B61:$B63)) -> 0 | K14: =SUMPRODUCT(SUMIFS('Total-corrected counts Z<2'!J:J,'Total-corrected counts Z<2'!$A:$A,$B61:$B63)) -> 0 | L14: =SUMPRODUCT(SUMIFS('Total-corrected counts Z<2'!K:K,'Total-corrected counts Z<2'!$A:$A,$B61:$B63)) -> 0 | M14: =SUMPRODUCT(SUMIFS('Total-corrected counts Z<2'!L:L,'Total-corrected counts Z<2'!$A:$A,$B61:$B63)) -> 0 | N14: =SUMPRODUCT(SUMIFS('Total-corrected counts Z<2'!M:M,'Total-corrected counts Z<2'!$A:$A,$B61:$B63)) -> 0 | O14: =SUMPRODUCT(SUMIFS('Total-corrected counts Z<2'!N:N,'Total-corrected counts Z<2'!$A:$A,$B61:$B63)) -> 0 | P14: =SUMPRODUCT(SUMIFS('Total-corrected counts Z<2'!O:O,'Total-corrected counts Z<2'!$A:$A,$B61:$B63)) -> 0 | Q14: =SUMPRODUCT(SUMIFS('Total-corrected counts Z<2'!P:P,'Total-corrected counts Z<2'!$A:$A,$B61:$B63)) -> 0 | R14: =SUMPRODUCT(SUMIFS('Total-corrected counts Z<2'!Q:Q,'Total-corrected counts Z<2'!$A:$A,$B61:$B63)) -> 0 | S14: =SUMPRODUCT(SUMIFS('Total-corrected counts Z<2'!R:R,'Total-corrected counts Z<2'!$A:$A,$B61:$B63)) -> 0 | T14: =SUMPRODUCT(SUMIFS('Total-corrected counts Z<2'!S:S,'Total-corrected counts Z<2'!$A:$A,$B61:$B63)) -> 0 | U14: =SUMPRODUCT(SUMIFS('Total-corrected counts Z<2'!T:T,'Total-corrected counts Z<2'!$A:$A,$B61:$B63)) -> 0 | V14: =SUMPRODUCT(SUMIFS('Total-corrected counts Z<2'!U:U,'Total-corrected counts Z<2'!$A:$A,$B61:$B63)) -> 0 | X14: =_xlfn.T.TEST(F14:N14,O14:V14,2,2) -> #NUM! | Y14: =AVERAGE(F14:N14) -> 0 | Z14: =AVERAGE(O14:V14) -> 0 | AA14: =STDEV(F14:N14)/SQRT(COUNT(F14:N14)) -> 0 | AB14: =STDEV(O14:V14)/SQRT(COUNT(O14:V14)) -> 0
A15: PVT | B15: 571 | C15: Paraventricular thalamic nucleus | D15: 67900 | E15: 856 | F15: =SUMIFS('Total-corrected counts Z<2'!E:E,'Total-corrected counts Z<2'!$A:$A,'Activation map corrected Z<2'!$B15) -> 0 | G15: =SUMIFS('Total-corrected counts Z<2'!F:F,'Total-corrected counts Z<2'!$A:$A,'Activation map corrected Z<2'!$B15) -> 0 | H15: =SUMIFS('Total-corrected counts Z<2'!G:G,'Total-corrected counts Z<2'!$A:$A,'Activation map corrected Z<2'!$B15) -> 0 | I15: =SUMIFS('Total-corrected counts Z<2'!H:H,'Total-corrected counts Z<2'!$A:$A,'Activation map corrected Z<2'!$B15) -> 0 | J15: =SUMIFS('Total-corrected counts Z<2'!I:I,'Total-corrected counts Z<2'!$A:$A,'Activation map corrected Z<2'!$B15) -> 0 | K15: =SUMIFS('Total-corrected counts Z<2'!J:J,'Total-corrected counts Z<2'!$A:$A,'Activation map corrected Z<2'!$B15) -> 0 | L15: =SUMIFS('Total-corrected counts Z<2'!K:K,'Total-corrected counts Z<2'!$A:$A,'Activation map corrected Z<2'!$B15) -> 0 | M15: =SUMIFS('Total-corrected counts Z<2'!L:L,'Total-corrected counts Z<2'!$A:$A,'Activation map corrected Z<2'!$B15) -> 0 | N15: =SUMIFS('Total-corrected counts Z<2'!M:M,'Total-corrected counts Z<2'!$A:$A,'Activation map corrected Z<2'!$B15) -> 0 | O15: =SUMIFS('Total-corrected counts Z<2'!N:N,'Total-corrected counts Z<2'!$A:$A,'Activation map corrected Z<2'!$B15) -> 0 | P15: =SUMIFS('Total-corrected counts Z<2'!O:O,'Total-corrected counts Z<2'!$A:$A,'Activation map corrected Z<2'!$B15) -> 0 | Q15: =SUMIFS('Total-corrected counts Z<2'!P:P,'Total-corrected counts Z<2'!$A:$A,'Activation map corrected Z<2'!$B15) -> 0 | R15: =SUMIFS('Total-corrected counts Z<2'!Q:Q,'Total-corrected counts Z<2'!$A:$A,'Activation map corrected Z<2'!$B15) -> 0 | S15: =SUMIFS('Total-corrected counts Z<2'!R:R,'Total-corrected counts Z<2'!$A:$A,'Activation map corrected Z<2'!$B15) -> 0 | T15: =SUMIFS('Total-corrected counts Z<2'!S:S,'Total-corrected counts Z<2'!$A:$A,'Activation map corrected Z<2'!$B15) -> 0 | U15: =SUMIFS('Total-corrected counts Z<2'!T:T,'Total-corrected counts Z<2'!$A:$A,'Activation map corrected Z<2'!$B15) -> 0 | V15: =SUMIFS('Total-corrected counts Z<2'!U:U,'Total-corrected counts Z<2'!$A:$A,'Activation map corrected Z<2'!$B15) -> 0 | X15: =_xlfn.T.TEST(F15:N15,O15:V15,2,2) -> #NUM! | Y15: =AVERAGE(F15:N15) -> 0 | Z15: =AVERAGE(O15:V15) -> 0 | AA15: =STDEV(F15:N15)/SQRT(COUNT(F15:N15)) -> 0 | AB15: =STDEV(O15:V15)/SQRT(COUNT(O15:V15)) -> 0
A16: Nre | B16: 181 | C16: Nucleus of reunions | D16: 174 | E16: 181 | F16: =SUMIFS('Total-corrected counts Z<2'!E:E,'Total-corrected counts Z<2'!$A:$A,'Activation map corrected Z<2'!$B16) -> 0 | G16: =SUMIFS('Total-corrected counts Z<2'!F:F,'Total-corrected counts Z<2'!$A:$A,'Activation map corrected Z<2'!$B16) -> 0 | H16: =SUMIFS('Total-corrected counts Z<2'!G:G,'Total-corrected counts Z<2'!$A:$A,'Activation map corrected Z<2'!$B16) -> 0 | I16: =SUMIFS('Total-corrected counts Z<2'!H:H,'Total-corrected counts Z<2'!$A:$A,'Activation map corrected Z<2'!$B16) -> 0 | J16: =SUMIFS('Total-corrected counts Z<2'!I:I,'Total-corrected counts Z<2'!$A:$A,'Activation map corrected Z<2'!$B16) -> 0 | K16: =SUMIFS('Total-corrected counts Z<2'!J:J,'Total-corrected counts Z<2'!$A:$A,'Activation map corrected Z<2'!$B16) -> 0 | L16: =SUMIFS('Total-corrected counts Z<2'!K:K,'Total-corrected counts Z<2'!$A:$A,'Activation map corrected Z<2'!$B16) -> 0 | M16: =SUMIFS('Total-corrected counts Z<2'!L:L,'Total-corrected counts Z<2'!$A:$A,'Activation map corrected Z<2'!$B16) -> 0 | N16: =SUMIFS('Total-corrected counts Z<2'!M:M,'Total-corrected counts Z<2'!$A:$A,'Activation map corrected Z<2'!$B16) -> 0 | O16: =SUMIFS('Total-corrected counts Z<2'!N:N,'Total-corrected counts Z<2'!$A:$A,'Activation map corrected Z<2'!$B16) -> 0 | P16: =SUMIFS('Total-corrected counts Z<2'!O:O,'Total-corrected counts Z<2'!$A:$A,'Activation map corrected Z<2'!$B16) -> 0 | Q16: =SUMIFS('Total-corrected counts Z<2'!P:P,'Total-corrected counts Z<2'!$A:$A,'Activation map corrected Z<2'!$B16) -> 0 | R16: =SUMIFS('Total-corrected counts Z<2'!Q:Q,'Total-corrected counts Z<2'!$A:$A,'Activation map corrected Z<2'!$B16) -> 0 | S16: =SUMIFS('Total-corrected counts Z<2'!R:R,'Total-corrected counts Z<2'!$A:$A,'Activation map corrected Z<2'!$B16) -> 0 | T16: =SUMIFS('Total-corrected counts Z<2'!S:S,'Total-corrected counts Z<2'!$A:$A,'Activation map corrected Z<2'!$B16) -> 0 | U16: =SUMIFS('Total-corrected counts Z<2'!T:T,'Total-corrected counts Z<2'!$A:$A,'Activation map corrected Z<2'!$B16) -> 0 | V16: =SUMIFS('Total-corrected counts Z<2'!U:U,'Total-corrected counts Z<2'!$A:$A,'Activation map corrected Z<2'!$B16) -> 0 | X16: =_xlfn.T.TEST(F16:N16,O16:V16,2,2) -> #NUM! | Y16: =AVERAGE(F16:N16) -> 0 | Z16: =AVERAGE(O16:V16) -> 0 | AA16: =STDEV(F16:N16)/SQRT(COUNT(F16:N16)) -> 0 | AB16: =STDEV(O16:V16)/SQRT(COUNT(O16:V16)) -> 0
B18: 632 | C18: Dentate gyrus, granule cell layer | D18: 39600 | E18: 726
B19: 10703 | C19: Dentate gyrus, molecular layer | D19: 39400 | E19: 726
B20: 10704 | C20: Dentate gyrus, polymorph layer | D20: 39500 | E20: 726
B21: 2632 | C21: Dentate gyrus, granule cell layer ventral | D21: 39600 | E21: 2726
B22: 12703 | C22: Dentate gyrus, molecular layer | D22: 39400 | E22: 2726
B23: 12704 | C23: Dentate gyrus, subgranular zone ventral | D23: 39700 | E23: 2726
B24: 894 | C24: Retrosplenial area, lateral agranular part | D24: 25300 | E24: 254
B25: 274 | C25: Retrosplenial area, dorsal part, layer 6a | D25: 26400 | E25: 879
B26: 330 | C26: Retrosplenial area, dorsal part, layer 6b | D26: 26500 | E26: 879
B27: 434 | C27: Retrosplenial area, dorsal part, layer 2/3 | D27: 26100 | E27: 879
B28: 442 | C28: Retrosplenial area, dorsal part, layer 1 | D28: 26000 | E28: 879
B29: 545 | C29: Retrosplenial area, dorsal part, layer 4 | D29: 26200 | E29: 879
... B63: 451 | C63: Basolateral amygdalar nucleus, ventral part | D63: 47400 | E63: 295

Sheet Brain networks corrected Z<2
E1: Group | F1: 0 | G1: 0 | H1: 0 | I1: 0 | J1: 0 | K1: 0 | L1: 0 | M1: 0 | N1: 0 | O1: 1 | P1: 1 | Q1: 1 | R1: 1 | S1: 1 | T1: 1 | U1: 1 | V1: 1
A2: region | B2: id | C2: name | D2: structure_order | E2: parent_id | F2: 124 | G2: 143 | H2: 146 | I2: 152 | J2: 170 | K2: 171 | L2: 175 | M2: 183 | N2: 200 | O2: 113 | P2: 172 | Q2: 177 | R2: 178 | S2: 179 | T2: 180 | U2: 184 | V2: 207 | X2: T-test | Y2: Gem 0 | Z2: Gem 1 | AA2: SEM 0 | AB2: SEM 1
A3: Salience network
A4: vDG | C4: Dentate gyrus | E4: 726 | F4: =SUMPRODUCT(SUMIFS('Total-corrected counts Z<2'!E:E,'Total-corrected counts Z<2'!$A:$A,$B29:$B31)) -> 0 | G4: =SUMPRODUCT(SUMIFS('Total-corrected counts Z<2'!F:F,'Total-corrected counts Z<2'!$A:$A,$B29:$B31)) -> 0 | H4: =SUMPRODUCT(SUMIFS('Total-corrected counts Z<2'!G:G,'Total-corrected counts Z<2'!$A:$A,$B29:$B31)) -> 0 | I4: =SUMPRODUCT(SUMIFS('Total-corrected counts Z<2'!H:H,'Total-corrected counts Z<2'!$A:$A,$B29:$B31)) -> 0 | J4: =SUMPRODUCT(SUMIFS('Total-corrected counts Z<2'!I:I,'Total-corrected counts Z<2'!$A:$A,$B29:$B31)) -> 0 | K4: =SUMPRODUCT(SUMIFS('Total-corrected counts Z<2'!J:J,'Total-corrected counts Z<2'!$A:$A,$B29:$B31)) -> 0 | L4: =SUMPRODUCT(SUMIFS('Total-corrected counts Z<2'!K:K,'Total-corrected counts Z<2'!$A:$A,$B29:$B31)) -> 0 | M4: =SUMPRODUCT(SUMIFS('Total-corrected counts Z<2'!L:L,'Total-corrected counts Z<2'!$A:$A,$B29:$B31)) -> 0 | N4: =SUMPRODUCT(SUMIFS('Total-corrected counts Z<2'!M:M,'Total-corrected counts Z<2'!$A:$A,$B29:$B31)) -> 0 | O4: =SUMPRODUCT(SUMIFS('Total-corrected counts Z<2'!N:N,'Total-corrected counts Z<2'!$A:$A,$B29:$B31)) -> 0 | P4: =SUMPRODUCT(SUMIFS('Total-corrected counts Z<2'!O:O,'Total-corrected counts Z<2'!$A:$A,$B29:$B31)) -> 0 | Q4: =SUMPRODUCT(SUMIFS('Total-corrected counts Z<2'!P:P,'Total-corrected counts Z<2'!$A:$A,$B29:$B31)) -> 0 | R4: =SUMPRODUCT(SUMIFS('Total-corrected counts Z<2'!Q:Q,'Total-corrected counts Z<2'!$A:$A,$B29:$B31)) -> 0 | S4: =SUMPRODUCT(SUMIFS('Total-corrected counts Z<2'!R:R,'Total-corrected counts Z<2'!$A:$A,$B29:$B31)) -> 0 | T4: =SUMPRODUCT(SUMIFS('Total-corrected counts Z<2'!S:S,'Total-corrected counts Z<2'!$A:$A,$B29:$B31)) -> 0 | U4: =SUMPRODUCT(SUMIFS('Total-corrected counts Z<2'!T:T,'Total-corrected counts Z<2'!$A:$A,$B29:$B31)) -> 0 | V4: =SUMPRODUCT(SUMIFS('Total-corrected counts Z<2'!U:U,'Total-corrected counts Z<2'!$A:$A,$B29:$B31)) -> 0 | X4: =_xlfn.T.TEST(F4:N4,O4:V4,2,2) -> #NUM! | Y4: =AVERAGE(F4:N4) -> 0 | Z4: =AVERAGE(O4:V4) -> 0 | AA4: =STDEV(F4:N4)/SQRT(COUNT(F4:N4)) -> 0 | AB4: =STDEV(O4:V4)/SQRT(COUNT(O4:V4)) -> 0
A5: vCA1 | B5: 2382 | C5: Field CA1 ventral | D5: 37700 | E5: 2375 | F5: =SUMIFS('Total-corrected counts Z<2'!E:E,'Total-corrected counts Z<2'!$A:$A,'Brain networks corrected Z<2'!$B5) -> 0 | G5: =SUMIFS('Total-corrected counts Z<2'!F:F,'Total-corrected counts Z<2'!$A:$A,'Brain networks corrected Z<2'!$B5) -> 0 | H5: =SUMIFS('Total-corrected counts Z<2'!G:G,'Total-corrected counts Z<2'!$A:$A,'Brain networks corrected Z<2'!$B5) -> 0 | I5: =SUMIFS('Total-corrected counts Z<2'!H:H,'Total-corrected counts Z<2'!$A:$A,'Brain networks corrected Z<2'!$B5) -> 0 | J5: =SUMIFS('Total-corrected counts Z<2'!I:I,'Total-corrected counts Z<2'!$A:$A,'Brain networks corrected Z<2'!$B5) -> 0 | K5: =SUMIFS('Total-corrected counts Z<2'!J:J,'Total-corrected counts Z<2'!$A:$A,'Brain networks corrected Z<2'!$B5) -> 0 | L5: =SUMIFS('Total-corrected counts Z<2'!K:K,'Total-corrected counts Z<2'!$A:$A,'Brain networks corrected Z<2'!$B5) -> 0 | M5: =SUMIFS('Total-corrected counts Z<2'!L:L,'Total-corrected counts Z<2'!$A:$A,'Brain networks corrected Z<2'!$B5) -> 0 | N5: =SUMIFS('Total-corrected counts Z<2'!M:M,'Total-corrected counts Z<2'!$A:$A,'Brain networks corrected Z<2'!$B5) -> 0 | O5: =SUMIFS('Total-corrected counts Z<2'!N:N,'Total-corrected counts Z<2'!$A:$A,'Brain networks corrected Z<2'!$B5) -> 0 | P5: =SUMIFS('Total-corrected counts Z<2'!O:O,'Total-corrected counts Z<2'!$A:$A,'Brain networks corrected Z<2'!$B5) -> 0 | Q5: =SUMIFS('Total-corrected counts Z<2'!P:P,'Total-corrected counts Z<2'!$A:$A,'Brain networks corrected Z<2'!$B5) -> 0 | R5: =SUMIFS('Total-corrected counts Z<2'!Q:Q,'Total-corrected counts Z<2'!$A:$A,'Brain networks corrected Z<2'!$B5) -> 0 | S5: =SUMIFS('Total-corrected counts Z<2'!R:R,'Total-corrected counts Z<2'!$A:$A,'Brain networks corrected Z<2'!$B5) -> 0 | T5: =SUMIFS('Total-corrected counts Z<2'!S:S,'Total-corrected counts Z<2'!$A:$A,'Brain networks corrected Z<2'!$B5) -> 0 | U5: =SUMIFS('Total-corrected counts Z<2'!T:T,'Total-corrected counts Z<2'!$A:$A,'Brain networks corrected Z<2'!$B5) -> 0 | V5: =SUMIFS('Total-corrected counts Z<2'!U:U,'Total-corrected counts Z<2'!$A:$A,'Brain networks corrected Z<2'!$B5) -> 0 | X5: =_xlfn.T.TEST(F5:N5,O5:V5,2,2) -> #NUM! | Y5: =AVERAGE(F5:N5) -> 0 | Z5: =AVERAGE(O5:V5) -> 0 | AA5: =STDEV(F5:N5)/SQRT(COUNT(F5:N5)) -> 0 | AB5: =STDEV(O5:V5)/SQRT(COUNT(O5:V5)) -> 0
A6: vCA3 | B6: 2463 | C6: Field CA3 ventral | D6: 38700 | E6: 2375 | F6: =SUMIFS('Total-corrected counts Z<2'!E:E,'Total-corrected counts Z<2'!$A:$A,'Brain networks corrected Z<2'!$B6) -> 0 | G6: =SUMIFS('Total-corrected counts Z<2'!F:F,'Total-corrected counts Z<2'!$A:$A,'Brain networks corrected Z<2'!$B6) -> 0 | H6: =SUMIFS('Total-corrected counts Z<2'!G:G,'Total-corrected counts Z<2'!$A:$A,'Brain networks corrected Z<2'!$B6) -> 0 | I6: =SUMIFS('Total-corrected counts Z<2'!H:H,'Total-corrected counts Z<2'!$A:$A,'Brain networks corrected Z<2'!$B6) -> 0 | J6: =SUMIFS('Total-corrected counts Z<2'!I:I,'Total-corrected counts Z<2'!$A:$A,'Brain networks corrected Z<2'!$B6) -> 0 | K6: =SUMIFS('Total-corrected counts Z<2'!J:J,'Total-corrected counts Z<2'!$A:$A,'Brain networks corrected Z<2'!$B6) -> 0 | L6: =SUMIFS('Total-corrected counts Z<2'!K:K,'Total-corrected counts Z<2'!$A:$A,'Brain networks corrected Z<2'!$B6) -> 0 | M6: =SUMIFS('Total-corrected counts Z<2'!L:L,'Total-corrected counts Z<2'!$A:$A,'Brain networks corrected Z<2'!$B6) -> 0 | N6: =SUMIFS('Total-corrected counts Z<2'!M:M,'Total-corrected counts Z<2'!$A:$A,'Brain networks corrected Z<2'!$B6) -> 0 | O6: =SUMIFS('Total-corrected counts Z<2'!N:N,'Total-corrected counts Z<2'!$A:$A,'Brain networks corrected Z<2'!$B6) -> 0 | P6: =SUMIFS('Total-corrected counts Z<2'!O:O,'Total-corrected counts Z<2'!$A:$A,'Brain networks corrected Z<2'!$B6) -> 0 | Q6: =SUMIFS('Total-corrected counts Z<2'!P:P,'Total-corrected counts Z<2'!$A:$A,'Brain networks corrected Z<2'!$B6) -> 0 | R6: =SUMIFS('Total-corrected counts Z<2'!Q:Q,'Total-corrected counts Z<2'!$A:$A,'Brain networks corrected Z<2'!$B6) -> 0 | S6: =SUMIFS('Total-corrected counts Z<2'!R:R,'Total-corrected counts Z<2'!$A:$A,'Brain networks corrected Z<2'!$B6) -> 0 | T6: =SUMIFS('Total-corrected counts Z<2'!S:S,'Total-corrected counts Z<2'!$A:$A,'Brain networks corrected Z<2'!$B6) -> 0 | U6: =SUMIFS('Total-corrected counts Z<2'!T:T,'Total-corrected counts Z<2'!$A:$A,'Brain networks corrected Z<2'!$B6) -> 0 | V6: =SUMIFS('Total-corrected counts Z<2'!U:U,'Total-corrected counts Z<2'!$A:$A,'Brain networks corrected Z<2'!$B6) -> 0 | X6: =_xlfn.T.TEST(F6:N6,O6:V6,2,2) -> #NUM! | Y6: =AVERAGE(F6:N6) -> 0 | Z6: =AVERAGE(O6:V6) -> 0 | AA6: =STDEV(F6:N6)/SQRT(COUNT(F6:N6)) -> 0 | AB6: =STDEV(O6:V6)/SQRT(COUNT(O6:V6)) -> 0
A7: Amy | C7: Amygdala | F7: =SUMPRODUCT(SUMIFS('Total-corrected counts Z<2'!E:E,'Total-corrected counts Z<2'!$A:$A,$B62:$B76)) -> 0 | G7: =SUMPRODUCT(SUMIFS('Total-corrected counts Z<2'!F:F,'Total-corrected counts Z<2'!$A:$A,$B62:$B76)) -> 0 | H7: =SUMPRODUCT(SUMIFS('Total-corrected counts Z<2'!G:G,'Total-corrected counts Z<2'!$A:$A,$B62:$B76)) -> 0 | I7: =SUMPRODUCT(SUMIFS('Total-corrected counts Z<2'!H:H,'Total-corrected counts Z<2'!$A:$A,$B62:$B76)) -> 0 | J7: =SUMPRODUCT(SUMIFS('Total-corrected counts Z<2'!I:I,'Total-corrected counts Z<2'!$A:$A,$B62:$B76)) -> 0 | K7: =SUMPRODUCT(SUMIFS('Total-corrected counts Z<2'!J:J,'Total-corrected counts Z<2'!$A:$A,$B62:$B76)) -> 0 | L7: =SUMPRODUCT(SUMIFS('Total-corrected counts Z<2'!K:K,'Total-corrected counts Z<2'!$A:$A,$B62:$B76)) -> 0 | M7: =SUMPRODUCT(SUMIFS('Total-corrected counts Z<2'!L:L,'Total-corrected counts Z<2'!$A:$A,$B62:$B76)) -> 0 | N7: =SUMPRODUCT(SUMIFS('Total-corrected counts Z<2'!M:M,'Total-corrected counts Z<2'!$A:$A,$B62:$B76)) -> 0 | O7: =SUMPRODUCT(SUMIFS('Total-corrected counts Z<2'!N:N,'Total-corrected counts Z<2'!$A:$A,$B62:$B76)) -> 0 | P7: =SUMPRODUCT(SUMIFS('Total-corrected counts Z<2'!O:O,'Total-corrected counts Z<2'!$A:$A,$B62:$B76)) -> 0 | Q7: =SUMPRODUCT(SUMIFS('Total-corrected counts Z<2'!P:P,'Total-corrected counts Z<2'!$A:$A,$B62:$B76)) -> 0 | R7: =SUMPRODUCT(SUMIFS('Total-corrected counts Z<2'!Q:Q,'Total-corrected counts Z<2'!$A:$A,$B62:$B76)) -> 0 | S7: =SUMPRODUCT(SUMIFS('Total-corrected counts Z<2'!R:R,'Total-corrected counts Z<2'!$A:$A,$B62:$B76)) -> 0 | T7: =SUMPRODUCT(SUMIFS('Total-corrected counts Z<2'!S:S,'Total-corrected counts Z<2'!$A:$A,$B62:$B76)) -> 0 | U7: =SUMPRODUCT(SUMIFS('Total-corrected counts Z<2'!T:T,'Total-corrected counts Z<2'!$A:$A,$B62:$B76)) -> 0 | V7: =SUMPRODUCT(SUMIFS('Total-corrected counts Z<2'!U:U,'Total-corrected counts Z<2'!$A:$A,$B62:$B76)) -> 0 | X7: =_xlfn.T.TEST(F7:N7,O7:V7,2,2) -> #NUM! | Y7: =AVERAGE(F7:N7) -> 0 | Z7: =AVERAGE(O7:V7) -> 0 | AA7: =STDEV(F7:N7)/SQRT(COUNT(F7:N7)) -> 0 | AB7: =STDEV(O7:V7)/SQRT(COUNT(O7:V7)) -> 0
A8: AI | C8: Anterior Insula | F8: =SUMPRODUCT(SUMIFS('Total-corrected counts Z<2'!E:E,'Total-corrected counts Z<2'!$A:$A,$B77:$B91)) -> 0 | G8: =SUMPRODUCT(SUMIFS('Total-corrected counts Z<2'!F:F,'Total-corrected counts Z<2'!$A:$A,$B77:$B91)) -> 0 | H8: =SUMPRODUCT(SUMIFS('Total-corrected counts Z<2'!G:G,'Total-corrected counts Z<2'!$A:$A,$B77:$B91)) -> 0 | I8: =SUMPRODUCT(SUMIFS('Total-corrected counts Z<2'!H:H,'Total-corrected counts Z<2'!$A:$A,$B77:$B91)) -> 0 | J8: =SUMPRODUCT(SUMIFS('Total-corrected counts Z<2'!I:I,'Total-corrected counts Z<2'!$A:$A,$B77:$B91)) -> 0 | K8: =SUMPRODUCT(SUMIFS('Total-corrected counts Z<2'!J:J,'Total-corrected counts Z<2'!$A:$A,$B77:$B91)) -> 0 | L8: =SUMPRODUCT(SUMIFS('Total-corrected counts Z<2'!K:K,'Total-corrected counts Z<2'!$A:$A,$B77:$B91)) -> 0 | M8: =SUMPRODUCT(SUMIFS('Total-corrected counts Z<2'!L:L,'Total-corrected counts Z<2'!$A:$A,$B77:$B91)) -> 0 | N8: =SUMPRODUCT(SUMIFS('Total-corrected counts Z<2'!M:M,'Total-corrected counts Z<2'!$A:$A,$B77:$B91)) -> 0 | O8: =SUMPRODUCT(SUMIFS('Total-corrected counts Z<2'!N:N,'Total-corrected counts Z<2'!$A:$A,$B77:$B91)) -> 0 | P8: =SUMPRODUCT(SUMIFS('Total-corrected counts Z<2'!O:O,'Total-corrected counts Z<2'!$A:$A,$B77:$B91)) -> 0 | Q8: =SUMPRODUCT(SUMIFS('Total-corrected counts Z<2'!P:P,'Total-corrected counts Z<2'!$A:$A,$B77:$B91)) -> 0 | R8: =SUMPRODUCT(SUMIFS('Total-corrected counts Z<2'!Q:Q,'Total-corrected counts Z<2'!$A:$A,$B77:$B91)) -> 0 | S8: =SUMPRODUCT(SUMIFS('Total-corrected counts Z<2'!R:R,'Total-corrected counts Z<2'!$A:$A,$B77:$B91)) -> 0 | T8: =SUMPRODUCT(SUMIFS('Total-corrected counts Z<2'!S:S,'Total-corrected counts Z<2'!$A:$A,$B77:$B91)) -> 0 | U8: =SUMPRODUCT(SUMIFS('Total-corrected counts Z<2'!T:T,'Total-corrected counts Z<2'!$A:$A,$B77:$B91)) -> 0 | V8: =SUMPRODUCT(SUMIFS('Total-corrected counts Z<2'!U:U,'Total-corrected counts Z<2'!$A:$A,$B77:$B91)) -> 0 | X8: =_xlfn.T.TEST(F8:N8,O8:V8,2,2) -> #NUM! | Y8: =AVERAGE(F8:N8) -> 0 | Z8: =AVERAGE(O8:V8) -> 0 | AA8: =STDEV(F8:N8)/SQRT(COUNT(F8:N8)) -> 0 | AB8: =STDEV(O8:V8)/SQRT(COUNT(O8:V8)) -> 0
A9: CPu | B9: 672 | C9: Caudoputamen | D9: 48200 | E9: 485 | F9: =SUMIFS('Total-corrected counts Z<2'!E:E,'Total-corrected counts Z<2'!$A:$A,'Brain networks corrected Z<2'!$B9) -> 0 | G9: =SUMIFS('Total-corrected counts Z<2'!F:F,'Total-corrected counts Z<2'!$A:$A,'Brain networks corrected Z<2'!$B9) -> 0 | H9: =SUMIFS('Total-corrected counts Z<2'!G:G,'Total-corrected counts Z<2'!$A:$A,'Brain networks corrected Z<2'!$B9) -> 0 | I9: =SUMIFS('Total-corrected counts Z<2'!H:H,'Total-corrected counts Z<2'!$A:$A,'Brain networks corrected Z<2'!$B9) -> 0 | J9: =SUMIFS('Total-corrected counts Z<2'!I:I,'Total-corrected counts Z<2'!$A:$A,'Brain networks corrected Z<2'!$B9) -> 0 | K9: =SUMIFS('Total-corrected counts Z<2'!J:J,'Total-corrected counts Z<2'!$A:$A,'Brain networks corrected Z<2'!$B9) -> 0 | L9: =SUMIFS('Total-corrected counts Z<2'!K:K,'Total-corrected counts Z<2'!$A:$A,'Brain networks corrected Z<2'!$B9) -> 0 | M9: =SUMIFS('Total-corrected counts Z<2'!L:L,'Total-corrected counts Z<2'!$A:$A,'Brain networks corrected Z<2'!$B9) -> 0 | N9: =SUMIFS('Total-corrected counts Z<2'!M:M,'Total-corrected counts Z<2'!$A:$A,'Brain networks corrected Z<2'!$B9) -> 0 | O9: =SUMIFS('Total-corrected counts Z<2'!N:N,'Total-corrected counts Z<2'!$A:$A,'Brain networks corrected Z<2'!$B9) -> 0 | P9: =SUMIFS('Total-corrected counts Z<2'!O:O,'Total-corrected counts Z<2'!$A:$A,'Brain networks corrected Z<2'!$B9) -> 0 | Q9: =SUMIFS('Total-corrected counts Z<2'!P:P,'Total-corrected counts Z<2'!$A:$A,'Brain networks corrected Z<2'!$B9) -> 0 | R9: =SUMIFS('Total-corrected counts Z<2'!Q:Q,'Total-corrected counts Z<2'!$A:$A,'Brain networks corrected Z<2'!$B9) -> 0 | S9: =SUMIFS('Total-corrected counts Z<2'!R:R,'Total-corrected counts Z<2'!$A:$A,'Brain networks corrected Z<2'!$B9) -> 0 | T9: =SUMIFS('Total-corrected counts Z<2'!S:S,'Total-corrected counts Z<2'!$A:$A,'Brain networks corrected Z<2'!$B9) -> 0 | U9: =SUMIFS('Total-corrected counts Z<2'!T:T,'Total-corrected counts Z<2'!$A:$A,'Brain networks corrected Z<2'!$B9) -> 0 | V9: =SUMIFS('Total-corrected counts Z<2'!U:U,'Total-corrected counts Z<2'!$A:$A,'Brain networks corrected Z<2'!$B9) -> 0 | X9: =_xlfn.T.TEST(F9:N9,O9:V9,2,2) -> #NUM! | Y9: =AVERAGE(F9:N9) -> 0 | Z9: =AVERAGE(O9:V9) -> 0 | AA9: =STDEV(F9:N9)/SQRT(COUNT(F9:N9)) -> 0 | AB9: =STDEV(O9:V9)/SQRT(COUNT(O9:V9)) -> 0
A10: NAc | B10: 56 | C10: Nucleus accumbens | D10: 48400 | E10: 493 | F10: =SUMIFS('Total-corrected counts Z<2'!E:E,'Total-corrected counts Z<2'!$A:$A,'Brain networks corrected Z<2'!$B10) -> 0 | G10: =SUMIFS('Total-corrected counts Z<2'!F:F,'Total-corrected counts Z<2'!$A:$A,'Brain networks corrected Z<2'!$B10) -> 0 | H10: =SUMIFS('Total-corrected counts Z<2'!G:G,'Total-corrected counts Z<2'!$A:$A,'Brain networks corrected Z<2'!$B10) -> 0 | I10: =SUMIFS('Total-corrected counts Z<2'!H:H,'Total-corrected counts Z<2'!$A:$A,'Brain networks corrected Z<2'!$B10) -> 0 | J10: =SUMIFS('Total-corrected counts Z<2'!I:I,'Total-corrected counts Z<2'!$A:$A,'Brain networks corrected Z<2'!$B10) -> 0 | K10: =SUMIFS('Total-corrected counts Z<2'!J:J,'Total-corrected counts Z<2'!$A:$A,'Brain networks corrected Z<2'!$B10) -> 0 | L10: =SUMIFS('Total-corrected counts Z<2'!K:K,'Total-corrected counts Z<2'!$A:$A,'Brain networks corrected Z<2'!$B10) -> 0 | M10: =SUMIFS('Total-corrected counts Z<2'!L:L,'Total-corrected counts Z<2'!$A:$A,'Brain networks corrected Z<2'!$B10) -> 0 | N10: =SUMIFS('Total-corrected counts Z<2'!M:M,'Total-corrected counts Z<2'!$A:$A,'Brain networks corrected Z<2'!$B10) -> 0 | O10: =SUMIFS('Total-corrected counts Z<2'!N:N,'Total-corrected counts Z<2'!$A:$A,'Brain networks corrected Z<2'!$B10) -> 0 | P10: =SUMIFS('Total-corrected counts Z<2'!O:O,'Total-corrected counts Z<2'!$A:$A,'Brain networks corrected Z<2'!$B10) -> 0 | Q10: =SUMIFS('Total-corrected counts Z<2'!P:P,'Total-corrected counts Z<2'!$A:$A,'Brain networks corrected Z<2'!$B10) -> 0 | R10: =SUMIFS('Total-corrected counts Z<2'!Q:Q,'Total-corrected counts Z<2'!$A:$A,'Brain networks corrected Z<2'!$B10) -> 0 | S10: =SUMIFS('Total-corrected counts Z<2'!R:R,'Total-corrected counts Z<2'!$A:$A,'Brain networks corrected Z<2'!$B10) -> 0 | T10: =SUMIFS('Total-corrected counts Z<2'!S:S,'Total-corrected counts Z<2'!$A:$A,'Brain networks corrected Z<2'!$B10) -> 0 | U10: =SUMIFS('Total-corrected counts Z<2'!T:T,'Total-corrected counts Z<2'!$A:$A,'Brain networks corrected Z<2'!$B10) -> 0 | V10: =SUMIFS('Total-corrected counts Z<2'!U:U,'Total-corrected counts Z<2'!$A:$A,'Brain networks corrected Z<2'!$B10) -> 0 | X10: =_xlfn.T.TEST(F10:N10,O10:V10,2,2) -> #NUM! | Y10: =AVERAGE(F10:N10) -> 0 | Z10: =AVERAGE(O10:V10) -> 0 | AA10: =STDEV(F10:N10)/SQRT(COUNT(F10:N10)) -> 0 | AB10: =STDEV(O10:V10)/SQRT(COUNT(O10:V10)) -> 0
A11: BNST | B11: 351 | C11: Bed nuclei of the stria terminalis | D11: 52900 | E11: 809 | F11: =SUMIFS('Total-corrected counts Z<2'!E:E,'Total-corrected counts Z<2'!$A:$A,'Brain networks corrected Z<2'!$B11) -> 0 | G11: =SUMIFS('Total-corrected counts Z<2'!F:F,'Total-corrected counts Z<2'!$A:$A,'Brain networks corrected Z<2'!$B11) -> 0 | H11: =SUMIFS('Total-corrected counts Z<2'!G:G,'Total-corrected counts Z<2'!$A:$A,'Brain networks corrected Z<2'!$B11) -> 0 | I11: =SUMIFS('Total-corrected counts Z<2'!H:H,'Total-corrected counts Z<2'!$A:$A,'Brain networks corrected Z<2'!$B11) -> 0 | J11: =SUMIFS('Total-corrected counts Z<2'!I:I,'Total-corrected counts Z<2'!$A:$A,'Brain networks corrected Z<2'!$B11) -> 0 | K11: =SUMIFS('Total-corrected counts Z<2'!J:J,'Total-corrected counts Z<2'!$A:$A,'Brain networks corrected Z<2'!$B11) -> 0 | L11: =SUMIFS('Total-corrected counts Z<2'!K:K,'Total-corrected counts Z<2'!$A:$A,'Brain networks corrected Z<2'!$B11) -> 0 | M11: =SUMIFS('Total-corrected counts Z<2'!L:L,'Total-corrected counts Z<2'!$A:$A,'Brain networks corrected Z<2'!$B11) -> 0 | N11: =SUMIFS('Total-corrected counts Z<2'!M:M,'Total-corrected counts Z<2'!$A:$A,'Brain networks corrected Z<2'!$B11) -> 0 | O11: =SUMIFS('Total-corrected counts Z<2'!N:N,'Total-corrected counts Z<2'!$A:$A,'Brain networks corrected Z<2'!$B11) -> 0 | P11: =SUMIFS('Total-corrected counts Z<2'!O:O,'Total-corrected counts Z<2'!$A:$A,'Brain networks corrected Z<2'!$B11) -> 0 | Q11: =SUMIFS('Total-corrected counts Z<2'!P:P,'Total-corrected counts Z<2'!$A:$A,'Brain networks corrected Z<2'!$B11) -> 0 | R11: =SUMIFS('Total-corrected counts Z<2'!Q:Q,'Total-corrected counts Z<2'!$A:$A,'Brain networks corrected Z<2'!$B11) -> 0 | S11: =SUMIFS('Total-corrected counts Z<2'!R:R,'Total-corrected counts Z<2'!$A:$A,'Brain networks corrected Z<2'!$B11) -> 0 | T11: =SUMIFS('Total-corrected counts Z<2'!S:S,'Total-corrected counts Z<2'!$A:$A,'Brain networks corrected Z<2'!$B11) -> 0 | U11: =SUMIFS('Total-corrected counts Z<2'!T:T,'Total-corrected counts Z<2'!$A:$A,'Brain networks corrected Z<2'!$B11) -> 0 | V11: =SUMIFS('Total-corrected counts Z<2'!U:U,'Total-corrected counts Z<2'!$A:$A,'Brain networks corrected Z<2'!$B11) -> 0 | X11: =_xlfn.T.TEST(F11:N11,O11:V11,2,2) -> #NUM! | Y11: =AVERAGE(F11:N11) -> 0 | Z11: =AVERAGE(O11:V11) -> 0 | AA11: =STDEV(F11:N11)/SQRT(COUNT(F11:N11)) -> 0 | AB11: =STDEV(O11:V11)/SQRT(COUNT(O11:V11)) -> 0
A12: PAG | B12: 795 | C12: Periaqueductal gray | D12: 81500 | E12: 323 | F12: =SUMIFS('Total-corrected counts Z<2'!E:E,'Total-corrected counts Z<2'!$A:$A,'Brain networks corrected Z<2'!$B12) -> 0 | G12: =SUMIFS('Total-corrected counts Z<2'!F:F,'Total-corrected counts Z<2'!$A:$A,'Brain networks corrected Z<2'!$B12) -> 0 | H12: =SUMIFS('Total-corrected counts Z<2'!G:G,'Total-corrected counts Z<2'!$A:$A,'Brain networks corrected Z<2'!$B12) -> 0 | I12: =SUMIFS('Total-corrected counts Z<2'!H:H,'Total-corrected counts Z<2'!$A:$A,'Brain networks corrected Z<2'!$B12) -> 0 | J12: =SUMIFS('Total-corrected counts Z<2'!I:I,'Total-corrected counts Z<2'!$A:$A,'Brain networks corrected Z<2'!$B12) -> 0 | K12: =SUMIFS('Total-corrected counts Z<2'!J:J,'Total-corrected counts Z<2'!$A:$A,'Brain networks corrected Z<2'!$B12) -> 0 | L12: =SUMIFS('Total-corrected counts Z<2'!K:K,'Total-corrected counts Z<2'!$A:$A,'Brain networks corrected Z<2'!$B12) -> 0 | M12: =SUMIFS('Total-corrected counts Z<2'!L:L,'Total-corrected counts Z<2'!$A:$A,'Brain networks corrected Z<2'!$B12) -> 0 | N12: =SUMIFS('Total-corrected counts Z<2'!M:M,'Total-corrected counts Z<2'!$A:$A,'Brain networks corrected Z<2'!$B12) -> 0 | O12: =SUMIFS('Total-corrected counts Z<2'!N:N,'Total-corrected counts Z<2'!$A:$A,'Brain networks corrected Z<2'!$B12) -> 0 | P12: =SUMIFS('Total-corrected counts Z<2'!O:O,'Total-corrected counts Z<2'!$A:$A,'Brain networks corrected Z<2'!$B12) -> 0 | Q12: =SUMIFS('Total-corrected counts Z<2'!P:P,'Total-corrected counts Z<2'!$A:$A,'Brain networks corrected Z<2'!$B12) -> 0 | R12: =SUMIFS('Total-corrected counts Z<2'!Q:Q,'Total-corrected counts Z<2'!$A:$A,'Brain networks corrected Z<2'!$B12) -> 0 | S12: =SUMIFS('Total-corrected counts Z<2'!R:R,'Total-corrected counts Z<2'!$A:$A,'Brain networks corrected Z<2'!$B12) -> 0 | T12: =SUMIFS('Total-corrected counts Z<2'!S:S,'Total-corrected counts Z<2'!$A:$A,'Brain networks corrected Z<2'!$B12) -> 0 | U12: =SUMIFS('Total-corrected counts Z<2'!T:T,'Total-corrected counts Z<2'!$A:$A,'Brain networks corrected Z<2'!$B12) -> 0 | V12: =SUMIFS('Total-corrected counts Z<2'!U:U,'Total-corrected counts Z<2'!$A:$A,'Brain networks corrected Z<2'!$B12) -> 0 | X12: =_xlfn.T.TEST(F12:N12,O12:V12,2,2) -> #NUM! | Y12: =AVERAGE(F12:N12) -> 0 | Z12: =AVERAGE(O12:V12) -> 0 | AA12: =STDEV(F12:N12)/SQRT(COUNT(F12:N12)) -> 0 | AB12: =STDEV(O12:V12)/SQRT(COUNT(O12:V12)) -> 0
A13: aHyp | B13: 88 | C13: Anterior hypothalamic nucleus | D13: 74100 | E13: 467 | F13: =SUMIFS('Total-corrected counts Z<2'!E:E,'Total-corrected counts Z<2'!$A:$A,'Brain networks corrected Z<2'!$B13) -> 0 | G13: =SUMIFS('Total-corrected counts Z<2'!F:F,'Total-corrected counts Z<2'!$A:$A,'Brain networks corrected Z<2'!$B13) -> 0 | H13: =SUMIFS('Total-corrected counts Z<2'!G:G,'Total-corrected counts Z<2'!$A:$A,'Brain networks corrected Z<2'!$B13) -> 0 | I13: =SUMIFS('Total-corrected counts Z<2'!H:H,'Total-corrected counts Z<2'!$A:$A,'Brain networks corrected Z<2'!$B13) -> 0 | J13: =SUMIFS('Total-corrected counts Z<2'!I:I,'Total-corrected counts Z<2'!$A:$A,'Brain networks corrected Z<2'!$B13) -> 0 | K13: =SUMIFS('Total-corrected counts Z<2'!J:J,'Total-corrected counts Z<2'!$A:$A,'Brain networks corrected Z<2'!$B13) -> 0 | L13: =SUMIFS('Total-corrected counts Z<2'!K:K,'Total-corrected counts Z<2'!$A:$A,'Brain networks corrected Z<2'!$B13) -> 0 | M13: =SUMIFS('Total-corrected counts Z<2'!L:L,'Total-corrected counts Z<2'!$A:$A,'Brain networks corrected Z<2'!$B13) -> 0 | N13: =SUMIFS('Total-corrected counts Z<2'!M:M,'Total-corrected counts Z<2'!$A:$A,'Brain networks corrected Z<2'!$B13) -> 0 | O13: =SUMIFS('Total-corrected counts Z<2'!N:N,'Total-corrected counts Z<2'!$A:$A,'Brain networks corrected Z<2'!$B13) -> 0 | P13: =SUMIFS('Total-corrected counts Z<2'!O:O,'Total-corrected counts Z<2'!$A:$A,'Brain networks corrected Z<2'!$B13) -> 0 | Q13: =SUMIFS('Total-corrected counts Z<2'!P:P,'Total-corrected counts Z<2'!$A:$A,'Brain networks corrected Z<2'!$B13) -> 0 | R13: =SUMIFS('Total-corrected counts Z<2'!Q:Q,'Total-corrected counts Z<2'!$A:$A,'Brain networks corrected Z<2'!$B13) -> 0 | S13: =SUMIFS('Total-corrected counts Z<2'!R:R,'Total-corrected counts Z<2'!$A:$A,'Brain networks corrected Z<2'!$B13) -> 0 | T13: =SUMIFS('Total-corrected counts Z<2'!S:S,'Total-corrected counts Z<2'!$A:$A,'Brain networks corrected Z<2'!$B13) -> 0 | U13: =SUMIFS('Total-corrected counts Z<2'!T:T,'Total-corrected counts Z<2'!$A:$A,'Brain networks corrected Z<2'!$B13) -> 0 | V13: =SUMIFS('Total-corrected counts Z<2'!U:U,'Total-corrected counts Z<2'!$A:$A,'Brain networks corrected Z<2'!$B13) -> 0 | X13: =_xlfn.T.TEST(F13:N13,O13:V13,2,2) -> #NUM! | Y13: =AVERAGE(F13:N13) -> 0 | Z13: =AVERAGE(O13:V13) -> 0 | AA13: =STDEV(F13:N13)/SQRT(COUNT(F13:N13)) -> 0 | AB13: =STDEV(O13:V13)/SQRT(COUNT(O13:V13)) -> 0
A15: Executive control network
A16: PtA / FEF / M2 | C16: Secondary Motor Cortex | E16: 993 | F16: =SUMPRODUCT(SUMIFS('Total-corrected counts Z<2'!E:E,'Total-corrected counts Z<2'!$A:$A,$B92:$B96)) -> 0 | G16: =SUMPRODUCT(SUMIFS('Total-corrected counts Z<2'!F:F,'Total-corrected counts Z<2'!$A:$A,$B92:$B96)) -> 0 | H16: =SUMPRODUCT(SUMIFS('Total-corrected counts Z<2'!G:G,'Total-corrected counts Z<2'!$A:$A,$B92:$B96)) -> 0 | I16: =SUMPRODUCT(SUMIFS('Total-corrected counts Z<2'!H:H,'Total-corrected counts Z<2'!$A:$A,$B92:$B96)) -> 0 | J16: =SUMPRODUCT(SUMIFS('Total-corrected counts Z<2'!I:I,'Total-corrected counts Z<2'!$A:$A,$B92:$B96)) -> 0 | K16: =SUMPRODUCT(SUMIFS('Total-corrected counts Z<2'!J:J,'Total-corrected counts Z<2'!$A:$A,$B92:$B96)) -> 0 | L16: =SUMPRODUCT(SUMIFS('Total-corrected counts Z<2'!K:K,'Total-corrected counts Z<2'!$A:$A,$B92:$B96)) -> 0 | M16: =SUMPRODUCT(SUMIFS('Total-corrected counts Z<2'!L:L,'Total-corrected counts Z<2'!$A:$A,$B92:$B96)) -> 0 | N16: =SUMPRODUCT(SUMIFS('Total-corrected counts Z<2'!M:M,'Total-corrected counts Z<2'!$A:$A,$B92:$B96)) -> 0 | O16: =SUMPRODUCT(SUMIFS('Total-corrected counts Z<2'!N:N,'Total-corrected counts Z<2'!$A:$A,$B92:$B96)) -> 0 | P16: =SUMPRODUCT(SUMIFS('Total-corrected counts Z<2'!O:O,'Total-corrected counts Z<2'!$A:$A,$B92:$B96)) -> 0 | Q16: =SUMPRODUCT(SUMIFS('Total-corrected counts Z<2'!P:P,'Total-corrected counts Z<2'!$A:$A,$B92:$B96)) -> 0 | R16: =SUMPRODUCT(SUMIFS('Total-corrected counts Z<2'!Q:Q,'Total-corrected counts Z<2'!$A:$A,$B92:$B96)) -> 0 | S16: =SUMPRODUCT(SUMIFS('Total-corrected counts Z<2'!R:R,'Total-corrected counts Z<2'!$A:$A,$B92:$B96)) -> 0 | T16: =SUMPRODUCT(SUMIFS('Total-corrected counts Z<2'!S:S,'Total-corrected counts Z<2'!$A:$A,$B92:$B96)) -> 0 | U16: =SUMPRODUCT(SUMIFS('Total-corrected counts Z<2'!T:T,'Total-corrected counts Z<2'!$A:$A,$B92:$B96)) -> 0 | V16: =SUMPRODUCT(SUMIFS('Total-corrected counts Z<2'!U:U,'Total-corrected counts Z<2'!$A:$A,$B92:$B96)) -> 0 | X16: =_xlfn.T.TEST(F16:N16,O16:V16,2,2) -> #NUM! | Y16: =AVERAGE(F16:N16) -> 0 | Z16: =AVERAGE(O16:V16) -> 0 | AA16: =STDEV(F16:N16)/SQRT(COUNT(F16:N16)) -> 0 | AB16: =STDEV(O16:V16)/SQRT(COUNT(O16:V16)) -> 0
A17: IL | C17: Infralimbic area | E17: 44 | F17: =SUMPRODUCT(SUMIFS('Total-corrected counts Z<2'!E:E,'Total-corrected counts Z<2'!$A:$A,$B57:$B61)) -> 0 | G17: =SUMPRODUCT(SUMIFS('Total-corrected counts Z<2'!F:F,'Total-corrected counts Z<2'!$A:$A,$B57:$B61)) -> 0 | H17: =SUMPRODUCT(SUMIFS('Total-corrected counts Z<2'!G:G,'Total-corrected counts Z<2'!$A:$A,$B57:$B61)) -> 0 | I17: =SUMPRODUCT(SUMIFS('Total-corrected counts Z<2'!H:H,'Total-corrected counts Z<2'!$A:$A,$B57:$B61)) -> 0 | J17: =SUMPRODUCT(SUMIFS('Total-corrected counts Z<2'!I:I,'Total-corrected counts Z<2'!$A:$A,$B57:$B61)) -> 0 | K17: =SUMPRODUCT(SUMIFS('Total-corrected counts Z<2'!J:J,'Total-corrected counts Z<2'!$A:$A,$B57:$B61)) -> 0 | L17: =SUMPRODUCT(SUMIFS('Total-corrected counts Z<2'!K:K,'Total-corrected counts Z<2'!$A:$A,$B57:$B61)) -> 0 | M17: =SUMPRODUCT(SUMIFS('Total-corrected counts Z<2'!L:L,'Total-corrected counts Z<2'!$A:$A,$B57:$B61)) -> 0 | N17: =SUMPRODUCT(SUMIFS('Total-corrected counts Z<2'!M:M,'Total-corrected counts Z<2'!$A:$A,$B57:$B61)) -> 0 | O17: =SUMPRODUCT(SUMIFS('Total-corrected counts Z<2'!N:N,'Total-corrected counts Z<2'!$A:$A,$B57:$B61)) -> 0 | P17: =SUMPRODUCT(SUMIFS('Total-corrected counts Z<2'!O:O,'Total-corrected counts Z<2'!$A:$A,$B57:$B61)) -> 0 | Q17: =SUMPRODUCT(SUMIFS('Total-corrected counts Z<2'!P:P,'Total-corrected counts Z<2'!$A:$A,$B57:$B61)) -> 0 | R17: =SUMPRODUCT(SUMIFS('Total-corrected counts Z<2'!Q:Q,'Total-corrected counts Z<2'!$A:$A,$B57:$B61)) -> 0 | S17: =SUMPRODUCT(SUMIFS('Total-corrected counts Z<2'!R:R,'Total-corrected counts Z<2'!$A:$A,$B57:$B61)) -> 0 | T17: =SUMPRODUCT(SUMIFS('Total-corrected counts Z<2'!S:S,'Total-corrected counts Z<2'!$A:$A,$B57:$B61)) -> 0 | U17: =SUMPRODUCT(SUMIFS('Total-corrected counts Z<2'!T:T,'Total-corrected counts Z<2'!$A:$A,$B57:$B61)) -> 0 | V17: =SUMPRODUCT(SUMIFS('Total-corrected counts Z<2'!U:U,'Total-corrected counts Z<2'!$A:$A,$B57:$B61)) -> 0 | X17: =_xlfn.T.TEST(F17:N17,O17:V17,2,2) -> #NUM! | Y17: =AVERAGE(F17:N17) -> 0 | Z17: =AVERAGE(O17:V17) -> 0 | AA17: =STDEV(F17:N17)/SQRT(COUNT(F17:N17)) -> 0 | AB17: =STDEV(O17:V17)/SQRT(COUNT(O17:V17)) -> 0
A19: Default mode network
A20: PL | C20: Prelimbic area | E20: 972 | F20: =SUMPRODUCT(SUMIFS('Total-corrected counts Z<2'!E:E,'Total-corrected counts Z<2'!$A:$A,$B52:$B56)) -> 0 | G20: =SUMPRODUCT(SUMIFS('Total-corrected counts Z<2'!F:F,'Total-corrected counts Z<2'!$A:$A,$B52:$B56)) -> 0 | H20: =SUMPRODUCT(SUMIFS('Total-corrected counts Z<2'!G:G,'Total-corrected counts Z<2'!$A:$A,$B52:$B56)) -> 0 | I20: =SUMPRODUCT(SUMIFS('Total-corrected counts Z<2'!H:H,'Total-corrected counts Z<2'!$A:$A,$B52:$B56)) -> 0 | J20: =SUMPRODUCT(SUMIFS('Total-corrected counts Z<2'!I:I,'Total-corrected counts Z<2'!$A:$A,$B52:$B56)) -> 0 | K20: =SUMPRODUCT(SUMIFS('Total-corrected counts Z<2'!J:J,'Total-corrected counts Z<2'!$A:$A,$B52:$B56)) -> 0 | L20: =SUMPRODUCT(SUMIFS('Total-corrected counts Z<2'!K:K,'Total-corrected counts Z<2'!$A:$A,$B52:$B56)) -> 0 | M20: =SUMPRODUCT(SUMIFS('Total-corrected counts Z<2'!L:L,'Total-corrected counts Z<2'!$A:$A,$B52:$B56)) -> 0 | N20: =SUMPRODUCT(SUMIFS('Total-corrected counts Z<2'!M:M,'Total-corrected counts Z<2'!$A:$A,$B52:$B56)) -> 0 | O20: =SUMPRODUCT(SUMIFS('Total-corrected counts Z<2'!N:N,'Total-corrected counts Z<2'!$A:$A,$B52:$B56)) -> 0 | P20: =SUMPRODUCT(SUMIFS('Total-corrected counts Z<2'!O:O,'Total-corrected counts Z<2'!$A:$A,$B52:$B56)) -> 0 | Q20: =SUMPRODUCT(SUMIFS('Total-corrected counts Z<2'!P:P,'Total-corrected counts Z<2'!$A:$A,$B52:$B56)) -> 0 | R20: =SUMPRODUCT(SUMIFS('Total-corrected counts Z<2'!Q:Q,'Total-corrected counts Z<2'!$A:$A,$B52:$B56)) -> 0 | S20: =SUMPRODUCT(SUMIFS('Total-corrected counts Z<2'!R:R,'Total-corrected counts Z<2'!$A:$A,$B52:$B56)) -> 0 | T20: =SUMPRODUCT(SUMIFS('Total-corrected counts Z<2'!S:S,'Total-corrected counts Z<2'!$A:$A,$B52:$B56)) -> 0 | U20: =SUMPRODUCT(SUMIFS('Total-corrected counts Z<2'!T:T,'Total-corrected counts Z<2'!$A:$A,$B52:$B56)) -> 0 | V20: =SUMPRODUCT(SUMIFS('Total-corrected counts Z<2'!U:U,'Total-corrected counts Z<2'!$A:$A,$B52:$B56)) -> 0 | X20: =_xlfn.T.TEST(F20:N20,O20:V20,2,2) -> #NUM! | Y20: =AVERAGE(F20:N20) -> 0 | Z20: =AVERAGE(O20:V20) -> 0 | AA20: =STDEV(F20:N20)/SQRT(COUNT(F20:N20)) -> 0 | AB20: =STDEV(O20:V20)/SQRT(COUNT(O20:V20)) -> 0
A21: Cg | C21: Cingulate cortex | F21: =SUMPRODUCT(SUMIFS('Total-corrected counts Z<2'!E:E,'Total-corrected counts Z<2'!$A:$A,$B97:$B106)) -> 0 | G21: =SUMPRODUCT(SUMIFS('Total-corrected counts Z<2'!F:F,'Total-corrected counts Z<2'!$A:$A,$B97:$B106)) -> 0 | H21: =SUMPRODUCT(SUMIFS('Total-corrected counts Z<2'!G:G,'Total-corrected counts Z<2'!$A:$A,$B97:$B106)) -> 0 | I21: =SUMPRODUCT(SUMIFS('Total-corrected counts Z<2'!H:H,'Total-corrected counts Z<2'!$A:$A,$B97:$B106)) -> 0 | J21: =SUMPRODUCT(SUMIFS('Total-corrected counts Z<2'!I:I,'Total-corrected counts Z<2'!$A:$A,$B97:$B106)) -> 0 | K21: =SUMPRODUCT(SUMIFS('Total-corrected counts Z<2'!J:J,'Total-corrected counts Z<2'!$A:$A,$B97:$B106)) -> 0 | L21: =SUMPRODUCT(SUMIFS('Total-corrected counts Z<2'!K:K,'Total-corrected counts Z<2'!$A:$A,$B97:$B106)) -> 0 | M21: =SUMPRODUCT(SUMIFS('Total-corrected counts Z<2'!L:L,'Total-corrected counts Z<2'!$A:$A,$B97:$B106)) -> 0 | N21: =SUMPRODUCT(SUMIFS('Total-corrected counts Z<2'!M:M,'Total-corrected counts Z<2'!$A:$A,$B97:$B106)) -> 0 | O21: =SUMPRODUCT(SUMIFS('Total-corrected counts Z<2'!N:N,'Total-corrected counts Z<2'!$A:$A,$B97:$B106)) -> 0 | P21: =SUMPRODUCT(SUMIFS('Total-corrected counts Z<2'!O:O,'Total-corrected counts Z<2'!$A:$A,$B97:$B106)) -> 0 | Q21: =SUMPRODUCT(SUMIFS('Total-corrected counts Z<2'!P:P,'Total-corrected counts Z<2'!$A:$A,$B97:$B106)) -> 0 | R21: =SUMPRODUCT(SUMIFS('Total-corrected counts Z<2'!Q:Q,'Total-corrected counts Z<2'!$A:$A,$B97:$B106)) -> 0 | S21: =SUMPRODUCT(SUMIFS('Total-corrected counts Z<2'!R:R,'Total-corrected counts Z<2'!$A:$A,$B97:$B106)) -> 0 | T21: =SUMPRODUCT(SUMIFS('Total-corrected counts Z<2'!S:S,'Total-corrected counts Z<2'!$A:$A,$B97:$B106)) -> 0 | U21: =SUMPRODUCT(SUMIFS('Total-corrected counts Z<2'!T:T,'Total-corrected counts Z<2'!$A:$A,$B97:$B106)) -> 0 | V21: =SUMPRODUCT(SUMIFS('Total-corrected counts Z<2'!U:U,'Total-corrected counts Z<2'!$A:$A,$B97:$B106)) -> 0 | X21: =_xlfn.T.TEST(F21:N21,O21:V21,2,2) -> #NUM! | Y21: =AVERAGE(F21:N21) -> 0 | Z21: =AVERAGE(O21:V21) -> 0 | AA21: =STDEV(F21:N21)/SQRT(COUNT(F21:N21)) -> 0 | AB21: =STDEV(O21:V21)/SQRT(COUNT(O21:V21)) -> 0
A22: mOFC / MO | C22: Medial orbital cortex | E22: 731 | F22: =SUMPRODUCT(SUMIFS('Total-corrected counts Z<2'!E:E,'Total-corrected counts Z<2'!$A:$A,$B107:$B110)) -> 0 | G22: =SUMPRODUCT(SUMIFS('Total-corrected counts Z<2'!F:F,'Total-corrected counts Z<2'!$A:$A,$B107:$B110)) -> 0 | H22: =SUMPRODUCT(SUMIFS('Total-corrected counts Z<2'!G:G,'Total-corrected counts Z<2'!$A:$A,$B107:$B110)) -> 0 | I22: =SUMPRODUCT(SUMIFS('Total-corrected counts Z<2'!H:H,'Total-corrected counts Z<2'!$A:$A,$B107:$B110)) -> 0 | J22: =SUMPRODUCT(SUMIFS('Total-corrected counts Z<2'!I:I,'Total-corrected counts Z<2'!$A:$A,$B107:$B110)) -> 0 | K22: =SUMPRODUCT(SUMIFS('Total-corrected counts Z<2'!J:J,'Total-corrected counts Z<2'!$A:$A,$B107:$B110)) -> 0 | L22: =SUMPRODUCT(SUMIFS('Total-corrected counts Z<2'!K:K,'Total-corrected counts Z<2'!$A:$A,$B107:$B110)) -> 0 | M22: =SUMPRODUCT(SUMIFS('Total-corrected counts Z<2'!L:L,'Total-corrected counts Z<2'!$A:$A,$B107:$B110)) -> 0 | N22: =SUMPRODUCT(SUMIFS('Total-corrected counts Z<2'!M:M,'Total-corrected counts Z<2'!$A:$A,$B107:$B110)) -> 0 | O22: =SUMPRODUCT(SUMIFS('Total-corrected counts Z<2'!N:N,'Total-corrected counts Z<2'!$A:$A,$B107:$B110)) -> 0 | P22: =SUMPRODUCT(SUMIFS('Total-corrected counts Z<2'!O:O,'Total-corrected counts Z<2'!$A:$A,$B107:$B110)) -> 0 | Q22: =SUMPRODUCT(SUMIFS('Total-corrected counts Z<2'!P:P,'Total-corrected counts Z<2'!$A:$A,$B107:$B110)) -> 0 | R22: =SUMPRODUCT(SUMIFS('Total-corrected counts Z<2'!Q:Q,'Total-corrected counts Z<2'!$A:$A,$B107:$B110)) -> 0 | S22: =SUMPRODUCT(SUMIFS('Total-corrected counts Z<2'!R:R,'Total-corrected counts Z<2'!$A:$A,$B107:$B110)) -> 0 | T22: =SUMPRODUCT(SUMIFS('Total-corrected counts Z<2'!S:S,'Total-corrected counts Z<2'!$A:$A,$B107:$B110)) -> 0 | U22: =SUMPRODUCT(SUMIFS('Total-corrected counts Z<2'!T:T,'Total-corrected counts Z<2'!$A:$A,$B107:$B110)) -> 0 | V22: =SUMPRODUCT(SUMIFS('Total-corrected counts Z<2'!U:U,'Total-corrected counts Z<2'!$A:$A,$B107:$B110)) -> 0 | X22: =_xlfn.T.TEST(F22:N22,O22:V22,2,2) -> #NUM! | Y22: =AVERAGE(F22:N22) -> 0 | Z22: =AVERAGE(O22:V22) -> 0 | AA22: =STDEV(F22:N22)/SQRT(COUNT(F22:N22)) -> 0 | AB22: =STDEV(O22:V22)/SQRT(COUNT(O22:V22)) -> 0
A23: RSP | C23: Retrosplenial area | F23: =SUMPRODUCT(SUMIFS('Total-corrected counts Z<2'!E:E,'Total-corrected counts Z<2'!$A:$A,$B35:$B51)) -> 0 | G23: =SUMPRODUCT(SUMIFS('Total-corrected counts Z<2'!F:F,'Total-corrected counts Z<2'!$A:$A,$B35:$B51)) -> 0 | H23: =SUMPRODUCT(SUMIFS('Total-corrected counts Z<2'!G:G,'Total-corrected counts Z<2'!$A:$A,$B35:$B51)) -> 0 | I23: =SUMPRODUCT(SUMIFS('Total-corrected counts Z<2'!H:H,'Total-corrected counts Z<2'!$A:$A,$B35:$B51)) -> 0 | J23: =SUMPRODUCT(SUMIFS('Total-corrected counts Z<2'!I:I,'Total-corrected counts Z<2'!$A:$A,$B35:$B51)) -> 0 | K23: =SUMPRODUCT(SUMIFS('Total-corrected counts Z<2'!J:J,'Total-corrected counts Z<2'!$A:$A,$B35:$B51)) -> 0 | L23: =SUMPRODUCT(SUMIFS('Total-corrected counts Z<2'!K:K,'Total-corrected counts Z<2'!$A:$A,$B35:$B51)) -> 0 | M23: =SUMPRODUCT(SUMIFS('Total-corrected counts Z<2'!L:L,'Total-corrected counts Z<2'!$A:$A,$B35:$B51)) -> 0 | N23: =SUMPRODUCT(SUMIFS('Total-corrected counts Z<2'!M:M,'Total-corrected counts Z<2'!$A:$A,$B35:$B51)) -> 0 | O23: =SUMPRODUCT(SUMIFS('Total-corrected counts Z<2'!N:N,'Total-corrected counts Z<2'!$A:$A,$B35:$B51)) -> 0 | P23: =SUMPRODUCT(SUMIFS('Total-corrected counts Z<2'!O:O,'Total-corrected counts Z<2'!$A:$A,$B35:$B51)) -> 0 | Q23: =SUMPRODUCT(SUMIFS('Total-corrected counts Z<2'!P:P,'Total-corrected counts Z<2'!$A:$A,$B35:$B51)) -> 0 | R23: =SUMPRODUCT(SUMIFS('Total-corrected counts Z<2'!Q:Q,'Total-corrected counts Z<2'!$A:$A,$B35:$B51)) -> 0 | S23: =SUMPRODUCT(SUMIFS('Total-corrected counts Z<2'!R:R,'Total-corrected counts Z<2'!$A:$A,$B35:$B51)) -> 0 | T23: =SUMPRODUCT(SUMIFS('Total-corrected counts Z<2'!S:S,'Total-corrected counts Z<2'!$A:$A,$B35:$B51)) -> 0 | U23: =SUMPRODUCT(SUMIFS('Total-corrected counts Z<2'!T:T,'Total-corrected counts Z<2'!$A:$A,$B35:$B51)) -> 0 | V23: =SUMPRODUCT(SUMIFS('Total-corrected counts Z<2'!U:U,'Total-corrected counts Z<2'!$A:$A,$B35:$B51)) -> 0 | X23: =_xlfn.T.TEST(F23:N23,O23:V23,2,2) -> #NUM! | Y23: =AVERAGE(F23:N23) -> 0 | Z23: =AVERAGE(O23:V23) -> 0 | AA23: =STDEV(F23:N23)/SQRT(COUNT(F23:N23)) -> 0 | AB23: =STDEV(O23:V23)/SQRT(COUNT(O23:V23)) -> 0
A24: Ent | C24: Entorhinal cortex | E24: 909 | F24: =SUMPRODUCT(SUMIFS('Total-corrected counts Z<2'!E:E,'Total-corrected counts Z<2'!$A:$A,$B111:$B113)) -> 0 | G24: =SUMPRODUCT(SUMIFS('Total-corrected counts Z<2'!F:F,'Total-corrected counts Z<2'!$A:$A,$B111:$B113)) -> 0 | H24: =SUMPRODUCT(SUMIFS('Total-corrected counts Z<2'!G:G,'Total-corrected counts Z<2'!$A:$A,$B111:$B113)) -> 0 | I24: =SUMPRODUCT(SUMIFS('Total-corrected counts Z<2'!H:H,'Total-corrected counts Z<2'!$A:$A,$B111:$B113)) -> 0 | J24: =SUMPRODUCT(SUMIFS('Total-corrected counts Z<2'!I:I,'Total-corrected counts Z<2'!$A:$A,$B111:$B113)) -> 0 | K24: =SUMPRODUCT(SUMIFS('Total-corrected counts Z<2'!J:J,'Total-corrected counts Z<2'!$A:$A,$B111:$B113)) -> 0 | L24: =SUMPRODUCT(SUMIFS('Total-corrected counts Z<2'!K:K,'Total-corrected counts Z<2'!$A:$A,$B111:$B113)) -> 0 | M24: =SUMPRODUCT(SUMIFS('Total-corrected counts Z<2'!L:L,'Total-corrected counts Z<2'!$A:$A,$B111:$B113)) -> 0 | N24: =SUMPRODUCT(SUMIFS('Total-corrected counts Z<2'!M:M,'Total-corrected counts Z<2'!$A:$A,$B111:$B113)) -> 0 | O24: =SUMPRODUCT(SUMIFS('Total-corrected counts Z<2'!N:N,'Total-corrected counts Z<2'!$A:$A,$B111:$B113)) -> 0 | P24: =SUMPRODUCT(SUMIFS('Total-corrected counts Z<2'!O:O,'Total-corrected counts Z<2'!$A:$A,$B111:$B113)) -> 0 | Q24: =SUMPRODUCT(SUMIFS('Total-corrected counts Z<2'!P:P,'Total-corrected counts Z<2'!$A:$A,$B111:$B113)) -> 0 | R24: =SUMPRODUCT(SUMIFS('Total-corrected counts Z<2'!Q:Q,'Total-corrected counts Z<2'!$A:$A,$B111:$B113)) -> 0 | S24: =SUMPRODUCT(SUMIFS('Total-corrected counts Z<2'!R:R,'Total-corrected counts Z<2'!$A:$A,$B111:$B113)) -> 0 | T24: =SUMPRODUCT(SUMIFS('Total-corrected counts Z<2'!S:S,'Total-corrected counts Z<2'!$A:$A,$B111:$B113)) -> 0 | U24: =SUMPRODUCT(SUMIFS('Total-corrected counts Z<2'!T:T,'Total-corrected counts Z<2'!$A:$A,$B111:$B113)) -> 0 | V24: =SUMPRODUCT(SUMIFS('Total-corrected counts Z<2'!U:U,'Total-corrected counts Z<2'!$A:$A,$B111:$B113)) -> 0 | X24: =_xlfn.T.TEST(F24:N24,O24:V24,2,2) -> #NUM! | Y24: =AVERAGE(F24:N24) -> 0 | Z24: =AVERAGE(O24:V24) -> 0 | AA24: =STDEV(F24:N24)/SQRT(COUNT(F24:N24)) -> 0 | AB24: =STDEV(O24:V24)/SQRT(COUNT(O24:V24)) -> 0
A25: dDG | C25: Dentate gyrus | E25: 726 | F25: =SUMPRODUCT(SUMIFS('Total-corrected counts Z<2'!E:E,'Total-corrected counts Z<2'!$A:$A,$B32:$B34)) -> 0 | G25: =SUMPRODUCT(SUMIFS('Total-corrected counts Z<2'!F:F,'Total-corrected counts Z<2'!$A:$A,$B32:$B34)) -> 0 | H25: =SUMPRODUCT(SUMIFS('Total-corrected counts Z<2'!G:G,'Total-corrected counts Z<2'!$A:$A,$B32:$B34)) -> 0 | I25: =SUMPRODUCT(SUMIFS('Total-corrected counts Z<2'!H:H,'Total-corrected counts Z<2'!$A:$A,$B32:$B34)) -> 0 | J25: =SUMPRODUCT(SUMIFS('Total-corrected counts Z<2'!I:I,'Total-corrected counts Z<2'!$A:$A,$B32:$B34)) -> 0 | K25: =SUMPRODUCT(SUMIFS('Total-corrected counts Z<2'!J:J,'Total-corrected counts Z<2'!$A:$A,$B32:$B34)) -> 0 | L25: =SUMPRODUCT(SUMIFS('Total-corrected counts Z<2'!K:K,'Total-corrected counts Z<2'!$A:$A,$B32:$B34)) -> 0 | M25: =SUMPRODUCT(SUMIFS('Total-corrected counts Z<2'!L:L,'Total-corrected counts Z<2'!$A:$A,$B32:$B34)) -> 0 | N25: =SUMPRODUCT(SUMIFS('Total-corrected counts Z<2'!M:M,'Total-corrected counts Z<2'!$A:$A,$B32:$B34)) -> 0 | O25: =SUMPRODUCT(SUMIFS('Total-corrected counts Z<2'!N:N,'Total-corrected counts Z<2'!$A:$A,$B32:$B34)) -> 0 | P25: =SUMPRODUCT(SUMIFS('Total-corrected counts Z<2'!O:O,'Total-corrected counts Z<2'!$A:$A,$B32:$B34)) -> 0 | Q25: =SUMPRODUCT(SUMIFS('Total-corrected counts Z<2'!P:P,'Total-corrected counts Z<2'!$A:$A,$B32:$B34)) -> 0 | R25: =SUMPRODUCT(SUMIFS('Total-corrected counts Z<2'!Q:Q,'Total-corrected counts Z<2'!$A:$A,$B32:$B34)) -> 0 | S25: =SUMPRODUCT(SUMIFS('Total-corrected counts Z<2'!R:R,'Total-corrected counts Z<2'!$A:$A,$B32:$B34)) -> 0 | T25: =SUMPRODUCT(SUMIFS('Total-corrected counts Z<2'!S:S,'Total-corrected counts Z<2'!$A:$A,$B32:$B34)) -> 0 | U25: =SUMPRODUCT(SUMIFS('Total-corrected counts Z<2'!T:T,'Total-corrected counts Z<2'!$A:$A,$B32:$B34)) -> 0 | V25: =SUMPRODUCT(SUMIFS('Total-corrected counts Z<2'!U:U,'Total-corrected counts Z<2'!$A:$A,$B32:$B34)) -> 0 | X25: =_xlfn.T.TEST(F25:N25,O25:V25,2,2) -> #NUM! | Y25: =AVERAGE(F25:N25) -> 0 | Z25: =AVERAGE(O25:V25) -> 0 | AA25: =STDEV(F25:N25)/SQRT(COUNT(F25:N25)) -> 0 | AB25: =STDEV(O25:V25)/SQRT(COUNT(O25:V25)) -> 0
A26: dCA1 | B26: 382 | C26: Field CA1 | D26: 37700 | E26: 375 | F26: =SUMIFS('Total-corrected counts Z<2'!E:E,'Total-corrected counts Z<2'!$A:$A,'Brain networks corrected Z<2'!$B26) -> 0 | G26: =SUMIFS('Total-corrected counts Z<2'!F:F,'Total-corrected counts Z<2'!$A:$A,'Brain networks corrected Z<2'!$B26) -> 0 | H26: =SUMIFS('Total-corrected counts Z<2'!G:G,'Total-corrected counts Z<2'!$A:$A,'Brain networks corrected Z<2'!$B26) -> 0 | I26: =SUMIFS('Total-corrected counts Z<2'!H:H,'Total-corrected counts Z<2'!$A:$A,'Brain networks corrected Z<2'!$B26) -> 0 | J26: =SUMIFS('Total-corrected counts Z<2'!I:I,'Total-corrected counts Z<2'!$A:$A,'Brain networks corrected Z<2'!$B26) -> 0 | K26: =SUMIFS('Total-corrected counts Z<2'!J:J,'Total-corrected counts Z<2'!$A:$A,'Brain networks corrected Z<2'!$B26) -> 0 | L26: =SUMIFS('Total-corrected counts Z<2'!K:K,'Total-corrected counts Z<2'!$A:$A,'Brain networks corrected Z<2'!$B26) -> 0 | M26: =SUMIFS('Total-corrected counts Z<2'!L:L,'Total-corrected counts Z<2'!$A:$A,'Brain networks corrected Z<2'!$B26) -> 0 | N26: =SUMIFS('Total-corrected counts Z<2'!M:M,'Total-corrected counts Z<2'!$A:$A,'Brain networks corrected Z<2'!$B26) -> 0 | O26: =SUMIFS('Total-corrected counts Z<2'!N:N,'Total-corrected counts Z<2'!$A:$A,'Brain networks corrected Z<2'!$B26) -> 0 | P26: =SUMIFS('Total-corrected counts Z<2'!O:O,'Total-corrected counts Z<2'!$A:$A,'Brain networks corrected Z<2'!$B26) -> 0 | Q26: =SUMIFS('Total-corrected counts Z<2'!P:P,'Total-corrected counts Z<2'!$A:$A,'Brain networks corrected Z<2'!$B26) -> 0 | R26: =SUMIFS('Total-corrected counts Z<2'!Q:Q,'Total-corrected counts Z<2'!$A:$A,'Brain networks corrected Z<2'!$B26) -> 0 | S26: =SUMIFS('Total-corrected counts Z<2'!R:R,'Total-corrected counts Z<2'!$A:$A,'Brain networks corrected Z<2'!$B26) -> 0 | T26: =SUMIFS('Total-corrected counts Z<2'!S:S,'Total-corrected counts Z<2'!$A:$A,'Brain networks corrected Z<2'!$B26) -> 0 | U26: =SUMIFS('Total-corrected counts Z<2'!T:T,'Total-corrected counts Z<2'!$A:$A,'Brain networks corrected Z<2'!$B26) -> 0 | V26: =SUMIFS('Total-corrected counts Z<2'!U:U,'Total-corrected counts Z<2'!$A:$A,'Brain networks corrected Z<2'!$B26) -> 0 | X26: =_xlfn.T.TEST(F26:N26,O26:V26,2,2) -> #NUM! | Y26: =AVERAGE(F26:N26) -> 0 | Z26: =AVERAGE(O26:V26) -> 0 | AA26: =STDEV(F26:N26)/SQRT(COUNT(F26:N26)) -> 0 | AB26: =STDEV(O26:V26)/SQRT(COUNT(O26:V26)) -> 0
A27: dCA3 | B27: 463 | C27: Field CA3 | D27: 38700 | E27: 375 | F27: =SUMIFS('Total-corrected counts Z<2'!E:E,'Total-corrected counts Z<2'!$A:$A,'Brain networks corrected Z<2'!$B27) -> 0 | G27: =SUMIFS('Total-corrected counts Z<2'!F:F,'Total-corrected counts Z<2'!$A:$A,'Brain networks corrected Z<2'!$B27) -> 0 | H27: =SUMIFS('Total-corrected counts Z<2'!G:G,'Total-corrected counts Z<2'!$A:$A,'Brain networks corrected Z<2'!$B27) -> 0 | I27: =SUMIFS('Total-corrected counts Z<2'!H:H,'Total-corrected counts Z<2'!$A:$A,'Brain networks corrected Z<2'!$B27) -> 0 | J27: =SUMIFS('Total-corrected counts Z<2'!I:I,'Total-corrected counts Z<2'!$A:$A,'Brain networks corrected Z<2'!$B27) -> 0 | K27: =SUMIFS('Total-corrected counts Z<2'!J:J,'Total-corrected counts Z<2'!$A:$A,'Brain networks corrected Z<2'!$B27) -> 0 | L27: =SUMIFS('Total-corrected counts Z<2'!K:K,'Total-corrected counts Z<2'!$A:$A,'Brain networks corrected Z<2'!$B27) -> 0 | M27: =SUMIFS('Total-corrected counts Z<2'!L:L,'Total-corrected counts Z<2'!$A:$A,'Brain networks corrected Z<2'!$B27) -> 0 | N27: =SUMIFS('Total-corrected counts Z<2'!M:M,'Total-corrected counts Z<2'!$A:$A,'Brain networks corrected Z<2'!$B27) -> 0 | O27: =SUMIFS('Total-corrected counts Z<2'!N:N,'Total-corrected counts Z<2'!$A:$A,'Brain networks corrected Z<2'!$B27) -> 0 | P27: =SUMIFS('Total-corrected counts Z<2'!O:O,'Total-corrected counts Z<2'!$A:$A,'Brain networks corrected Z<2'!$B27) -> 0 | Q27: =SUMIFS('Total-corrected counts Z<2'!P:P,'Total-corrected counts Z<2'!$A:$A,'Brain networks corrected Z<2'!$B27) -> 0 | R27: =SUMIFS('Total-corrected counts Z<2'!Q:Q,'Total-corrected counts Z<2'!$A:$A,'Brain networks corrected Z<2'!$B27) -> 0 | S27: =SUMIFS('Total-corrected counts Z<2'!R:R,'Total-corrected counts Z<2'!$A:$A,'Brain networks corrected Z<2'!$B27) -> 0 | T27: =SUMIFS('Total-corrected counts Z<2'!S:S,'Total-corrected counts Z<2'!$A:$A,'Brain networks corrected Z<2'!$B27) -> 0 | U27: =SUMIFS('Total-corrected counts Z<2'!T:T,'Total-corrected counts Z<2'!$A:$A,'Brain networks corrected Z<2'!$B27) -> 0 | V27: =SUMIFS('Total-corrected counts Z<2'!U:U,'Total-corrected counts Z<2'!$A:$A,'Brain networks corrected Z<2'!$B27) -> 0 | X27: =_xlfn.T.TEST(F27:N27,O27:V27,2,2) -> #NUM! | Y27: =AVERAGE(F27:N27) -> 0 | Z27: =AVERAGE(O27:V27) -> 0 | AA27: =STDEV(F27:N27)/SQRT(COUNT(F27:N27)) -> 0 | AB27: =STDEV(O27:V27)/SQRT(COUNT(O27:V27)) -> 0
B29: 632 | C29: Dentate gyrus, granule cell layer | D29: 39600 | E29: 726
B30: 10703 | C30: Dentate gyrus, molecular layer | D30: 39400 | E30: 726
B31: 10704 | C31: Dentate gyrus, polymorph layer | D31: 39500 | E31: 726
B32: 2632 | C32: Dentate gyrus, granule cell layer ventral | D32: 39600 | E32: 2726
B33: 12703 | C33: Dentate gyrus, molecular layer | D33: 39400 | E33: 2726
B34: 12704 | C34: Dentate gyrus, subgranular zone ventral | D34: 39700 | E34: 2726
B35: 894 | C35: Retrosplenial area, lateral agranular part | D35: 25300 | E35: 254
B36: 274 | C36: Retrosplenial area, dorsal part, layer 6a | D36: 26400 | E36: 879
B37: 330 | C37: Retrosplenial area, dorsal part, layer 6b | D37: 26500 | E37: 879
B38: 434 | C38: Retrosplenial area, dorsal part, layer 2/3 | D38: 26100 | E38: 879
B39: 442 | C39: Retrosplenial area, dorsal part, layer 1 | D39: 26000 | E39: 879
B40: 545 | C40: Retrosplenial area, dorsal part, layer 4 | D40: 26200 | E40: 879
... B113: 934 | C113: Entorhinal area, medial part, ventral zone | D113: 43700 | E113: 909

Sheet Z-scores<2
B1: Order | C1: 0 | D1: 0 | E1: 0 | F1: 0 | G1: 0 | H1: 0 | I1: 0 | J1: 0 | K1: 0 | L1: 0 | M1: 0 | N1: 1 | O1: 2 | P1: 3 | Q1: 4 | R1: 5 | S1: 6 | T1: 7 | U1: 8 | V1: 9 | W1: 10 | X1: 11 | Y1: 12 | Z1: 13 | AA1: 14 | AB1: 15 | AC1: 16 | AD1: 17 | AE1: 18 | AF1: 19 | AG1: 20 | AH1: 21 | AI1: 22 | AJ1: 23 | AK1: 24 | AL1: 25 | AM1: 26 | AN1: 27 | AO1: 28 | AP1: 29 | AQ1: 30 | AR1: 31 | AS1: 32 | AT1: 33 | AU1: 34 | AV1: 35 | AW1: 36 | AX1: 37 | AY1: 38 | AZ1: 39 | BA1: 40 | BB1: 41 | BC1: 42 | BD1: 43 | BE1: 44 | BF1: 45 | BG1: 46 | BH1: 47 | BI1: 48 | BJ1: 49 | BK1: 50 | BL1: 51 | BM1: 52 | BN1: 53 | BO1: 54 | BP1: 55 | BQ1: 56 | BR1: 57 | BS1: 58 | BT1: 59 | BU1: 60 | BV1: 61 | BW1: 62 | BX1: 63 | BY1: 64 | BZ1: 65 | CA1: 66 | CB1: 67 | CC1: 68 | CD1: 69 | CE1: 70 | CF1: 71 | CG1: 72 | CH1: 73 | CI1: 74 | CJ1: 75 | CK1: 76 | CL1: 77 | CM1: 78 | CN1: 79 | CO1: 80 | CP1: 81 | CQ1: 82 | CR1: 83 | CS1: 84 | CT1: 85 | CU1: 86 | CV1: 87 | CW1: 88 | CX1: 89 | CY1: 90 | CZ1: 91 | DA1: 92 | DB1: 93 | DC1: 94 | DD1: 95 | DE1: 96 | DF1: 97 | DG1: 98 | DH1: 99 | DI1: 100 | DJ1: 101 | DK1: 102 | DL1: 103 | DM1: 104 | DN1: 105 | DO1: 106 | DP1: 107 | DQ1: 108 | DR1: 109 | DS1: 110 | DT1: 111 | DU1: 112 | DV1: 113 | DW1: 114 | DX1: 115 | DY1: 116 | DZ1: 117 | EA1: 118 | EB1: 119 | EC1: 120 | ED1: 121 | EE1: 122 | EF1: 123 | EG1: 124 | EH1: 125 | EI1: 126 | EJ1: 127 | EK1: 128 | EL1: 129 | EM1: 130 | EN1: 131 | EO1: 132 | EP1: 133 | EQ1: 134 | ER1: 135 | ES1: 136 | ET1: 137 | EU1: 138 | EV1: 139 | EW1: 140 | EX1: 141 | EY1: 142 | EZ1: 143 | FA1: 144 | FB1: 145 | FC1: 146 | FD1: 147 | FE1: 148 | FF1: 149 | FG1: 150 | FH1: 151 | FI1: 152 | FJ1: 153 | FK1: 154 | FL1: 155 | FM1: 156 | FN1: 157 | FO1: 158 | FP1: 159 | FQ1: 160 | FR1: 161 | FS1: 162 | FT1: 163 | FU1: 164 | FV1: 165 | FW1: 166 | FX1: 167 | FY1: 168 | FZ1: 169 | GA1: 170 | GB1: 171 | GC1: 172 | GD1: 173 | GE1: 174 | GF1: 175 | GG1: 176 | GH1: 177 | GI1: 178 | GJ1: 179 | GK1: 180 | GL1: 181 | GM1: 182 | GN1: 183 | GO1: 184 | GP1: 185 | GQ1: 186 | GR1: 187 | GS1: 188 | GT1: 189 | GU1: 190 | GV1: 191 | GW1: 192 | GX1: 193 | GY1: 194 | GZ1: 195 | HA1: 196 | HB1: 197 | HC1: 198 | HD1: 199 | HE1: 200 | HF1: 201 | HG1: 202 | HH1: 203 | HI1: 204 | HJ1: 205 | HK1: 206 | HL1: 207 | HM1: 208 | HN1: 209 | HO1: 210 | HP1: 211 | HQ1: 212 | HR1: 213 | HS1: 214 | HT1: 215 | HU1: 216 | HV1: 217 | HW1: 218 | HX1: 219 | HY1: 220 | HZ1: 221 | IA1: 222 | IB1: 223 | IC1: 224 | ID1: 225 | IE1: 226 | IF1: 227 | IG1: 228 | IH1: 229 | II1: 230 | IJ1: 231 | IK1: 232 | IL1: 233 | IM1: 234 | IN1: 235 | IO1: 236 | IP1: 237 | IQ1: 238 | IR1: 239 | IS1: 240 | IT1: 241 | IU1: 242 | IV1: 243 | IW1: 244 | IX1: 245 | IY1: 246 | IZ1: 247 | JA1: 248 | JB1: 249 | JC1: 250 | JD1: 251 | JE1: 252 | JF1: 253 | JG1: 254 | JH1: 255 | JI1: 256 | JJ1: 257 | JK1: 258 | JL1: 259 | JM1: 260 | JN1: 261 | JO1: 262 | JP1: 263 | JQ1: 264 | JR1: 265 | JS1: 266 | JT1: 267 | JU1: 268 | JV1: 269 | JW1: 270 | JX1: 271 | JY1: 272 | JZ1: 273 | KA1: 274 | KB1: 275 | KC1: 276 | KD1: 277 | KE1: 278 | KF1: 279 | KG1: 280 | KH1: 281 | KI1: 282 | KJ1: 283 | KK1: 284 | KL1: 285 | KM1: 286 | KN1: 287 | KO1: 288 | KP1: 289 | KQ1: 290 | KR1: 291 | KS1: 292 | KT1: 293 | KU1: 294 | KV1: 295 | KW1: 296 | KX1: 297 | KY1: 298 | KZ1: 299 | LA1: 300 | LB1: 301 | LC1: 302 | LD1: 303 | LE1: 304 | LF1: 305 | LG1: 306 | LH1: 307 | LI1: 308 | LJ1: 309 | LK1: 310 | LL1: 311 | LM1: 312 | LN1: 313 | LO1: 314 | LP1: 315 | LQ1: 316 | LR1: 317 | LS1: 318 | LT1: 319 | LU1: 320 | LV1: 321 | LW1: 322 | LX1: 323 | LY1: 324 | LZ1: 325 | MA1: 326 | MB1: 327 | MC1: 328 | MD1: 329 | ME1: 330 | MF1: 331 | MG1: 332 | MH1: 333 | MI1: 334 | MJ1: 335 | MK1: 336 | ML1: 337 | MM1: 338 | MN1: 339 | MO1: 340 | MP1: 341 | MQ1: 342 | MR1: 343 | MS1: 344 | MT1: 345 | MU1: 346 | MV1: 347 | MW1: 348 | MX1: 349 | MY1: 350 | MZ1: 351 | NA1: 352 | NB1: 353 | NC1: 354 | ND1: 355 | NE1: 356 | NF1: 357 | NG1: 358 | NH1: 359 | NI1: 360 | NJ1: 361 | NK1: 362 | NL1: 363 | NM1: 364 | NN1: 365 | NO1: 366 | NP1: 367 | NQ1: 368 | NR1: 369 | NS1: 370 | NT1: 371 | NU1: 372 | NV1: 373 | NW1: 374 | NX1: 375 | NY1: 376 | NZ1: 377 | OA1: 378 | OB1: 379 | OC1: 380 | OD1: 381 | OE1: 382 | OF1: 383 | OG1: 384 | OH1: 385 | OI1: 386 | OJ1: 387 | OK1: 388 | OL1: 389 | OM1: 390 | ON1: 391 | OO1: 392 | OP1: 393 | OQ1: 394 | OR1: 395 | OS1: 396 | OT1: 397 | OU1: 398 | OV1: 399 | OW1: 400 | OX1: 401 | OY1: 402 | OZ1: 403 | PA1: 404 | PB1: 405 | PC1: 406 | PD1: 407 | PE1: 408 | PF1: 409 | PG1: 410 | PH1: 411 | PI1: 412 | PJ1: 413 | PK1: 414 | PL1: 415 | PM1: 416 | PN1: 417 | PO1: 418 | PP1: 419 | PQ1: 420 | PR1: 421 | PS1: 422 | PT1: 423 | PU1: 424 | PV1: 425 | PW1: 426 | PX1: 427 | PY1: 428 | PZ1: 429 | QA1: 430 | QB1: 431 | QC1: 432 | QD1: 433 | QE1: 434 | QF1: 435 | QG1: 436 | QH1: 437 | QI1: 438 | QJ1: 439 | QK1: 440 | QL1: 441 | QM1: 442 | QN1: 443 | QO1: 444 | QP1: 445 | QQ1: 446 | QR1: 447 | QS1: 448 | QT1: 449 | QU1: 450 | QV1: 451 | QW1: 452 | QX1: 453 | QY1: 454 | QZ1: 455 | RA1: 456 | RB1: 457 | RC1: 458 | RD1: 459 | RE1: 460 | RF1: 461 | RG1: 462 | RH1: 463 | RI1: 464 | RJ1: 465 | RK1: 466 | RL1: 467 | RM1: 468 | RN1: 469 | RO1: 470 | RP1: 471 | RQ1: 472 | RR1: 473 | RS1: 474 | RT1: 475 | RU1: 476 | RV1: 477 | RW1: 478 | RX1: 479 | RY1: 480 | RZ1: 481 | SA1: 482 | SB1: 483 | SC1: 484 | SD1: 485 | SE1: 486 | SF1: 487 | SG1: 488 | SH1: 489 | SI1: 490 | SJ1: 491 | SK1: 492 | SL1: 493 | SM1: 494 | SN1: 495 | SO1: 496 | SP1: 497 | SQ1: 498 | SR1: 499 | SS1: 500 | ST1: 501 | SU1: 502 | SV1: 503 | SW1: 504 | SX1: 505 | SY1: 506 | SZ1: 507 | TA1: 508 | TB1: 509 | TC1: 510 | TD1: 511 | TE1: 512 | TF1: 513 | TG1: 514 | TH1: 515 | TI1: 516 | TJ1: 517 | TK1: 518 | TL1: 519 | TM1: 520 | TN1: 521 | TO1: 522 | TP1: 523 | TQ1: 524 | TR1: 525 | TS1: 526 | TT1: 527 | TU1: 528 | TV1: 529 | TW1: 530 | TX1: 531 | TY1: 532 | TZ1: 533 | UA1: 534 | UB1: 535 | UC1: 536 | UD1: 537 | UE1: 538 | UF1: 539 | UG1: 540 | UH1: 541 | UI1: 542 | UJ1: 543 | UK1: 544 | UL1: 545 | UM1: 546 | UN1: 547 | UO1: 548 | UP1: 549
B2: ID | C2: 848 | D2: 699 | E2: 975 | F2: 14 | G2: 30 | H2: 197 | I2: 59 | J2: 338 | K2: 286 | L2: 149 | M2: 763 | N2: 68 | O2: 667 | P2: 985 | Q2: 320 | R2: 943 | S2: 648 | T2: 844 | U2: 882 | V2: 656 | W2: 962 | X2: 767 | Y2: 1021 | Z2: 1085 | AA2: 558 | AB2: 838 | AC2: 654 | AD2: 702 | AE2: 889 | AF2: 929 | AG2: 981 | AH2: 201 | AI2: 1047 | AJ2: 1070 | AK2: 1038 | AL2: 1062 | AM2: 1030 | AN2: 113 | AO2: 1094 | AP2: 1128 | AQ2: 478 | AR2: 510 | AS2: 878 | AT2: 657 | AU2: 950 | AV2: 974 | AW2: 1102 | AX2: 2 | AY2: 450 | AZ2: 854 | BA2: 577 | BB2: 625 | BC2: 945 | BD2: 1026 | BE2: 1006 | BF2: 670 | BG2: 1086 | BH2: 1111 | BI2: 9 | BJ2: 461 | BK2: 873 | BL2: 806 | BM2: 1035 | BN2: 1090 | BO2: 862 | BP2: 893 | BQ2: 36 | BR2: 180 | BS2: 148 | BT2: 187 | BU2: 638 | BV2: 662 | BW2: 897 | BX2: 1106 | BY2: 1010 | BZ2: 1058 | CA2: 857 | CB2: 849 | CC2: 527 | CD2: 600 | CE2: 678 | CF2: 252 | CG2: 156 | CH2: 243 | CI2: 735 | CJ2: 251 | CK2: 816 | CL2: 847 | CM2: 954 | CN2: 1005 | CO2: 780 | CP2: 696 | CQ2: 643 | CR2: 759 | CS2: 791 | CT2: 249 | CU2: 456 | CV2: 959 | CW2: 755 | CX2: 990 | CY2: 1023 | CZ2: 520 | DA2: 598 | DB2: 1074 | DC2: 905 | DD2: 1114 | DE2: 233 | DF2: 601 | DG2: 649 | DH2: 281 | DI2: 1066 | DJ2: 401 | DK2: 433 | DL2: 1046 | DM2: 441 | DN2: 421 | DO2: 973 | DP2: 573 | DQ2: 613 | DR2: 74 | DS2: 121 | DT2: 593 | DU2: 821 | DV2: 721 | DW2: 778 | DX2: 33 | DY2: 305 | DZ2: 750 | EA2: 269 | EB2: 869 | EC2: 902 | ED2: 377 | EE2: 393 | EF2: 805 | EG2: 41 | EH2: 501 | EI2: 565 | EJ2: 257 | EK2: 469 | EL2: 935 | EM2: 211 | EN2: 1015 | EO2: 919 | EP2: 927 | EQ2: 810 | ER2: 819 | ES2: 588 | ET2: 296 | EU2: 772 | EV2: 171 | EW2: 304 | EX2: 363 | EY2: 84 | EZ2: 132 | FA2: 707 | FB2: 556 | FC2: 827 | FD2: 1054 | FE2: 1081 | FF2: 448 | FG2: 412 | FH2: 630 | FI2: 440 | FJ2: 488 | FK2: 484 | FL2: 582 | FM2: 620 | FN2: 910 | FO2: 969 | FP2: 288 | FQ2: 1125 | FR2: 608 | FS2: 680 | FT2: 104 | FU2: 996 | FV2: 328 | FW2: 1101 | FX2: 783 | FY2: 831 | FZ2: 120 | GA2: 163 | GB2: 344 | GC2: 314 | GD2: 704 | GE2: 694 | GF2: 800 | GG2: 675 | GH2: 894 | GI2: 671 | GJ2: 965 | GK2: 774 | GL2: 906 | GM2: 279 | GN2: 442 | GO2: 434 | GP2: 545 | GQ2: 610 | GR2: 274 | GS2: 330 | GT2: 542 | GU2: 430 | GV2: 687 | GW2: 590 | GX2: 622 | GY2: 97 | GZ2: 1127 | HA2: 234 | HB2: 289 | HC2: 729 | HD2: 786 | HE2: 540 | HF2: 888 | HG2: 692 | HH2: 335 | HI2: 368 | HJ2: 895 | HK2: 836 | HL2: 427 | HM2: 988 | HN2: 977 | HO2: 1045 | HP2: 698 | HQ2: 507 | HR2: 188 | HS2: 196 | HT2: 204 | HU2: 159 | HV2: 589 | HW2: 814 | HX2: 961 | HY2: 260 | HZ2: 1139 | IA2: 639 | IB2: 647 | IC2: 788 | ID2: 566 | IE2: 1089 | IF2: 382 | IG2: 423 | IH2: 463 | II2: 2382 | IJ2: 2423 | IK2: 2463 | IL2: 10703 | IM2: 12703 | IN2: 10704 | IO2: 632 | IP2: 2632 | IQ2: 12704 | IR2: 982 | IS2: 19 | IT2: 918 | IU2: 926 | IV2: 934 | IW2: 843 | IX2: 1037 | IY2: 1084 | IZ2: 502 | JA2: 703 | JB2: 583 | JC2: 952 | JD2: 966 | JE2: 131 | JF2: 303 | JG2: 311 | JH2: 451 | JI2: 319 | JJ2: 477 | JK2: 672 | JL2: 56 | JM2: 998 | JN2: 754 | JO2: 250 | JP2: 258 | JQ2: 266 | JR2: 310 | JS2: 333 | JT2: 278 | JU2: 23 | JV2: 292 | JW2: 536 | JX2: 1105 | JY2: 403 | JZ2: 803 | KA2: 1031 | KB2: 1022 | KC2: 342 | KD2: 298 | KE2: 564 | KF2: 596 | KG2: 581 | KH2: 351 | KI2: 287 | KJ2: 549 | KK2: 629 | KL2: 685 | KM2: 718 | KN2: 725 | KO2: 733 | KP2: 741 | KQ2: 609 | KR2: 414 | KS2: 422 | KT2: 1044 | KU2: 475 | KV2: 170 | KW2: 218 | KX2: 1020 | KY2: 1029 | KZ2: 325 | LA2: 255 | LB2: 127 | LC2: 64 | LD2: 1120 | LE2: 1113 | LF2: 155 | LG2: 362 | LH2: 366 | LI2: 1077 | LJ2: 15 | LK2: 181 | LL2: 189 | LM2: 599 | LN2: 907 | LO2: 575 | LP2: 930 | LQ2: 262 | LR2: 27 | LS2: 178 | LT2: 321 | LU2: 483 | LV2: 186 | LW2: 1097 | LX2: 390 | LY2: 332 | LZ2: 38 | MA2: 118 | MB2: 223 | MC2: 72 | MD2: 263 | ME2: 272 | MF2: 830 | MG2: 452 | MH2: 523 | MI2: 914 | MJ2: 1109 | MK2: 126 | ML2: 133 | MM2: 347 | MN2: 689 | MO2: 88 | MP2: 210 | MQ2: 491 | MR2: 525 | MS2: 1126 | MT2: 1 | MU2: 515 | MV2: 980 | MW2: 1004 | MX2: 63 | MY2: 693 | MZ2: 946 | NA2: 194 | NB2: 226 | NC2: 356 | ND2: 364 | NE2: 173 | NF2: 470 | NG2: 614 | NH2: 797 | NI2: 804 | NJ2: 313 | NK2: 851 | NL2: 842 | NM2: 4 | NN2: 580 | NO2: 271 | NP2: 874 | NQ2: 460 | NR2: 381 | NS2: 749 | NT2: 128 | NU2: 246 | NV2: 26 | NW2: 42 | NX2: 17 | NY2: 10 | NZ2: 494 | OA2: 503 | OB2: 511 | OC2: 795 | OD2: 50 | OE2: 67 | OF2: 587 | OG2: 215 | OH2: 531 | OI2: 628 | OJ2: 634 | OK2: 706 | OL2: 1061 | OM2: 616 | ON2: 214 | OO2: 35 | OP2: 115 | OQ2: 757 | OR2: 231 | OS2: 66 | OT2: 374 | OU2: 1052 | OV2: 12 | OW2: 100 | OX2: 591 | OY2: 872 | OZ2: 771 | PA2: 612 | PB2: 7 | PC2: 867 | PD2: 122 | PE2: 105 | PF2: 114 | PG2: 280 | PH2: 880 | PI2: 898 | PJ2: 931 | PK2: 1093 | PL2: 318 | PM2: 534 | PN2: 574 | PO2: 621 | PP2: 679 | PQ2: 147 | PR2: 162 | PS2: 604 | PT2: 146 | PU2: 238 | PV2: 350 | PW2: 358 | PX2: 354 | PY2: 207 | PZ2: 96 | QA2: 101 | QB2: 711 | QC2: 1039 | QD2: 903 | QE2: 642 | QF2: 651 | QG2: 429 | QH2: 437 | QI2: 445 | QJ2: 653 | QK2: 661 | QL2: 576 | QM2: 939 | QN2: 143 | QO2: 839 | QP2: 1048 | QQ2: 372 | QR2: 83 | QS2: 136 | QT2: 106 | QU2: 203 | QV2: 235 | QW2: 307 | QX2: 1098 | QY2: 1107 | QZ2: 852 | RA2: 859 | RB2: 970 | RC2: 978 | RD2: 177 | RE2: 169 | RF2: 1069 | RG2: 209 | RH2: 202 | RI2: 225 | RJ2: 217 | RK2: 765 | RL2: 773 | RM2: 781 | RN2: 206 | RO2: 230 | RP2: 222 | RQ2: 912 | RR2: 920 | RS2: 928 | RT2: 936 | RU2: 944 | RV2: 951 | RW2: 957 | RX2: 968 | RY2: 1007 | RZ2: 1017 | SA2: 1025 | SB2: 1033 | SC2: 1041 | SD2: 1049 | SE2: 989 | SF2: 91 | SG2: 846 | SH2: 1009 | SI2: 949 | SJ2: 1016 | SK2: 665 | SL2: 900 | SM2: 482 | SN2: 117 | SO2: 125 | SP2: 62 | SQ2: 158 | SR2: 911 | SS2: 93 | ST2: 705 | SU2: 794 | SV2: 798 | SW2: 413 | SX2: 841 | SY2: 658 | SZ2: 633 | TA2: 237 | TB2: 380 | TC2: 697 | TD2: 326 | TE2: 78 | TF2: 1123 | TG2: 728 | TH2: 776 | TI2: 784 | TJ2: 1092 | TK2: 6 | TL2: 924 | TM2: 190 | TN2: 877 | TO2: 1060 | TP2: 863 | TQ2: 397 | TR2: 884 | TS2: 908 | TT2: 940 | TU2: 466 | TV2: 530 | TW2: 603 | TX2: 436 | TY2: 443 | TZ2: 449 | UA2: 301 | UB2: 341 | UC2: 690 | UD2: 681 | UE2: 673 | UF2: 802 | UG2: 595 | UH2: 611 | UI2: 73 | UJ2: 81 | UK2: 129 | UL2: 140 | UM2: 145 | UN2: 153 | UO2: 164 | UP2: 997
A3: Animal | B3: Group | C3: =#N/A -> #N/A | D3: =#N/A -> #N/A | E3: =#N/A -> #N/A | F3: =#N/A -> #N/A | G3: =#N/A -> #N/A | H3: =#N/A -> #N/A | I3: =#N/A -> #N/A | J3: =#N/A -> #N/A | ... M3: =#N/A -> #N/A | N3: Frontal pole, layer 1 | O3: Frontal pole, layer 2/3 | P3: Primary motor area | Q3: Primary motor area, Layer 1 | R3: Primary motor area, Layer 2/3 | S3: Primary motor area, Layer 5 | T3: Primary motor area, Layer 6a | U3: Primary motor area, Layer 6b | V3: Secondary motor area, layer 1 | W3: Secondary motor area, layer 2/3 | X3: Secondary motor area, layer 5 | Y3: Secondary motor area, layer 6a | Z3: Secondary motor area, layer 6b | AA3: Primary somatosensory area, nose, layer 1 | AB3: Primary somatosensory area, nose, layer 2/3 | AC3: Primary somatosensory area, nose, layer 4 | AD3: Primary somatosensory area, nose, layer 5 | AE3: Primary somatosensory area, nose, layer 6a | AF3: Primary somatosensory area, nose, layer 6b | AG3: Primary somatosensory area, barrel field, layer 1 | AH3: Primary somatosensory area, barrel field, layer 2/3 | AI3: Primary somatosensory area, barrel field, layer 4 | AJ3: Primary somatosensory area, barrel field, layer 5 | AK3: Primary somatosensory area, barrel field, layer 6a | AL3: Primary somatosensory area, barrel field, layer 6b | AM3: Primary somatosensory area, lower limb, layer 1 | AN3: Primary somatosensory area, lower limb, layer 2/3 | AO3: Primary somatosensory area, lower limb, layer 4 | AP3: Primary somatosensory area, lower limb, layer 5 | AQ3: Primary somatosensory area, lower limb, layer 6a | AR3: Primary somatosensory area, lower limb, layer 6b | AS3: Primary somatosensory area, mouth, layer 1 | AT3: Primary somatosensory area, mouth, layer 2/3 | AU3: Primary somatosensory area, mouth, layer 4 | AV3: Primary somatosensory area, mouth, layer 5 | AW3: Primary somatosensory area, mouth, layer 6a | AX3: Primary somatosensory area, mouth, layer 6b | AY3: Primary somatosensory area, upper limb, layer 1 | AZ3: Primary somatosensory area, upper limb, layer 2/3 | BA3: Primary somatosensory area, upper limb, layer 4 | BB3: Primary somatosensory area, upper limb, layer 5 | BC3: Primary somatosensory area, upper limb, layer 6a | BD3: Primary somatosensory area, upper limb, layer 6b | BE3: Primary somatosensory area, trunk, layer 1 | BF3: Primary somatosensory area, trunk, layer 2/3 | BG3: Primary somatosensory area, trunk, layer 4 | BH3: Primary somatosensory area, trunk, layer 5 | BI3: Primary somatosensory area, trunk, layer 6a | BJ3: Primary somatosensory area, trunk, layer 6b | BK3: Supplemental somatosensory area, layer 1 | BL3: Supplemental somatosensory area, layer 2/3 | BM3: Supplemental somatosensory area, layer 4 | BN3: Supplemental somatosensory area, layer 5 | BO3: Supplemental somatosensory area, layer 6a | BP3: Supplemental somatosensory area, layer 6b | BQ3: Gustatory areas, layer 1 | BR3: Gustatory areas, layer 2/3 | BS3: Gustatory areas, layer 4 | BT3: Gustatory areas, layer 5 | BU3: Gustatory areas, layer 6a | BV3: Gustatory areas, layer 6b | BW3: Visceral area, layer 1 | BX3: Visceral area, layer 2/3 | BY3: Visceral area, layer 4 | BZ3: Visceral area, layer 5 | CA3: Visceral area, layer 6a | CB3: Visceral area, layer 6b | CC3: Dorsal auditory area, layer 1 | CD3: Dorsal auditory area, layer 2/3 | CE3: Dorsal auditory area, layer 4 | CF3: Dorsal auditory area, layer 5 | CG3: Dorsal auditory area, layer 6a | CH3: Dorsal auditory area, layer 6b | CI3: Primary auditory area, layer 1 | CJ3: Primary auditory area, layer 2/3 | CK3: Primary auditory area, layer 4 | CL3: Primary auditory area, layer 5 | CM3: Primary auditory area, layer 6a | CN3: Primary auditory area, layer 6b | CO3: Posterior amygdalar nucleus | CP3: Posterior auditory area, layer 1 | CQ3: Posterior auditory area, layer 2/3 | CR3: Posterior auditory area, layer 4 | CS3: Posterior auditory area, layer 5 | CT3: Posterior auditory area, layer 6a | CU3: Posterior auditory area, layer 6b | CV3: Ventral auditory area, layer 1 | CW3: Ventral auditory area, layer 2/3 | CX3: Ventral auditory area, layer 4 | CY3: Ventral auditory area, layer 5 | CZ3: Ventral auditory area, layer 6a | DA3: Ventral auditory area, layer 6b | DB3: Anterolateral visual area, layer 1 | DC3: Anterolateral visual area, layer 2/3 | DD3: Anterolateral visual area, layer 4 | DE3: Anterolateral visual area, layer 5 | DF3: Anterolateral visual area, layer 6a | DG3: Anterolateral visual area, layer 6b | DH3: Anteromedial visual area, layer 1 | DI3: Anteromedial visual area, layer 2/3 | DJ3: Anteromedial visual area, layer 4 | DK3: Anteromedial visual area, layer 5 | DL3: Anteromedial visual area, layer 6a | DM3: Anteromedial visual area, layer 6b | DN3: Lateral visual area, layer 1 | DO3: Lateral visual area, layer 2/3 | DP3: Lateral visual area, layer 4 | DQ3: Lateral visual area, layer 5 | DR3: Lateral visual area, layer 6a | DS3: Lateral visual area, layer 6b | DT3: Primary visual area, layer 1 | DU3: Primary visual area, layer 2/3 | DV3: Primary visual area, layer 4 | DW3: Primary visual area, layer 5 | DX3: Primary visual area, layer 6a | DY3: Primary visual area, layer 6b | DZ3: Posterolateral visual area, layer 1 | EA3: Posterolateral visual area, layer 2/3 | EB3: Posterolateral visual area, layer 4 | EC3: Posterolateral visual area, layer 5 | ED3: Posterolateral visual area, layer 6a | EE3: Posterolateral visual area, layer 6b | EF3: posteromedial visual area, layer 1 | EG3: posteromedial visual area, layer 2/3 | EH3: posteromedial visual area, layer 4 | EI3: posteromedial visual area, layer 5 | EJ3: posteromedial visual area, layer 6a | EK3: posteromedial visual area, layer 6b | EL3: Anterior cingulate area, dorsal part, layer 1 | EM3: Anterior cingulate area, dorsal part, layer 2/3 | EN3: Anterior cingulate area, dorsal part, layer 5 | EO3: Anterior cingulate area, dorsal part, layer 6a | EP3: Anterior cingulate area, dorsal part, layer 6b | EQ3: Anterior cingulate area, ventral part, 6a | ER3: Anterior cingulate area, ventral part, 6b | ES3: Anterior cingulate area, ventral part, layer 1 | ET3: Anterior cingulate area, ventral part, layer 2/3 | EU3: Anterior cingulate area, ventral part, layer 5 | EV3: Prelimbic area, layer 1 | EW3: Prelimbic area, layer 2/3 | EX3: Prelimbic area, layer 5 | EY3: Prelimbic area, layer 6a | EZ3: Prelimbic area, layer 6b | FA3: Infralimbic area, layer 1 | FB3: Infralimbic area, layer 2/3 | FC3: Infralimbic area, layer 5 | FD3: Infralimbic area, layer 6a | FE3: Infralimbic area, layer 6b | FF3: Orbital area, lateral part, layer 1 | FG3: Orbital area, lateral part, layer 2/3 | FH3: Orbital area, lateral part, layer 5 | FI3: Orbital area, lateral part, layer 6a | FJ3: Orbital area, lateral part, layer 6b | FK3: Orbital area, medial part, layer 1 | FL3: Orbital area, medial part, layer 2/3 | FM3: Orbital area, medial part, layer 5 | FN3: Orbital area, medial part, layer 6a | FO3: Orbital area, ventrolateral part, layer 1 | FP3: Orbital area, ventrolateral part, layer 2/3 | FQ3: Orbital area, ventrolateral part, layer 5 | FR3: Orbital area, ventrolateral part, layer 6a | FS3: Orbital area, ventrolateral part, layer 6b | FT3: Agranular insular area, dorsal part | FU3: Agranular insular area, dorsal part, layer 1 | FV3: Agranular insular area, dorsal part, layer 2/3 | FW3: Agranular insular area, dorsal part, layer 5 | FX3: Agranular insular area, dorsal part, layer 6a | FY3: Agranular insular area, dorsal part, layer 6b | FZ3: Agranular insular area, posterior part, layer 1 | GA3: Agranular insular area, posterior part, layer 2/3 | GB3: Agranular insular area, posterior part, layer 5 | GC3: Agranular insular area, posterior part, layer 6a | GD3: Agranular insular area, ventral part, layer 1 | GE3: Agranular insular area, ventral part, layer 2/3 | GF3: Agranular insular area, ventral part, layer 5 | GG3: Agranular insular area, ventral part, layer 6a | GH3: Retrosplenial area, lateral agranular part | GI3: Retrosplenial area, lateral agranular part, layer 1 | GJ3: Retrosplenial area, lateral agranular part, layer 2/3 | GK3: Retrosplenial area, lateral agranular part, layer 5 | GL3: Retrosplenial area, lateral agranular part, layer 6a | GM3: Retrosplenial area, lateral agranular part, layer 6b | GN3: Retrosplenial area, dorsal part, layer 1 | GO3: Retrosplenial area, dorsal part, layer 2/3 | GP3: Retrosplenial area, dorsal part, layer 4 | GQ3: Retrosplenial area, dorsal part, layer 5 | GR3: Retrosplenial area, dorsal part, layer 6a | GS3: Retrosplenial area, dorsal part, layer 6b | GT3: Retrosplenial area, ventral part, layer 1 | GU3: Retrosplenial area, ventral part, layer 2/3 | GV3: Retrosplenial area, ventral part, layer 5 | GW3: Retrosplenial area, ventral part, layer 6a | GX3: Retrosplenial area, ventral part, layer 6b | GY3: Temporal association areas, layer 1 | GZ3: Temporal association areas, layer 2/3 | HA3: Temporal association areas, layer 4 | HB3: Temporal association areas, layer 5 | HC3: Temporal association areas, layer 6a | HD3: Temporal association areas, layer 6b | HE3: Perirhinal area, layer 1 | HF3: Perirhinal area, layer 2/3 | HG3: Perirhinal area, layer 5 | HH3: Perirhinal area, layer 6a | HI3: Perirhinal area, layer 6b | HJ3: Ectorhinal area | HK3: Ectorhinal area/Layer 1 | HL3: Ectorhinal area/Layer 2/3 | HM3: Ectorhinal area/Layer 5 | HN3: Ectorhinal area/Layer 6a | HO3: Ectorhinal area/Layer 6b | HP3: Olfactory areas | HQ3: Main olfactory bulb | HR3: Accessory olfactory bulb, glomerular layer | HS3: Accessory olfactory bulb, granular layer | HT3: Accessory olfactory bulb, mitral layer | HU3: Anterior olfactory nucleus | HV3: Taenia tecta | HW3: Dorsal peduncular area | HX3: Piriform area | HY3: Nucleus of the lateral olfactory tract, molecular layer | HZ3: Nucleus of the lateral olfactory tract, layer 3 | IA3: Cortical amygdalar area, anterior part | IB3: Cortical amygdalar area, posterior part | IC3: Piriform-amygdalar area | ID3: Postpiriform transition area | IE3: Hippocampal formation | IF3: Field CA1 | IG3: Field CA2 | IH3: Field CA3 | II3: Field CA1 ventral | IJ3: Field CA2 ventral | IK3: Field CA3 ventral | IL3: Dentate gyrus, molecular layer | IM3: Dentate gyrus, molecular layer | IN3: Dentate gyrus, polymorph layer | IO3: Dentate gyrus, granule cell layer | IP3: Dentate gyrus, granule cell layer ventral | IQ3: Dentate gyrus, subgranular zone ventral | IR3: Fasciola cinerea | IS3: Induseum griseum | IT3: Entorhinal area, lateral part | IU3: Entorhinal area, medial part, dorsal zone | IV3: Entorhinal area, medial part, ventral zone | IW3: Parasubiculum | IX3: Postsubiculum | IY3: Presubiculum | IZ3: Subiculum | JA3: Cortical subplate | JB3: Claustrum | JC3: Endopiriform nucleus, dorsal part | JD3: Endopiriform nucleus, ventral part | JE3: Lateral amygdalar nucleus | JF3: Basolateral amygdalar nucleus, anterior part | JG3: Basolateral amygdalar nucleus, posterior part | JH3: Basolateral amygdalar nucleus, ventral part | JI3: Basomedial amygdalar nucleus | JJ3: Striatum | JK3: Caudoputamen | JL3: Nucleus accumbens | JM3: Fundus of striatum | JN3: Olfactory tubercle | JO3: Lateral septal nucleus, caudal (caudodorsal) part | JP3: Lateral septal nucleus, rostral (rostroventral) part | JQ3: Lateral septal nucleus, ventral part | JR3: Septofimbrial nucleus | JS3: Septohippocampal nucleus | JT3: Striatum-like amygdalar nuclei | JU3: Anterior amygdalar area | JV3: Bed nucleus of the accessory olfactory tract | JW3: Central amygdalar nucleus | JX3: Intercalated amygdalar nucleus | JY3: Medial amygdalar nucleus | JZ3: Pallidum | KA3: Globus pallidus, internal segment | KB3: Globus pallidus, external segment | KC3: Substantia innominata | KD3: Magnocellular nucleus | KE3: Medial septal nucleus | KF3: Diagonal band nucleus | KG3: Triangular nucleus of septum | KH3: Bed nuclei of the stria terminalis | KI3: Bed nucleus of the anterior commissure | KJ3: Thalamus | KK3: Ventral anterior-lateral complex of the thalamus | KL3: Ventral medial nucleus of the thalamus | KM3: Ventral posterolateral nucleus of the thalamus | KN3: Ventral posterolateral nucleus of the thalamus, parvicellular part | KO3: Ventral posteromedial nucleus of the thalamus | KP3: Ventral posteromedial nucleus of the thalamus, parvicellular part | KQ3: Subparafascicular area | KR3: Subparafascicular nucleus, magnocellular part | KS3: Subparafascicular nucleus, parvicellular part | KT3: Peripeduncular nucleus | KU3: Medial geniculate complex | KV3: Dorsal part of the lateral geniculate complex | KW3: Lateral posterior nucleus of the thalamus | KX3: Posterior complex of the thalamus | KY3: Posterior limiting nucleus of the thalamus | KZ3: Suprageniculate nucleus | LA3: Anteroventral nucleus of thalamus | LB3: Anteromedial nucleus | LC3: Anterodorsal nucleus | LD3: Interanteromedial nucleus of the thalamus | LE3: Interanterodorsal nucleus of the thalamus | LF3: Lateral dorsal nucleus of thalamus | LG3: Mediodorsal nucleus of thalamus | LH3: Submedial nucleus of the thalamus | LI3: Perireunensis nucleus | LJ3: Parataenial nucleus | LK3: Nucleus of reunions | LL3: Rhomboid nucleus | LM3: Central medial nucleus of the thalamus | LN3: Paracentral nucleus | LO3: Central lateral nucleus of the thalamus | LP3: Parafascicular nucleus | LQ3: Reticular nucleus of the thalamus | LR3: Intergeniculate leaflet of the lateral geniculate complex | LS3: Ventral part of the lateral geniculate complex | LT3: Subgeniculate nucleus | LU3: Medial habenula | LV3: Lateral habenula | LW3: Hypothalamus | LX3: Supraoptic nucleus | LY3: Accessory supraoptic group | LZ3: Paraventricular hypothalamic nucleus | MA3: Periventricular hypothalamic nucleus, intermediate part | MB3: Arcuate hypothalamic nucleus | MC3: Anterodorsal preoptic nucleus | MD3: Anteroventral preoptic nucleus | ME3: Anteroventral periventricular nucleus | MF3: Dorsomedial nucleus of the hypothalamus | MG3: Median preoptic nucleus | MH3: Medial preoptic area | MI3: Posterodorsal preoptic nucleus | MJ3: Parastrial nucleus | MK3: Periventricular hypothalamic nucleus, posterior part | ML3: Periventricular hypothalamic nucleus, preoptic part | MM3: Subparaventricular zone | MN3: Ventrolateral preoptic nucleus | MO3: Anterior hypothalamic nucleus | MP3: Lateral mammillary nucleus | MQ3: Medial mammillary nucleus | MR3: Supramammillary nucleus | MS3: Tuberomammillary nucleus, dorsal part | MT3: Tuberomammillary nucleus, ventral part | MU3: Medial preoptic nucleus | MV3: Dorsal premammillary nucleus | MW3: Ventral premammillary nucleus | MX3: Paraventricular hypothalamic nucleus, descending division | MY3: Ventromedial hypothalamic nucleus | MZ3: Posterior hypothalamic nucleus | NA3: Lateral hypothalamic area | NB3: Lateral preoptic area | NC3: Preparasubthalamic nucleus | ND3: Parasubthalamic nucleus | NE3: Retrochiasmatic area | NF3: Subthalamic nucleus | NG3: Tuberal nucleus | NH3: Zona incerta | NI3: Fields of Forel | NJ3: Midbrain | NK3: Superior colliculus, optic layer | NL3: Superior colliculus, superficial gray layer | NM3: Inferior colliculus | NN3: Nucleus of the brachium of the inferior colliculus | NO3: Nucleus sagulum | NP3: Parabigeminal nucleus | NQ3: Midbrain trigeminal nucleus | NR3: Substantia nigra, reticular part | NS3: Ventral tegmental area | NT3: Midbrain reticular nucleus | NU3: Midbrain reticular nucleus, retrorubral area | NV3: Superior colliculus, motor related, deep gray layer | NW3: Superior colliculus, motor related, deep white layer | NX3: Superior colliculus, motor related, intermediate white layer | NY3: Superior colliculus, motor related, intermediate gray layer | NZ3: Superior colliculus, motor related, intermediate gray layer, sublayer a | OA3: Superior colliculus, motor related, intermediate gray layer, sublayer b | OB3: Superior colliculus, motor related, intermediate gray layer, sublayer c | OC3: Periaqueductal gray | OD3: Precommissural nucleus | OE3: Interstitial nucleus of Cajal | OF3: Nucleus of Darkschewitsch | OG3: Anterior pretectal nucleus | OH3: Medial pretectal area | OI3: Nucleus of the optic tract | OJ3: Nucleus of the posterior commissure | OK3: Olivary pretectal nucleus | OL3: Posterior pretectal nucleus | OM3: Cuneiform nucleus | ON3: Red nucleus | OO3: Oculomotor nucleus | OP3: Trochlear nucleus | OQ3: Ventral tegmental nucleus | OR3: Anterior tegmental nucleus | OS3: Lateral terminal nucleus of the accessory optic tract | OT3: Substantia nigra, compact part | OU3: Pedunculopontine nucleus | OV3: Interfascicular nucleus raphÃË | OW3: Interpeduncular nucleus | OX3: Central linear nucleus raphÃË | OY3: Dorsal nucleus raphÃË | OZ3: Pons | PA3: Nucleus of the lateral lemniscus | PB3: Principal sensory nucleus of the trigeminal | PC3: Parabrachial nucleus | PD3: Superior olivary complex, periolivary region | PE3: Superior olivary complex, medial part | PF3: Superior olivary complex, lateral part | PG3: Barrington's nucleus | PH3: Dorsal tegmental nucleus | PI3: Pontine central gray | PJ3: Pontine gray | PK3: Pontine reticular nucleus, caudal part | PL3: Supragenual nucleus | PM3: Supratrigeminal nucleus | PN3: Tegmental reticular nucleus | PO3: Motor nucleus of trigeminal | PP3: Superior central nucleus raphÃË | PQ3: Locus ceruleus | PR3: Laterodorsal tegmental nucleus | PS3: Nucleus incertus | PT3: Pontine reticular nucleus | PU3: Nucleus raphÃË pontis | PV3: Subceruleus nucleus | PW3: Sublaterodorsal nucleus | PX3: Medulla | PY3: Area postrema | PZ3: Dorsal cochlear nucleus | QA3: Ventral cochlear nucleus | QB3: Cuneate nucleus | QC3: Gracile nucleus | QD3: External cuneate nucleus | QE3: Nucleus of the trapezoid body | QF3: Nucleus of the solitary tract | QG3: Spinal nucleus of the trigeminal, caudal part | QH3: Spinal nucleus of the trigeminal, interpolar part | QI3: Spinal nucleus of the trigeminal, oral part | QJ3: Abducens nucleus | QK3: Facial motor nucleus | QL3: Accessory facial motor nucleus | QM3: Nucleus ambiguus, dorsal division | QN3: Nucleus ambiguus, ventral division | QO3: Dorsal motor nucleus of the vagus nerve | QP3: Gigantocellular reticular nucleus | QQ3: Infracerebellar nucleus | QR3: Inferior olivary complex | QS3: Intermediate reticular nucleus | QT3: Inferior salivatory nucleus | QU3: Linear nucleus of the medulla | QV3: Lateral reticular nucleus | QW3: Magnocellular reticular nucleus | QX3: Medullary reticular nucleus, dorsal part | QY3: Medullary reticular nucleus, ventral part | QZ3: Parvicellular reticular nucleus | RA3: Parasolitary nucleus | RB3: Paragigantocellular reticular nucleus, dorsal part | RC3: Paragigantocellular reticular nucleus, lateral part | RD3: Nucleus of Roller | RE3: Nucleus prepositus | RF3: Parapyramidal nucleus | RG3: Lateral vestibular nucleus | RH3: Medial vestibular nucleus | RI3: Spinal vestibular nucleus | RJ3: Superior vestibular nucleus | RK3: Nucleus x | RL3: Hypoglossal nucleus | RM3: Nucleus y | RN3: Nucleus raphÃË magnus | RO3: Nucleus raphÃË pallidus | RP3: Nucleus raphÃË obscurus | RQ3: Lingula (I) | RR3: Central lobule | RS3: Culmen | RT3: Declive (VI) | RU3: Folium-tuber vermis (VII) | RV3: Pyramus (VIII) | RW3: Uvula (IX) | RX3: Nodulus (X) | RY3: Simple lobule | RZ3: Ansiform lobule | SA3: Paramedian lobule | SB3: Copula pyramidis | SC3: Paraflocculus | SD3: Flocculus | SE3: Fastigial nucleus | SF3: Interposed nucleus | SG3: Dentate nucleus | SH3: fiber tracts | SI3: vomeronasal nerve | SJ3: olfactory nerve layer of main olfactory bulb | SK3: lateral olfactory tract, body | SL3: anterior commissure, olfactory limb | SM3: brachium of the inferior colliculus | SN3: optic chiasm | SO3: optic tract | SP3: medial longitudinal fascicle | SQ3: posterior commissure | SR3: trochlear nerve | SS3: motor root of the trigeminal nerve | ST3: midbrain tract of the trigeminal nerve | SU3: spinal tract of the trigeminal nerve | SV3: facial nerve | SW3: vestibular nerve | SX3: trapezoid body | SY3: lateral lemniscus | SZ3: inferior colliculus commissure | TA3: solitary tract | TB3: cuneate fascicle | TC3: medial lemniscus | TD3: superior cerebelar peduncles | TE3: middle cerebellar peduncle | TF3: inferior cerebellar peduncle | TG3: arbor vitae | TH3: corpus callosum | TI3: corticospinal tract | TJ3: external medullary lamina of the thalamus | TK3: internal capsule | TL3: cerebal peduncle | TM3: pyramid | TN3: tectospinal pathway | TO3: doral tegmental decussation | TP3: rubrospinal tract | TQ3: ventral tegmental decussation | TR3: amygdalar capsule | TS3: anterior commissure, temporal limb | TT3: cingulum bundle | TU3: alveus | TV3: dorsal fornix | TW3: fimbria | TX3: columns of the fornix | TY3: dorsal hippocampal commissure | TZ3: ventral hippocampal commissure | UA3: stria terminalis | UB3: supramammillary decussation | UC3: mammilothalmic tract | UD3: mammillotegmental tract | UE3: mammillary peduncle | UF3: stria medullaris | UG3: fasciculus retroflexus | UH3: habenular commissure | UI3: ventricular systems | UJ3: lateral ventricle | UK3: third ventricle | UL3: cerebral aqueduct | UM3: fourth ventricle | UN3: lateral recess | UO3: central canal, spinal cord/medulla | UP3: root
A4: 124 | B4: 0 | C4: =IF(OR(#REF!>2,#REF!<-2),"",#REF!) -> #REF! | D4: =IF(OR(#REF!>2,#REF!<-2),"",#REF!) -> #REF! | E4: =IF(OR(#REF!>2,#REF!<-2),"",#REF!) -> #REF! | F4: =IF(OR(#REF!>2,#REF!<-2),"",#REF!) -> #REF! | G4: =IF(OR(#REF!>2,#REF!<-2),"",#REF!) -> #REF! | H4: =IF(OR(#REF!>2,#REF!<-2),"",#REF!) -> #REF! | I4: =IF(OR(#REF!>2,#REF!<-2),"",#REF!) -> #REF! | J4: =IF(OR(#REF!>2,#REF!<-2),"",#REF!) -> #REF! | ... UP4: =IF(OR(#REF!>2,#REF!<-2),"",#REF!) -> #REF!
A5: 143 | B5: 0 | C5: =IF(OR(#REF!>2,#REF!<-2),"",#REF!) -> #REF! | D5: =IF(OR(#REF!>2,#REF!<-2),"",#REF!) -> #REF! | E5: =IF(OR(#REF!>2,#REF!<-2),"",#REF!) -> #REF! | F5: =IF(OR(#REF!>2,#REF!<-2),"",#REF!) -> #REF! | G5: =IF(OR(#REF!>2,#REF!<-2),"",#REF!) -> #REF! | H5: =IF(OR(#REF!>2,#REF!<-2),"",#REF!) -> #REF! | I5: =IF(OR(#REF!>2,#REF!<-2),"",#REF!) -> #REF! | J5: =IF(OR(#REF!>2,#REF!<-2),"",#REF!) -> #REF! | ... UP5: =IF(OR(#REF!>2,#REF!<-2),"",#REF!) -> #REF!
A6: 146 | B6: 0 | C6: =IF(OR(#REF!>2,#REF!<-2),"",#REF!) -> #REF! | D6: =IF(OR(#REF!>2,#REF!<-2),"",#REF!) -> #REF! | E6: =IF(OR(#REF!>2,#REF!<-2),"",#REF!) -> #REF! | F6: =IF(OR(#REF!>2,#REF!<-2),"",#REF!) -> #REF! | G6: =IF(OR(#REF!>2,#REF!<-2),"",#REF!) -> #REF! | H6: =IF(OR(#REF!>2,#REF!<-2),"",#REF!) -> #REF! | I6: =IF(OR(#REF!>2,#REF!<-2),"",#REF!) -> #REF! | J6: =IF(OR(#REF!>2,#REF!<-2),"",#REF!) -> #REF! | ... UP6: =IF(OR(#REF!>2,#REF!<-2),"",#REF!) -> #REF!
A7: 152 | B7: 0 | C7: =IF(OR(#REF!>2,#REF!<-2),"",#REF!) -> #REF! | D7: =IF(OR(#REF!>2,#REF!<-2),"",#REF!) -> #REF! | E7: =IF(OR(#REF!>2,#REF!<-2),"",#REF!) -> #REF! | F7: =IF(OR(#REF!>2,#REF!<-2),"",#REF!) -> #REF! | G7: =IF(OR(#REF!>2,#REF!<-2),"",#REF!) -> #REF! | H7: =IF(OR(#REF!>2,#REF!<-2),"",#REF!) -> #REF! | I7: =IF(OR(#REF!>2,#REF!<-2),"",#REF!) -> #REF! | J7: =IF(OR(#REF!>2,#REF!<-2),"",#REF!) -> #REF! | ... UP7: =IF(OR(#REF!>2,#REF!<-2),"",#REF!) -> #REF!
A8: 170 | B8: 0 | C8: =IF(OR(#REF!>2,#REF!<-2),"",#REF!) -> #REF! | D8: =IF(OR(#REF!>2,#REF!<-2),"",#REF!) -> #REF! | E8: =IF(OR(#REF!>2,#REF!<-2),"",#REF!) -> #REF! | F8: =IF(OR(#REF!>2,#REF!<-2),"",#REF!) -> #REF! | G8: =IF(OR(#REF!>2,#REF!<-2),"",#REF!) -> #REF! | H8: =IF(OR(#REF!>2,#REF!<-2),"",#REF!) -> #REF! | I8: =IF(OR(#REF!>2,#REF!<-2),"",#REF!) -> #REF! | J8: =IF(OR(#REF!>2,#REF!<-2),"",#REF!) -> #REF! | ... UP8: =IF(OR(#REF!>2,#REF!<-2),"",#REF!) -> #REF!
A9: 171 | B9: 0 | C9: =IF(OR(#REF!>2,#REF!<-2),"",#REF!) -> #REF! | D9: =IF(OR(#REF!>2,#REF!<-2),"",#REF!) -> #REF! | E9: =IF(OR(#REF!>2,#REF!<-2),"",#REF!) -> #REF! | F9: =IF(OR(#REF!>2,#REF!<-2),"",#REF!) -> #REF! | G9: =IF(OR(#REF!>2,#REF!<-2),"",#REF!) -> #REF! | H9: =IF(OR(#REF!>2,#REF!<-2),"",#REF!) -> #REF! | I9: =IF(OR(#REF!>2,#REF!<-2),"",#REF!) -> #REF! | J9: =IF(OR(#REF!>2,#REF!<-2),"",#REF!) -> #REF! | ... UP9: =IF(OR(#REF!>2,#REF!<-2),"",#REF!) -> #REF!
A10: 175 | B10: 0 | C10: =IF(OR(#REF!>2,#REF!<-2),"",#REF!) -> #REF! | D10: =IF(OR(#REF!>2,#REF!<-2),"",#REF!) -> #REF! | E10: =IF(OR(#REF!>2,#REF!<-2),"",#REF!) -> #REF! | F10: =IF(OR(#REF!>2,#REF!<-2),"",#REF!) -> #REF! | G10: =IF(OR(#REF!>2,#REF!<-2),"",#REF!) -> #REF! | H10: =IF(OR(#REF!>2,#REF!<-2),"",#REF!) -> #REF! | I10: =IF(OR(#REF!>2,#REF!<-2),"",#REF!) -> #REF! | J10: =IF(OR(#REF!>2,#REF!<-2),"",#REF!) -> #REF! | ... UP10: =IF(OR(#REF!>2,#REF!<-2),"",#REF!) -> #REF!
